"filename", "language", "JSON", "UnityShader", "C#", "UnityAssemblyDefinition", "XML", "Python", "JSON with Comments", "reStructuredText", "Shell Script", "Markdown", "Ini", "C", "Properties", "comment", "blank", "total"
"c:\Users\Torte\Documents\Unity\LogRogue\.idea\.idea.LogRogue\.idea\encodings.xml", "XML", 0, 0, 0, 0, -4, 0, 0, 0, 0, 0, 0, 0, 0, 0, 0, -4
"c:\Users\Torte\Documents\Unity\LogRogue\.idea\.idea.LogRogue\.idea\indexLayout.xml", "XML", 0, 0, 0, 0, -8, 0, 0, 0, 0, 0, 0, 0, 0, 0, 0, -8
"c:\Users\Torte\Documents\Unity\LogRogue\.idea\.idea.LogRogue\.idea\vcs.xml", "XML", 0, 0, 0, 0, -6, 0, 0, 0, 0, 0, 0, 0, 0, 0, 0, -6
"c:\Users\Torte\Documents\Unity\LogRogue\Assets\.idea\.idea.Assets.dir\.idea\encodings.xml", "XML", 0, 0, 0, 0, -4, 0, 0, 0, 0, 0, 0, 0, 0, 0, 0, -4
"c:\Users\Torte\Documents\Unity\LogRogue\Assets\.idea\.idea.Assets.dir\.idea\indexLayout.xml", "XML", 0, 0, 0, 0, -8, 0, 0, 0, 0, 0, 0, 0, 0, 0, 0, -8
"c:\Users\Torte\Documents\Unity\LogRogue\Assets\.idea\.idea.Assets.dir\.idea\vcs.xml", "XML", 0, 0, 0, 0, -6, 0, 0, 0, 0, 0, 0, 0, 0, 0, 0, -6
"c:\Users\Torte\Documents\Unity\LogRogue\Assets\Aevus\EmergencyExit\CreateInfiniteLoopDemo.cs", "C#", 0, 0, -23, 0, 0, 0, 0, 0, 0, 0, 0, 0, 0, -1, -4, -28
"c:\Users\Torte\Documents\Unity\LogRogue\Assets\Aevus\EmergencyExit\EmergencyExit.cs", "C#", 0, 0, -97, 0, 0, 0, 0, 0, 0, 0, 0, 0, 0, -17, -21, -135
"c:\Users\Torte\Documents\Unity\LogRogue\Assets\ConsolePro\ConsoleProDebug.cs", "C#", 0, 0, -78, 0, 0, 0, 0, 0, 0, 0, 0, 0, 0, -11, -10, -99
"c:\Users\Torte\Documents\Unity\LogRogue\Assets\ConsolePro\Remote\ConsoleProRemoteServer.cs", "C#", 0, 0, -189, 0, 0, 0, 0, 0, 0, 0, 0, 0, 0, -8, -52, -249
"c:\Users\Torte\Documents\Unity\LogRogue\Assets\ConsolePro\Remote\LiteNetLib\BaseChannel.cs", "C#", 0, 0, -44, 0, 0, 0, 0, 0, 0, 0, 0, 0, 0, 0, -9, -53
"c:\Users\Torte\Documents\Unity\LogRogue\Assets\ConsolePro\Remote\LiteNetLib\ConnectionRequest.cs", "C#", 0, 0, -113, 0, 0, 0, 0, 0, 0, 0, 0, 0, 0, -4, -21, -138
"c:\Users\Torte\Documents\Unity\LogRogue\Assets\ConsolePro\Remote\LiteNetLib\INetEventListener.cs", "C#", 0, 0, -151, 0, 0, 0, 0, 0, 0, 0, 0, 0, 0, -62, -35, -248
"c:\Users\Torte\Documents\Unity\LogRogue\Assets\ConsolePro\Remote\LiteNetLib\Layers\Crc32cLayer.cs", "C#", 0, 0, -34, 0, 0, 0, 0, 0, 0, 0, 0, 0, 0, -2, -6, -42
"c:\Users\Torte\Documents\Unity\LogRogue\Assets\ConsolePro\Remote\LiteNetLib\Layers\PacketLayerBase.cs", "C#", 0, 0, -14, 0, 0, 0, 0, 0, 0, 0, 0, 0, 0, 0, -4, -18
"c:\Users\Torte\Documents\Unity\LogRogue\Assets\ConsolePro\Remote\LiteNetLib\Layers\XorEncryptLayer.cs", "C#", 0, 0, -51, 0, 0, 0, 0, 0, 0, 0, 0, 0, 0, 0, -10, -61
"c:\Users\Torte\Documents\Unity\LogRogue\Assets\ConsolePro\Remote\LiteNetLib\NatPunchModule.cs", "C#", 0, 0, -201, 0, 0, 0, 0, 0, 0, 0, 0, 0, 0, -14, -31, -246
"c:\Users\Torte\Documents\Unity\LogRogue\Assets\ConsolePro\Remote\LiteNetLib\NetConstants.cs", "C#", 0, 0, -38, 0, 0, 0, 0, 0, 0, 0, 0, 0, 0, -25, -12, -75
"c:\Users\Torte\Documents\Unity\LogRogue\Assets\ConsolePro\Remote\LiteNetLib\NetDebug.cs", "C#", 0, 0, -75, 0, 0, 0, 0, 0, 0, 0, 0, 0, 0, -7, -11, -93
"c:\Users\Torte\Documents\Unity\LogRogue\Assets\ConsolePro\Remote\LiteNetLib\NetManager.cs", "C#", 0, 0, -1265, 0, 0, 0, 0, 0, 0, 0, 0, 0, 0, -391, -174, -1830
"c:\Users\Torte\Documents\Unity\LogRogue\Assets\ConsolePro\Remote\LiteNetLib\NetPacket.cs", "C#", 0, 0, -222, 0, 0, 0, 0, 0, 0, 0, 0, 0, 0, -11, -38, -271
"c:\Users\Torte\Documents\Unity\LogRogue\Assets\ConsolePro\Remote\LiteNetLib\NetPacketPool.cs", "C#", 0, 0, -63, 0, 0, 0, 0, 0, 0, 0, 0, 0, 0, -3, -10, -76
"c:\Users\Torte\Documents\Unity\LogRogue\Assets\ConsolePro\Remote\LiteNetLib\NetPeer.cs", "C#", 0, 0, -844, 0, 0, 0, 0, 0, 0, 0, 0, 0, 0, -222, -141, -1207
"c:\Users\Torte\Documents\Unity\LogRogue\Assets\ConsolePro\Remote\LiteNetLib\NetSocket.cs", "C#", 0, 0, -483, 0, 0, 0, 0, 0, 0, 0, 0, 0, 0, -17, -44, -544
"c:\Users\Torte\Documents\Unity\LogRogue\Assets\ConsolePro\Remote\LiteNetLib\NetStatistics.cs", "C#", 0, 0, -84, 0, 0, 0, 0, 0, 0, 0, 0, 0, 0, 0, -15, -99
"c:\Users\Torte\Documents\Unity\LogRogue\Assets\ConsolePro\Remote\LiteNetLib\NetUtils.cs", "C#", 0, 0, -142, 0, 0, 0, 0, 0, 0, 0, 0, 0, 0, -28, -16, -186
"c:\Users\Torte\Documents\Unity\LogRogue\Assets\ConsolePro\Remote\LiteNetLib\ReliableChannel.cs", "C#", 0, 0, -279, 0, 0, 0, 0, 0, 0, 0, 0, 0, 0, -22, -40, -341
"c:\Users\Torte\Documents\Unity\LogRogue\Assets\ConsolePro\Remote\LiteNetLib\SequencedChannel.cs", "C#", 0, 0, -103, 0, 0, 0, 0, 0, 0, 0, 0, 0, 0, 0, -11, -114
"c:\Users\Torte\Documents\Unity\LogRogue\Assets\ConsolePro\Remote\LiteNetLib\Utils\CRC32C.cs", "C#", 0, 0, -93, 0, 0, 0, 0, 0, 0, 0, 0, 0, 0, -8, -11, -112
"c:\Users\Torte\Documents\Unity\LogRogue\Assets\ConsolePro\Remote\LiteNetLib\Utils\FastBitConverter.cs", "C#", 0, 0, -103, 0, 0, 0, 0, 0, 0, 0, 0, 0, 0, 0, -16, -119
"c:\Users\Torte\Documents\Unity\LogRogue\Assets\ConsolePro\Remote\LiteNetLib\Utils\INetSerializable.cs", "C#", 0, 0, -8, 0, 0, 0, 0, 0, 0, 0, 0, 0, 0, 0, -1, -9
"c:\Users\Torte\Documents\Unity\LogRogue\Assets\ConsolePro\Remote\LiteNetLib\Utils\NetDataReader.cs", "C#", 0, 0, -601, 0, 0, 0, 0, 0, 0, 0, 0, 0, 0, 0, -94, -695
"c:\Users\Torte\Documents\Unity\LogRogue\Assets\ConsolePro\Remote\LiteNetLib\Utils\NetDataWriter.cs", "C#", 0, 0, -318, 0, 0, 0, 0, 0, 0, 0, 0, 0, 0, -21, -56, -395
"c:\Users\Torte\Documents\Unity\LogRogue\Assets\ConsolePro\Remote\LiteNetLib\Utils\NetPacketProcessor.cs", "C#", 0, 0, -217, 0, 0, 0, 0, 0, 0, 0, 0, 0, 0, -64, -33, -314
"c:\Users\Torte\Documents\Unity\LogRogue\Assets\ConsolePro\Remote\LiteNetLib\Utils\NetSerializer.cs", "C#", 0, 0, -626, 0, 0, 0, 0, 0, 0, 0, 0, 0, 0, -41, -81, -748
"c:\Users\Torte\Documents\Unity\LogRogue\Assets\ConsolePro\Remote\LiteNetLib\Utils\NtpPacket.cs", "C#", 0, 0, -149, 0, 0, 0, 0, 0, 0, 0, 0, 0, 0, -238, -39, -426
"c:\Users\Torte\Documents\Unity\LogRogue\Assets\ConsolePro\Remote\LiteNetLib\Utils\NtpRequest.cs", "C#", 0, 0, -35, 0, 0, 0, 0, 0, 0, 0, 0, 0, 0, 0, -5, -40
"c:\Users\Torte\Documents\Unity\LogRogue\Assets\Editor\AutoSave.cs", "C#", 0, 0, -188, 0, 0, 0, 0, 0, 0, 0, 0, 0, 0, -10, -30, -228
"c:\Users\Torte\Documents\Unity\LogRogue\Assets\Editor\Editor.asmdef", "UnityAssemblyDefinition", 0, 0, 0, -20, 0, 0, 0, 0, 0, 0, 0, 0, 0, 0, 0, -20
"c:\Users\Torte\Documents\Unity\LogRogue\Assets\Editor\FieldBluePrintExtension.cs", "C#", 0, 0, -78, 0, 0, 0, 0, 0, 0, 0, 0, 0, 0, -1, -13, -92
"c:\Users\Torte\Documents\Unity\LogRogue\Assets\Editor\HiArda\ReNamer\ReNamer.cs", "C#", 0, 0, -112, 0, 0, 0, 0, 0, 0, 0, 0, 0, 0, -15, -15, -142
"c:\Users\Torte\Documents\Unity\LogRogue\Assets\Editor\ItemPriceEvaluater.cs", "C#", 0, 0, -32, 0, 0, 0, 0, 0, 0, 0, 0, 0, 0, 0, -3, -35
"c:\Users\Torte\Documents\Unity\LogRogue\Assets\Editor\SceneBackup.cs", "C#", 0, 0, -12, 0, 0, 0, 0, 0, 0, 0, 0, 0, 0, 0, -1, -13
"c:\Users\Torte\Documents\Unity\LogRogue\Assets\Editor\WakaTime\AssetChangedChecker.cs", "C#", 0, 0, -21, 0, 0, 0, 0, 0, 0, 0, 0, 0, 0, -1, -6, -28
"c:\Users\Torte\Documents\Unity\LogRogue\Assets\Editor\WakaTime\ClientManager.cs", "C#", 0, 0, -62, 0, 0, 0, 0, 0, 0, 0, 0, 0, 0, 0, -14, -76
"c:\Users\Torte\Documents\Unity\LogRogue\Assets\Editor\WakaTime\Constants.cs", "C#", 0, 0, -11, 0, 0, 0, 0, 0, 0, 0, 0, 0, 0, 0, -1, -12
"c:\Users\Torte\Documents\Unity\LogRogue\Assets\Editor\WakaTime\Main.cs", "C#", 0, 0, -154, 0, 0, 0, 0, 0, 0, 0, 0, 0, 0, -3, -47, -204
"c:\Users\Torte\Documents\Unity\LogRogue\Assets\Editor\WakaTime\PythonInstaller.cs", "C#", 0, 0, -91, 0, 0, 0, 0, 0, 0, 0, 0, 0, 0, -1, -24, -116
"c:\Users\Torte\Documents\Unity\LogRogue\Assets\Editor\WakaTime\PythonManager.cs", "C#", 0, 0, -127, 0, 0, 0, 0, 0, 0, 0, 0, 0, 0, -4, -30, -161
"c:\Users\Torte\Documents\Unity\LogRogue\Assets\Editor\WakaTime\SceneDirtyChecker.cs", "C#", 0, 0, -23, 0, 0, 0, 0, 0, 0, 0, 0, 0, 0, 0, -8, -31
"c:\Users\Torte\Documents\Unity\LogRogue\Assets\Editor\WakaTime\Window.cs", "C#", 0, 0, -34, 0, 0, 0, 0, 0, 0, 0, 0, 0, 0, 0, -12, -46
"c:\Users\Torte\Documents\Unity\LogRogue\Assets\Editor\WakaTime\client\HISTORY.rst", "reStructuredText", 0, 0, 0, 0, 0, 0, 0, -451, 0, 0, 0, 0, 0, 0, -356, -807
"c:\Users\Torte\Documents\Unity\LogRogue\Assets\Editor\WakaTime\client\README.rst", "reStructuredText", 0, 0, 0, 0, 0, 0, 0, -98, 0, 0, 0, 0, 0, -4, -44, -146
"c:\Users\Torte\Documents\Unity\LogRogue\Assets\Editor\WakaTime\client\setup.cfg", "Properties", 0, 0, 0, 0, 0, 0, 0, 0, 0, 0, 0, 0, -7, 0, -1, -8
"c:\Users\Torte\Documents\Unity\LogRogue\Assets\Editor\WakaTime\client\setup.py", "Python", 0, 0, 0, 0, 0, -42, 0, 0, 0, 0, 0, 0, 0, 0, -4, -46
"c:\Users\Torte\Documents\Unity\LogRogue\Assets\Editor\WakaTime\client\tox.ini", "Ini", 0, 0, 0, 0, 0, 0, 0, 0, 0, 0, -7, 0, 0, 0, -1, -8
"c:\Users\Torte\Documents\Unity\LogRogue\Assets\Editor\WakaTime\client\wakatime\__about__.py", "Python", 0, 0, 0, 0, 0, -9, 0, 0, 0, 0, 0, 0, 0, 0, -1, -10
"c:\Users\Torte\Documents\Unity\LogRogue\Assets\Editor\WakaTime\client\wakatime\__init__.py", "Python", 0, 0, 0, 0, 0, -10, 0, 0, 0, 0, 0, 0, 0, -1, -7, -18
"c:\Users\Torte\Documents\Unity\LogRogue\Assets\Editor\WakaTime\client\wakatime\api.py", "Python", 0, 0, 0, 0, 0, -183, 0, 0, 0, 0, 0, 0, 0, -4, -40, -227
"c:\Users\Torte\Documents\Unity\LogRogue\Assets\Editor\WakaTime\client\wakatime\arguments.py", "Python", 0, 0, 0, 0, 0, -249, 0, 0, 0, 0, 0, 0, 0, -6, -25, -280
"c:\Users\Torte\Documents\Unity\LogRogue\Assets\Editor\WakaTime\client\wakatime\cli.py", "Python", 0, 0, 0, 0, 0, -19, 0, 0, 0, 0, 0, 0, 0, -7, -10, -36
"c:\Users\Torte\Documents\Unity\LogRogue\Assets\Editor\WakaTime\client\wakatime\compat.py", "Python", 0, 0, 0, 0, 0, -82, 0, 0, 0, 0, 0, 0, 0, -1, -18, -101
"c:\Users\Torte\Documents\Unity\LogRogue\Assets\Editor\WakaTime\client\wakatime\configs.py", "Python", 0, 0, 0, 0, 0, -44, 0, 0, 0, 0, 0, 0, 0, -2, -19, -65
"c:\Users\Torte\Documents\Unity\LogRogue\Assets\Editor\WakaTime\client\wakatime\constants.py", "Python", 0, 0, 0, 0, 0, -37, 0, 0, 0, 0, 0, 0, 0, -1, -10, -48
"c:\Users\Torte\Documents\Unity\LogRogue\Assets\Editor\WakaTime\client\wakatime\dependencies\__init__.py", "Python", 0, 0, 0, 0, 0, -107, 0, 0, 0, 0, 0, 0, 0, -1, -22, -130
"c:\Users\Torte\Documents\Unity\LogRogue\Assets\Editor\WakaTime\client\wakatime\dependencies\c_cpp.py", "Python", 0, 0, 0, 0, 0, -39, 0, 0, 0, 0, 0, 0, 0, -1, -12, -52
"c:\Users\Torte\Documents\Unity\LogRogue\Assets\Editor\WakaTime\client\wakatime\dependencies\data.py", "Python", 0, 0, 0, 0, 0, -49, 0, 0, 0, 0, 0, 0, 0, -1, -15, -65
"c:\Users\Torte\Documents\Unity\LogRogue\Assets\Editor\WakaTime\client\wakatime\dependencies\dotnet.py", "Python", 0, 0, 0, 0, 0, -52, 0, 0, 0, 0, 0, 0, 0, -1, -12, -65
"c:\Users\Torte\Documents\Unity\LogRogue\Assets\Editor\WakaTime\client\wakatime\dependencies\go.py", "Python", 0, 0, 0, 0, 0, -63, 0, 0, 0, 0, 0, 0, 0, -1, -14, -78
"c:\Users\Torte\Documents\Unity\LogRogue\Assets\Editor\WakaTime\client\wakatime\dependencies\jvm.py", "Python", 0, 0, 0, 0, 0, -77, 0, 0, 0, 0, 0, 0, 0, -1, -19, -97
"c:\Users\Torte\Documents\Unity\LogRogue\Assets\Editor\WakaTime\client\wakatime\dependencies\php.py", "Python", 0, 0, 0, 0, 0, -70, 0, 0, 0, 0, 0, 0, 0, -1, -15, -86
"c:\Users\Torte\Documents\Unity\LogRogue\Assets\Editor\WakaTime\client\wakatime\dependencies\python.py", "Python", 0, 0, 0, 0, 0, -69, 0, 0, 0, 0, 0, 0, 0, -1, -14, -84
"c:\Users\Torte\Documents\Unity\LogRogue\Assets\Editor\WakaTime\client\wakatime\dependencies\templates.py", "Python", 0, 0, 0, 0, 0, -157, 0, 0, 0, 0, 0, 0, 0, -2, -45, -204
"c:\Users\Torte\Documents\Unity\LogRogue\Assets\Editor\WakaTime\client\wakatime\dependencies\unknown.py", "Python", 0, 0, 0, 0, 0, -22, 0, 0, 0, 0, 0, 0, 0, -1, -11, -34
"c:\Users\Torte\Documents\Unity\LogRogue\Assets\Editor\WakaTime\client\wakatime\exceptions.py", "Python", 0, 0, 0, 0, 0, -9, 0, 0, 0, 0, 0, 0, 0, -1, -5, -15
"c:\Users\Torte\Documents\Unity\LogRogue\Assets\Editor\WakaTime\client\wakatime\heartbeat.py", "Python", 0, 0, 0, 0, 0, -161, 0, 0, 0, 0, 0, 0, 0, -1, -43, -205
"c:\Users\Torte\Documents\Unity\LogRogue\Assets\Editor\WakaTime\client\wakatime\language_priorities.py", "Python", 0, 0, 0, 0, 0, -13, 0, 0, 0, 0, 0, 0, 0, -1, -5, -19
"c:\Users\Torte\Documents\Unity\LogRogue\Assets\Editor\WakaTime\client\wakatime\languages\default.json", "JSON", -81, 0, 0, 0, 0, 0, 0, 0, 0, 0, 0, 0, 0, 0, -1, -82
"c:\Users\Torte\Documents\Unity\LogRogue\Assets\Editor\WakaTime\client\wakatime\languages\vim.json", "JSON", -531, 0, 0, 0, 0, 0, 0, 0, 0, 0, 0, 0, 0, 0, -1, -532
"c:\Users\Torte\Documents\Unity\LogRogue\Assets\Editor\WakaTime\client\wakatime\logger.py", "Python", 0, 0, 0, 0, 0, -97, 0, 0, 0, 0, 0, 0, 0, -2, -17, -116
"c:\Users\Torte\Documents\Unity\LogRogue\Assets\Editor\WakaTime\client\wakatime\main.py", "Python", 0, 0, 0, 0, 0, -59, 0, 0, 0, 0, 0, 0, 0, -1, -19, -79
"c:\Users\Torte\Documents\Unity\LogRogue\Assets\Editor\WakaTime\client\wakatime\offlinequeue.py", "Python", 0, 0, 0, 0, 0, -100, 0, 0, 0, 0, 0, 0, 0, -1, -25, -126
"c:\Users\Torte\Documents\Unity\LogRogue\Assets\Editor\WakaTime\client\wakatime\packages\__init__.py", "Python", 0, 0, 0, 0, 0, 0, 0, 0, 0, 0, 0, 0, 0, 0, -1, -1
"c:\Users\Torte\Documents\Unity\LogRogue\Assets\Editor\WakaTime\client\wakatime\packages\argparse.py", "Python", 0, 0, 0, 0, 0, -1640, 0, 0, 0, 0, 0, 0, 0, -313, -426, -2379
"c:\Users\Torte\Documents\Unity\LogRogue\Assets\Editor\WakaTime\client\wakatime\packages\certifi\__init__.py", "Python", 0, 0, 0, 0, 0, -2, 0, 0, 0, 0, 0, 0, 0, 0, -2, -4
"c:\Users\Torte\Documents\Unity\LogRogue\Assets\Editor\WakaTime\client\wakatime\packages\certifi\__main__.py", "Python", 0, 0, 0, 0, 0, -2, 0, 0, 0, 0, 0, 0, 0, 0, -1, -3
"c:\Users\Torte\Documents\Unity\LogRogue\Assets\Editor\WakaTime\client\wakatime\packages\certifi\core.py", "Python", 0, 0, 0, 0, 0, -24, 0, 0, 0, 0, 0, 0, 0, -2, -11, -37
"c:\Users\Torte\Documents\Unity\LogRogue\Assets\Editor\WakaTime\client\wakatime\packages\chardet\__init__.py", "Python", 0, 0, 0, 0, 0, -18, 0, 0, 0, 0, 0, 0, 0, -16, -6, -40
"c:\Users\Torte\Documents\Unity\LogRogue\Assets\Editor\WakaTime\client\wakatime\packages\chardet\big5freq.py", "Python", 0, 0, 0, 0, 0, -340, 0, 0, 0, 0, 0, 0, 0, -41, -6, -387
"c:\Users\Torte\Documents\Unity\LogRogue\Assets\Editor\WakaTime\client\wakatime\packages\chardet\big5prober.py", "Python", 0, 0, 0, 0, 0, -16, 0, 0, 0, 0, 0, 0, 0, -26, -6, -48
"c:\Users\Torte\Documents\Unity\LogRogue\Assets\Editor\WakaTime\client\wakatime\packages\chardet\chardistribution.py", "Python", 0, 0, 0, 0, 0, -134, 0, 0, 0, 0, 0, 0, 0, -70, -30, -234
"c:\Users\Torte\Documents\Unity\LogRogue\Assets\Editor\WakaTime\client\wakatime\packages\chardet\charsetgroupprober.py", "Python", 0, 0, 0, 0, 0, -72, 0, 0, 0, 0, 0, 0, 0, -26, -9, -107
"c:\Users\Torte\Documents\Unity\LogRogue\Assets\Editor\WakaTime\client\wakatime\packages\chardet\charsetprober.py", "Python", 0, 0, 0, 0, 0, -76, 0, 0, 0, 0, 0, 0, 0, -44, -26, -146
"c:\Users\Torte\Documents\Unity\LogRogue\Assets\Editor\WakaTime\client\wakatime\packages\chardet\cli\__init__.py", "Python", 0, 0, 0, 0, 0, 0, 0, 0, 0, 0, 0, 0, 0, 0, -2, -2
"c:\Users\Torte\Documents\Unity\LogRogue\Assets\Editor\WakaTime\client\wakatime\packages\chardet\cli\chardetect.py", "Python", 0, 0, 0, 0, 0, -66, 0, 0, 0, 0, 0, 0, 0, -3, -17, -86
"c:\Users\Torte\Documents\Unity\LogRogue\Assets\Editor\WakaTime\client\wakatime\packages\chardet\codingstatemachine.py", "Python", 0, 0, 0, 0, 0, -47, 0, 0, 0, 0, 0, 0, 0, -29, -13, -89
"c:\Users\Torte\Documents\Unity\LogRogue\Assets\Editor\WakaTime\client\wakatime\packages\chardet\compat.py", "Python", 0, 0, 0, 0, 0, -11, 0, 0, 0, 0, 0, 0, 0, -20, -4, -35
"c:\Users\Torte\Documents\Unity\LogRogue\Assets\Editor\WakaTime\client\wakatime\packages\chardet\cp949prober.py", "Python", 0, 0, 0, 0, 0, -16, 0, 0, 0, 0, 0, 0, 0, -28, -6, -50
"c:\Users\Torte\Documents\Unity\LogRogue\Assets\Editor\WakaTime\client\wakatime\packages\chardet\enums.py", "Python", 0, 0, 0, 0, 0, -61, 0, 0, 0, 0, 0, 0, 0, 0, -16, -77
"c:\Users\Torte\Documents\Unity\LogRogue\Assets\Editor\WakaTime\client\wakatime\packages\chardet\escprober.py", "Python", 0, 0, 0, 0, 0, -65, 0, 0, 0, 0, 0, 0, 0, -26, -11, -102
"c:\Users\Torte\Documents\Unity\LogRogue\Assets\Editor\WakaTime\client\wakatime\packages\chardet\escsm.py", "Python", 0, 0, 0, 0, 0, -201, 0, 0, 0, 0, 0, 0, 0, -26, -20, -247
"c:\Users\Torte\Documents\Unity\LogRogue\Assets\Editor\WakaTime\client\wakatime\packages\chardet\eucjpprober.py", "Python", 0, 0, 0, 0, 0, -54, 0, 0, 0, 0, 0, 0, 0, -27, -12, -93
"c:\Users\Torte\Documents\Unity\LogRogue\Assets\Editor\WakaTime\client\wakatime\packages\chardet\euckrfreq.py", "Python", 0, 0, 0, 0, 0, -151, 0, 0, 0, 0, 0, 0, 0, -38, -7, -196
"c:\Users\Torte\Documents\Unity\LogRogue\Assets\Editor\WakaTime\client\wakatime\packages\chardet\euckrprober.py", "Python", 0, 0, 0, 0, 0, -16, 0, 0, 0, 0, 0, 0, 0, -26, -6, -48
"c:\Users\Torte\Documents\Unity\LogRogue\Assets\Editor\WakaTime\client\wakatime\packages\chardet\euctwfreq.py", "Python", 0, 0, 0, 0, 0, -340, 0, 0, 0, 0, 0, 0, 0, -41, -7, -388
"c:\Users\Torte\Documents\Unity\LogRogue\Assets\Editor\WakaTime\client\wakatime\packages\chardet\euctwprober.py", "Python", 0, 0, 0, 0, 0, -16, 0, 0, 0, 0, 0, 0, 0, -26, -5, -47
"c:\Users\Torte\Documents\Unity\LogRogue\Assets\Editor\WakaTime\client\wakatime\packages\chardet\gb2312freq.py", "Python", 0, 0, 0, 0, 0, -239, 0, 0, 0, 0, 0, 0, 0, -38, -7, -284
"c:\Users\Torte\Documents\Unity\LogRogue\Assets\Editor\WakaTime\client\wakatime\packages\chardet\gb2312prober.py", "Python", 0, 0, 0, 0, 0, -16, 0, 0, 0, 0, 0, 0, 0, -26, -5, -47
"c:\Users\Torte\Documents\Unity\LogRogue\Assets\Editor\WakaTime\client\wakatime\packages\chardet\hebrewprober.py", "Python", 0, 0, 0, 0, 0, -83, 0, 0, 0, 0, 0, 0, 0, -186, -24, -293
"c:\Users\Torte\Documents\Unity\LogRogue\Assets\Editor\WakaTime\client\wakatime\packages\chardet\jisfreq.py", "Python", 0, 0, 0, 0, 0, -277, 0, 0, 0, 0, 0, 0, 0, -41, -8, -326
"c:\Users\Torte\Documents\Unity\LogRogue\Assets\Editor\WakaTime\client\wakatime\packages\chardet\jpcntx.py", "Python", 0, 0, 0, 0, 0, -169, 0, 0, 0, 0, 0, 0, 0, -44, -21, -234
"c:\Users\Torte\Documents\Unity\LogRogue\Assets\Editor\WakaTime\client\wakatime\packages\chardet\langbulgarianmodel.py", "Python", 0, 0, 0, 0, 0, -182, 0, 0, 0, 0, 0, 0, 0, -39, -8, -229
"c:\Users\Torte\Documents\Unity\LogRogue\Assets\Editor\WakaTime\client\wakatime\packages\chardet\langcyrillicmodel.py", "Python", 0, 0, 0, 0, 0, -286, 0, 0, 0, 0, 0, 0, 0, -34, -14, -334
"c:\Users\Torte\Documents\Unity\LogRogue\Assets\Editor\WakaTime\client\wakatime\packages\chardet\langgreekmodel.py", "Python", 0, 0, 0, 0, 0, -182, 0, 0, 0, 0, 0, 0, 0, -37, -7, -226
"c:\Users\Torte\Documents\Unity\LogRogue\Assets\Editor\WakaTime\client\wakatime\packages\chardet\langhebrewmodel.py", "Python", 0, 0, 0, 0, 0, -156, 0, 0, 0, 0, 0, 0, 0, -40, -5, -201
"c:\Users\Torte\Documents\Unity\LogRogue\Assets\Editor\WakaTime\client\wakatime\packages\chardet\langhungarianmodel.py", "Python", 0, 0, 0, 0, 0, -182, 0, 0, 0, 0, 0, 0, 0, -37, -7, -226
"c:\Users\Torte\Documents\Unity\LogRogue\Assets\Editor\WakaTime\client\wakatime\packages\chardet\langthaimodel.py", "Python", 0, 0, 0, 0, 0, -156, 0, 0, 0, 0, 0, 0, 0, -38, -6, -200
"c:\Users\Torte\Documents\Unity\LogRogue\Assets\Editor\WakaTime\client\wakatime\packages\chardet\langturkishmodel.py", "Python", 0, 0, 0, 0, 0, -156, 0, 0, 0, 0, 0, 0, 0, -33, -5, -194
"c:\Users\Torte\Documents\Unity\LogRogue\Assets\Editor\WakaTime\client\wakatime\packages\chardet\latin1prober.py", "Python", 0, 0, 0, 0, 0, -97, 0, 0, 0, 0, 0, 0, 0, -34, -15, -146
"c:\Users\Torte\Documents\Unity\LogRogue\Assets\Editor\WakaTime\client\wakatime\packages\chardet\mbcharsetprober.py", "Python", 0, 0, 0, 0, 0, -51, 0, 0, 0, 0, 0, 0, 0, -28, -13, -92
"c:\Users\Torte\Documents\Unity\LogRogue\Assets\Editor\WakaTime\client\wakatime\packages\chardet\mbcsgroupprober.py", "Python", 0, 0, 0, 0, 0, -23, 0, 0, 0, 0, 0, 0, 0, -28, -4, -55
"c:\Users\Torte\Documents\Unity\LogRogue\Assets\Editor\WakaTime\client\wakatime\packages\chardet\mbcssm.py", "Python", 0, 0, 0, 0, 0, -476, 0, 0, 0, 0, 0, 0, 0, -44, -53, -573
"c:\Users\Torte\Documents\Unity\LogRogue\Assets\Editor\WakaTime\client\wakatime\packages\chardet\sbcharsetprober.py", "Python", 0, 0, 0, 0, 0, -83, 0, 0, 0, 0, 0, 0, 0, -38, -12, -133
"c:\Users\Torte\Documents\Unity\LogRogue\Assets\Editor\WakaTime\client\wakatime\packages\chardet\sbcsgroupprober.py", "Python", 0, 0, 0, 0, 0, -37, 0, 0, 0, 0, 0, 0, 0, -32, -5, -74
"c:\Users\Torte\Documents\Unity\LogRogue\Assets\Editor\WakaTime\client\wakatime\packages\chardet\sjisprober.py", "Python", 0, 0, 0, 0, 0, -55, 0, 0, 0, 0, 0, 0, 0, -26, -12, -93
"c:\Users\Torte\Documents\Unity\LogRogue\Assets\Editor\WakaTime\client\wakatime\packages\chardet\universaldetector.py", "Python", 0, 0, 0, 0, 0, -202, 0, 0, 0, 0, 0, 0, 0, -55, -30, -287
"c:\Users\Torte\Documents\Unity\LogRogue\Assets\Editor\WakaTime\client\wakatime\packages\chardet\utf8prober.py", "Python", 0, 0, 0, 0, 0, -44, 0, 0, 0, 0, 0, 0, 0, -26, -13, -83
"c:\Users\Torte\Documents\Unity\LogRogue\Assets\Editor\WakaTime\client\wakatime\packages\chardet\version.py", "Python", 0, 0, 0, 0, 0, -7, 0, 0, 0, 0, 0, 0, 0, 0, -3, -10
"c:\Users\Torte\Documents\Unity\LogRogue\Assets\Editor\WakaTime\client\wakatime\packages\configparser\__init__.py", "Python", 0, 0, 0, 0, 0, -1104, 0, 0, 0, 0, 0, 0, 0, -72, -215, -1391
"c:\Users\Torte\Documents\Unity\LogRogue\Assets\Editor\WakaTime\client\wakatime\packages\configparser\helpers.py", "Python", 0, 0, 0, 0, 0, -126, 0, 0, 0, 0, 0, 0, 0, -5, -41, -172
"c:\Users\Torte\Documents\Unity\LogRogue\Assets\Editor\WakaTime\client\wakatime\packages\idna\__init__.py", "Python", 0, 0, 0, 0, 0, -2, 0, 0, 0, 0, 0, 0, 0, 0, -1, -3
"c:\Users\Torte\Documents\Unity\LogRogue\Assets\Editor\WakaTime\client\wakatime\packages\idna\codec.py", "Python", 0, 0, 0, 0, 0, -88, 0, 0, 0, 0, 0, 0, 0, -5, -26, -119
"c:\Users\Torte\Documents\Unity\LogRogue\Assets\Editor\WakaTime\client\wakatime\packages\idna\compat.py", "Python", 0, 0, 0, 0, 0, -8, 0, 0, 0, 0, 0, 0, 0, 0, -5, -13
"c:\Users\Torte\Documents\Unity\LogRogue\Assets\Editor\WakaTime\client\wakatime\packages\idna\core.py", "Python", 0, 0, 0, 0, 0, -295, 0, 0, 0, 0, 0, 0, 0, -8, -85, -388
"c:\Users\Torte\Documents\Unity\LogRogue\Assets\Editor\WakaTime\client\wakatime\packages\idna\idnadata.py", "Python", 0, 0, 0, 0, 0, -1583, 0, 0, 0, 0, 0, 0, 0, -1, -2, -1586
"c:\Users\Torte\Documents\Unity\LogRogue\Assets\Editor\WakaTime\client\wakatime\packages\idna\intranges.py", "Python", 0, 0, 0, 0, 0, -41, 0, 0, 0, 0, 0, 0, 0, -3, -10, -54
"c:\Users\Torte\Documents\Unity\LogRogue\Assets\Editor\WakaTime\client\wakatime\packages\idna\package_data.py", "Python", 0, 0, 0, 0, 0, -1, 0, 0, 0, 0, 0, 0, 0, 0, -2, -3
"c:\Users\Torte\Documents\Unity\LogRogue\Assets\Editor\WakaTime\client\wakatime\packages\idna\uts46data.py", "Python", 0, 0, 0, 0, 0, -7556, 0, 0, 0, 0, 0, 0, 0, -2, -77, -7635
"c:\Users\Torte\Documents\Unity\LogRogue\Assets\Editor\WakaTime\client\wakatime\packages\ntlm_auth\U32.py", "Python", 0, 0, 0, 0, 0, -103, 0, 0, 0, 0, 0, 0, 0, -13, -41, -157
"c:\Users\Torte\Documents\Unity\LogRogue\Assets\Editor\WakaTime\client\wakatime\packages\ntlm_auth\__init__.py", "Python", 0, 0, 0, 0, 0, -2, 0, 0, 0, 0, 0, 0, 0, 0, -1, -3
"c:\Users\Torte\Documents\Unity\LogRogue\Assets\Editor\WakaTime\client\wakatime\packages\ntlm_auth\compute_hash.py", "Python", 0, 0, 0, 0, 0, -48, 0, 0, 0, 0, 0, 0, 0, -12, -20, -80
"c:\Users\Torte\Documents\Unity\LogRogue\Assets\Editor\WakaTime\client\wakatime\packages\ntlm_auth\compute_keys.py", "Python", 0, 0, 0, 0, 0, -102, 0, 0, 0, 0, 0, 0, 0, -10, -26, -138
"c:\Users\Torte\Documents\Unity\LogRogue\Assets\Editor\WakaTime\client\wakatime\packages\ntlm_auth\compute_response.py", "Python", 0, 0, 0, 0, 0, -299, 0, 0, 0, 0, 0, 0, 0, -21, -77, -397
"c:\Users\Torte\Documents\Unity\LogRogue\Assets\Editor\WakaTime\client\wakatime\packages\ntlm_auth\constants.py", "Python", 0, 0, 0, 0, 0, -70, 0, 0, 0, 0, 0, 0, 0, -11, -12, -93
"c:\Users\Torte\Documents\Unity\LogRogue\Assets\Editor\WakaTime\client\wakatime\packages\ntlm_auth\des.py", "Python", 0, 0, 0, 0, 0, -49, 0, 0, 0, 0, 0, 0, 0, -15, -25, -89
"c:\Users\Torte\Documents\Unity\LogRogue\Assets\Editor\WakaTime\client\wakatime\packages\ntlm_auth\des_c.py", "Python", 0, 0, 0, 0, 0, -158, 0, 0, 0, 0, 0, 0, 0, -44, -53, -255
"c:\Users\Torte\Documents\Unity\LogRogue\Assets\Editor\WakaTime\client\wakatime\packages\ntlm_auth\des_data.py", "Python", 0, 0, 0, 0, 0, -295, 0, 0, 0, 0, 0, 0, 0, -31, -23, -349
"c:\Users\Torte\Documents\Unity\LogRogue\Assets\Editor\WakaTime\client\wakatime\packages\ntlm_auth\gss_channel_bindings.py", "Python", 0, 0, 0, 0, 0, -45, 0, 0, 0, 0, 0, 0, 0, -12, -10, -67
"c:\Users\Torte\Documents\Unity\LogRogue\Assets\Editor\WakaTime\client\wakatime\packages\ntlm_auth\messages.py", "Python", 0, 0, 0, 0, 0, -266, 0, 0, 0, 0, 0, 0, 0, -30, -64, -360
"c:\Users\Torte\Documents\Unity\LogRogue\Assets\Editor\WakaTime\client\wakatime\packages\ntlm_auth\ntlm.py", "Python", 0, 0, 0, 0, 0, -106, 0, 0, 0, 0, 0, 0, 0, -13, -28, -147
"c:\Users\Torte\Documents\Unity\LogRogue\Assets\Editor\WakaTime\client\wakatime\packages\ntlm_auth\rc4.py", "Python", 0, 0, 0, 0, 0, -31, 0, 0, 0, 0, 0, 0, 0, -13, -8, -52
"c:\Users\Torte\Documents\Unity\LogRogue\Assets\Editor\WakaTime\client\wakatime\packages\ntlm_auth\session_security.py", "Python", 0, 0, 0, 0, 0, -185, 0, 0, 0, 0, 0, 0, 0, -10, -56, -251
"c:\Users\Torte\Documents\Unity\LogRogue\Assets\Editor\WakaTime\client\wakatime\packages\ntlm_auth\target_info.py", "Python", 0, 0, 0, 0, 0, -55, 0, 0, 0, 0, 0, 0, 0, -3, -10, -68
"c:\Users\Torte\Documents\Unity\LogRogue\Assets\Editor\WakaTime\client\wakatime\packages\ordereddict.py", "Python", 0, 0, 0, 0, 0, -89, 0, 0, 0, 0, 0, 0, 0, -21, -18, -128
"c:\Users\Torte\Documents\Unity\LogRogue\Assets\Editor\WakaTime\client\wakatime\packages\pygments\__init__.py", "Python", 0, 0, 0, 0, 0, -70, 0, 0, 0, 0, 0, 0, 0, -1, -20, -91
"c:\Users\Torte\Documents\Unity\LogRogue\Assets\Editor\WakaTime\client\wakatime\packages\pygments\cmdline.py", "Python", 0, 0, 0, 0, 0, -455, 0, 0, 0, 0, 0, 0, 0, -38, -81, -574
"c:\Users\Torte\Documents\Unity\LogRogue\Assets\Editor\WakaTime\client\wakatime\packages\pygments\console.py", "Python", 0, 0, 0, 0, 0, -57, 0, 0, 0, 0, 0, 0, 0, -1, -17, -75
"c:\Users\Torte\Documents\Unity\LogRogue\Assets\Editor\WakaTime\client\wakatime\packages\pygments\filter.py", "Python", 0, 0, 0, 0, 0, -57, 0, 0, 0, 0, 0, 0, 0, -2, -16, -75
"c:\Users\Torte\Documents\Unity\LogRogue\Assets\Editor\WakaTime\client\wakatime\packages\pygments\filters\__init__.py", "Python", 0, 0, 0, 0, 0, -279, 0, 0, 0, 0, 0, 0, 0, -4, -68, -351
"c:\Users\Torte\Documents\Unity\LogRogue\Assets\Editor\WakaTime\client\wakatime\packages\pygments\formatter.py", "Python", 0, 0, 0, 0, 0, -68, 0, 0, 0, 0, 0, 0, 0, -8, -20, -96
"c:\Users\Torte\Documents\Unity\LogRogue\Assets\Editor\WakaTime\client\wakatime\packages\pygments\formatters\__init__.py", "Python", 0, 0, 0, 0, 0, -116, 0, 0, 0, 0, 0, 0, 0, -5, -33, -154
"c:\Users\Torte\Documents\Unity\LogRogue\Assets\Editor\WakaTime\client\wakatime\packages\pygments\formatters\_mapping.py", "Python", 0, 0, 0, 0, 0, -63, 0, 0, 0, 0, 0, 0, 0, -11, -12, -86
"c:\Users\Torte\Documents\Unity\LogRogue\Assets\Editor\WakaTime\client\wakatime\packages\pygments\formatters\bbcode.py", "Python", 0, 0, 0, 0, 0, -85, 0, 0, 0, 0, 0, 0, 0, -2, -23, -110
"c:\Users\Torte\Documents\Unity\LogRogue\Assets\Editor\WakaTime\client\wakatime\packages\pygments\formatters\html.py", "Python", 0, 0, 0, 0, 0, -695, 0, 0, 0, 0, 0, 0, 0, -19, -138, -852
"c:\Users\Torte\Documents\Unity\LogRogue\Assets\Editor\WakaTime\client\wakatime\packages\pygments\formatters\img.py", "Python", 0, 0, 0, 0, 0, -482, 0, 0, 0, 0, 0, 0, 0, -17, -102, -601
"c:\Users\Torte\Documents\Unity\LogRogue\Assets\Editor\WakaTime\client\wakatime\packages\pygments\formatters\irc.py", "Python", 0, 0, 0, 0, 0, -149, 0, 0, 0, 0, 0, 0, 0, -5, -29, -183
"c:\Users\Torte\Documents\Unity\LogRogue\Assets\Editor\WakaTime\client\wakatime\packages\pygments\formatters\latex.py", "Python", 0, 0, 0, 0, 0, -371, 0, 0, 0, 0, 0, 0, 0, -44, -68, -483
"c:\Users\Torte\Documents\Unity\LogRogue\Assets\Editor\WakaTime\client\wakatime\packages\pygments\formatters\other.py", "Python", 0, 0, 0, 0, 0, -131, 0, 0, 0, 0, 0, 0, 0, -4, -26, -161
"c:\Users\Torte\Documents\Unity\LogRogue\Assets\Editor\WakaTime\client\wakatime\packages\pygments\formatters\rtf.py", "Python", 0, 0, 0, 0, 0, -111, 0, 0, 0, 0, 0, 0, 0, -10, -27, -148
"c:\Users\Torte\Documents\Unity\LogRogue\Assets\Editor\WakaTime\client\wakatime\packages\pygments\formatters\svg.py", "Python", 0, 0, 0, 0, 0, -128, 0, 0, 0, 0, 0, 0, 0, -1, -25, -154
"c:\Users\Torte\Documents\Unity\LogRogue\Assets\Editor\WakaTime\client\wakatime\packages\pygments\formatters\terminal.py", "Python", 0, 0, 0, 0, 0, -102, 0, 0, 0, 0, 0, 0, 0, -8, -27, -137
"c:\Users\Torte\Documents\Unity\LogRogue\Assets\Editor\WakaTime\client\wakatime\packages\pygments\formatters\terminal256.py", "Python", 0, 0, 0, 0, 0, -231, 0, 0, 0, 0, 0, 0, 0, -24, -55, -310
"c:\Users\Torte\Documents\Unity\LogRogue\Assets\Editor\WakaTime\client\wakatime\packages\pygments\lexer.py", "Python", 0, 0, 0, 0, 0, -676, 0, 0, 0, 0, 0, 0, 0, -69, -127, -872
"c:\Users\Torte\Documents\Unity\LogRogue\Assets\Editor\WakaTime\client\wakatime\packages\pygments\lexers\__init__.py", "Python", 0, 0, 0, 0, 0, -244, 0, 0, 0, 0, 0, 0, 0, -23, -63, -330
"c:\Users\Torte\Documents\Unity\LogRogue\Assets\Editor\WakaTime\client\wakatime\packages\pygments\lexers\_asy_builtins.py", "Python", 0, 0, 0, 0, 0, -1639, 0, 0, 0, 0, 0, 0, 0, -1, -6, -1646
"c:\Users\Torte\Documents\Unity\LogRogue\Assets\Editor\WakaTime\client\wakatime\packages\pygments\lexers\_cl_builtins.py", "Python", 0, 0, 0, 0, 0, -220, 0, 0, 0, 0, 0, 0, 0, -2, -11, -233
"c:\Users\Torte\Documents\Unity\LogRogue\Assets\Editor\WakaTime\client\wakatime\packages\pygments\lexers\_cocoa_builtins.py", "Python", 0, 0, 0, 0, 0, -52, 0, 0, 0, 0, 0, 0, 0, -1, -20, -73
"c:\Users\Torte\Documents\Unity\LogRogue\Assets\Editor\WakaTime\client\wakatime\packages\pygments\lexers\_csound_builtins.py", "Python", 0, 0, 0, 0, 0, -1275, 0, 0, 0, 0, 0, 0, 0, -69, -3, -1347
"c:\Users\Torte\Documents\Unity\LogRogue\Assets\Editor\WakaTime\client\wakatime\packages\pygments\lexers\_lasso_builtins.py", "Python", 0, 0, 0, 0, 0, -5323, 0, 0, 0, 0, 0, 0, 0, -1, -4, -5328
"c:\Users\Torte\Documents\Unity\LogRogue\Assets\Editor\WakaTime\client\wakatime\packages\pygments\lexers\_lua_builtins.py", "Python", 0, 0, 0, 0, 0, -258, 0, 0, 0, 0, 0, 0, 0, -6, -32, -296
"c:\Users\Torte\Documents\Unity\LogRogue\Assets\Editor\WakaTime\client\wakatime\packages\pygments\lexers\_mapping.py", "Python", 0, 0, 0, 0, 0, -480, 0, 0, 0, 0, 0, 0, 0, -11, -11, -502
"c:\Users\Torte\Documents\Unity\LogRogue\Assets\Editor\WakaTime\client\wakatime\packages\pygments\lexers\_mql_builtins.py", "Python", 0, 0, 0, 0, 0, -1166, 0, 0, 0, 0, 0, 0, 0, -1, -6, -1173
"c:\Users\Torte\Documents\Unity\LogRogue\Assets\Editor\WakaTime\client\wakatime\packages\pygments\lexers\_openedge_builtins.py", "Python", 0, 0, 0, 0, 0, -2543, 0, 0, 0, 0, 0, 0, 0, -1, -4, -2548
"c:\Users\Torte\Documents\Unity\LogRogue\Assets\Editor\WakaTime\client\wakatime\packages\pygments\lexers\_php_builtins.py", "Python", 0, 0, 0, 0, 0, -4732, 0, 0, 0, 0, 0, 0, 0, -2, -23, -4757
"c:\Users\Torte\Documents\Unity\LogRogue\Assets\Editor\WakaTime\client\wakatime\packages\pygments\lexers\_postgres_builtins.py", "Python", 0, 0, 0, 0, 0, -577, 0, 0, 0, 0, 0, 0, 0, -10, -35, -622
"c:\Users\Torte\Documents\Unity\LogRogue\Assets\Editor\WakaTime\client\wakatime\packages\pygments\lexers\_scilab_builtins.py", "Python", 0, 0, 0, 0, 0, -3075, 0, 0, 0, 0, 0, 0, 0, -3, -17, -3095
"c:\Users\Torte\Documents\Unity\LogRogue\Assets\Editor\WakaTime\client\wakatime\packages\pygments\lexers\_sourcemod_builtins.py", "Python", 0, 0, 0, 0, 0, -1138, 0, 0, 0, 0, 0, 0, 0, -3, -23, -1164
"c:\Users\Torte\Documents\Unity\LogRogue\Assets\Editor\WakaTime\client\wakatime\packages\pygments\lexers\_stan_builtins.py", "Python", 0, 0, 0, 0, 0, -523, 0, 0, 0, 0, 0, 0, 0, -1, -9, -533
"c:\Users\Torte\Documents\Unity\LogRogue\Assets\Editor\WakaTime\client\wakatime\packages\pygments\lexers\_stata_builtins.py", "Python", 0, 0, 0, 0, 0, -411, 0, 0, 0, 0, 0, 0, 0, -1, -8, -420
"c:\Users\Torte\Documents\Unity\LogRogue\Assets\Editor\WakaTime\client\wakatime\packages\pygments\lexers\_tsql_builtins.py", "Python", 0, 0, 0, 0, 0, -989, 0, 0, 0, 0, 0, 0, 0, -5, -11, -1005
"c:\Users\Torte\Documents\Unity\LogRogue\Assets\Editor\WakaTime\client\wakatime\packages\pygments\lexers\_vim_builtins.py", "Python", 0, 0, 0, 0, 0, -1929, 0, 0, 0, 0, 0, 0, 0, -3, -8, -1940
"c:\Users\Torte\Documents\Unity\LogRogue\Assets\Editor\WakaTime\client\wakatime\packages\pygments\lexers\actionscript.py", "Python", 0, 0, 0, 0, 0, -218, 0, 0, 0, 0, 0, 0, 0, -1, -22, -241
"c:\Users\Torte\Documents\Unity\LogRogue\Assets\Editor\WakaTime\client\wakatime\packages\pygments\lexers\agile.py", "Python", 0, 0, 0, 0, 0, -19, 0, 0, 0, 0, 0, 0, 0, -1, -5, -25
"c:\Users\Torte\Documents\Unity\LogRogue\Assets\Editor\WakaTime\client\wakatime\packages\pygments\lexers\algebra.py", "Python", 0, 0, 0, 0, 0, -190, 0, 0, 0, 0, 0, 0, 0, -4, -28, -222
"c:\Users\Torte\Documents\Unity\LogRogue\Assets\Editor\WakaTime\client\wakatime\packages\pygments\lexers\ambient.py", "Python", 0, 0, 0, 0, 0, -65, 0, 0, 0, 0, 0, 0, 0, -1, -11, -77
"c:\Users\Torte\Documents\Unity\LogRogue\Assets\Editor\WakaTime\client\wakatime\packages\pygments\lexers\ampl.py", "Python", 0, 0, 0, 0, 0, -77, 0, 0, 0, 0, 0, 0, 0, -1, -10, -88
"c:\Users\Torte\Documents\Unity\LogRogue\Assets\Editor\WakaTime\client\wakatime\packages\pygments\lexers\apl.py", "Python", 0, 0, 0, 0, 0, -42, 0, 0, 0, 0, 0, 0, 0, -51, -9, -102
"c:\Users\Torte\Documents\Unity\LogRogue\Assets\Editor\WakaTime\client\wakatime\packages\pygments\lexers\archetype.py", "Python", 0, 0, 0, 0, 0, -252, 0, 0, 0, 0, 0, 0, 0, -41, -26, -319
"c:\Users\Torte\Documents\Unity\LogRogue\Assets\Editor\WakaTime\client\wakatime\packages\pygments\lexers\asm.py", "Python", 0, 0, 0, 0, 0, -529, 0, 0, 0, 0, 0, 0, 0, -40, -73, -642
"c:\Users\Torte\Documents\Unity\LogRogue\Assets\Editor\WakaTime\client\wakatime\packages\pygments\lexers\automation.py", "Python", 0, 0, 0, 0, 0, -348, 0, 0, 0, 0, 0, 0, 0, -9, -18, -375
"c:\Users\Torte\Documents\Unity\LogRogue\Assets\Editor\WakaTime\client\wakatime\packages\pygments\lexers\basic.py", "Python", 0, 0, 0, 0, 0, -417, 0, 0, 0, 0, 0, 0, 0, -40, -44, -501
"c:\Users\Torte\Documents\Unity\LogRogue\Assets\Editor\WakaTime\client\wakatime\packages\pygments\lexers\bibtex.py", "Python", 0, 0, 0, 0, 0, -141, 0, 0, 0, 0, 0, 0, 0, -1, -19, -161
"c:\Users\Torte\Documents\Unity\LogRogue\Assets\Editor\WakaTime\client\wakatime\packages\pygments\lexers\business.py", "Python", 0, 0, 0, 0, 0, -496, 0, 0, 0, 0, 0, 0, 0, -57, -60, -613
"c:\Users\Torte\Documents\Unity\LogRogue\Assets\Editor\WakaTime\client\wakatime\packages\pygments\lexers\c_cpp.py", "Python", 0, 0, 0, 0, 0, -216, 0, 0, 0, 0, 0, 0, 0, -16, -21, -253
"c:\Users\Torte\Documents\Unity\LogRogue\Assets\Editor\WakaTime\client\wakatime\packages\pygments\lexers\c_like.py", "Python", 0, 0, 0, 0, 0, -471, 0, 0, 0, 0, 0, 0, 0, -19, -52, -542
"c:\Users\Torte\Documents\Unity\LogRogue\Assets\Editor\WakaTime\client\wakatime\packages\pygments\lexers\capnproto.py", "Python", 0, 0, 0, 0, 0, -67, 0, 0, 0, 0, 0, 0, 0, -1, -11, -79
"c:\Users\Torte\Documents\Unity\LogRogue\Assets\Editor\WakaTime\client\wakatime\packages\pygments\lexers\chapel.py", "Python", 0, 0, 0, 0, 0, -73, 0, 0, 0, 0, 0, 0, 0, -13, -17, -103
"c:\Users\Torte\Documents\Unity\LogRogue\Assets\Editor\WakaTime\client\wakatime\packages\pygments\lexers\clean.py", "Python", 0, 0, 0, 0, 0, -244, 0, 0, 0, 0, 0, 0, 0, -15, -30, -289
"c:\Users\Torte\Documents\Unity\LogRogue\Assets\Editor\WakaTime\client\wakatime\packages\pygments\lexers\compiled.py", "Python", 0, 0, 0, 0, 0, -29, 0, 0, 0, 0, 0, 0, 0, -1, -5, -35
"c:\Users\Torte\Documents\Unity\LogRogue\Assets\Editor\WakaTime\client\wakatime\packages\pygments\lexers\configs.py", "Python", 0, 0, 0, 0, 0, -672, 0, 0, 0, 0, 0, 0, 0, -53, -109, -834
"c:\Users\Torte\Documents\Unity\LogRogue\Assets\Editor\WakaTime\client\wakatime\packages\pygments\lexers\console.py", "Python", 0, 0, 0, 0, 0, -101, 0, 0, 0, 0, 0, 0, 0, -1, -13, -115
"c:\Users\Torte\Documents\Unity\LogRogue\Assets\Editor\WakaTime\client\wakatime\packages\pygments\lexers\crystal.py", "Python", 0, 0, 0, 0, 0, -321, 0, 0, 0, 0, 0, 0, 0, -46, -27, -394
"c:\Users\Torte\Documents\Unity\LogRogue\Assets\Editor\WakaTime\client\wakatime\packages\pygments\lexers\csound.py", "Python", 0, 0, 0, 0, 0, -310, 0, 0, 0, 0, 0, 0, 0, -12, -45, -367
"c:\Users\Torte\Documents\Unity\LogRogue\Assets\Editor\WakaTime\client\wakatime\packages\pygments\lexers\css.py", "Python", 0, 0, 0, 0, 0, -604, 0, 0, 0, 0, 0, 0, 0, -19, -67, -690
"c:\Users\Torte\Documents\Unity\LogRogue\Assets\Editor\WakaTime\client\wakatime\packages\pygments\lexers\d.py", "Python", 0, 0, 0, 0, 0, -200, 0, 0, 0, 0, 0, 0, 0, -38, -14, -252
"c:\Users\Torte\Documents\Unity\LogRogue\Assets\Editor\WakaTime\client\wakatime\packages\pygments\lexers\dalvik.py", "Python", 0, 0, 0, 0, 0, -111, 0, 0, 0, 0, 0, 0, 0, -4, -11, -126
"c:\Users\Torte\Documents\Unity\LogRogue\Assets\Editor\WakaTime\client\wakatime\packages\pygments\lexers\data.py", "Python", 0, 0, 0, 0, 0, -378, 0, 0, 0, 0, 0, 0, 0, -109, -69, -556
"c:\Users\Torte\Documents\Unity\LogRogue\Assets\Editor\WakaTime\client\wakatime\packages\pygments\lexers\diff.py", "Python", 0, 0, 0, 0, 0, -134, 0, 0, 0, 0, 0, 0, 0, -4, -28, -166
"c:\Users\Torte\Documents\Unity\LogRogue\Assets\Editor\WakaTime\client\wakatime\packages\pygments\lexers\dotnet.py", "Python", 0, 0, 0, 0, 0, -595, 0, 0, 0, 0, 0, 0, 0, -17, -80, -692
"c:\Users\Torte\Documents\Unity\LogRogue\Assets\Editor\WakaTime\client\wakatime\packages\pygments\lexers\dsls.py", "Python", 0, 0, 0, 0, 0, -750, 0, 0, 0, 0, 0, 0, 0, -37, -92, -879
"c:\Users\Torte\Documents\Unity\LogRogue\Assets\Editor\WakaTime\client\wakatime\packages\pygments\lexers\dylan.py", "Python", 0, 0, 0, 0, 0, -205, 0, 0, 0, 0, 0, 0, 0, -28, -57, -290
"c:\Users\Torte\Documents\Unity\LogRogue\Assets\Editor\WakaTime\client\wakatime\packages\pygments\lexers\ecl.py", "Python", 0, 0, 0, 0, 0, -112, 0, 0, 0, 0, 0, 0, 0, -2, -12, -126
"c:\Users\Torte\Documents\Unity\LogRogue\Assets\Editor\WakaTime\client\wakatime\packages\pygments\lexers\eiffel.py", "Python", 0, 0, 0, 0, 0, -55, 0, 0, 0, 0, 0, 0, 0, -2, -9, -66
"c:\Users\Torte\Documents\Unity\LogRogue\Assets\Editor\WakaTime\client\wakatime\packages\pygments\lexers\elm.py", "Python", 0, 0, 0, 0, 0, -73, 0, 0, 0, 0, 0, 0, 0, -15, -34, -122
"c:\Users\Torte\Documents\Unity\LogRogue\Assets\Editor\WakaTime\client\wakatime\packages\pygments\lexers\erlang.py", "Python", 0, 0, 0, 0, 0, -445, 0, 0, 0, 0, 0, 0, 0, -15, -74, -534
"c:\Users\Torte\Documents\Unity\LogRogue\Assets\Editor\WakaTime\client\wakatime\packages\pygments\lexers\esoteric.py", "Python", 0, 0, 0, 0, 0, -209, 0, 0, 0, 0, 0, 0, 0, -19, -50, -278
"c:\Users\Torte\Documents\Unity\LogRogue\Assets\Editor\WakaTime\client\wakatime\packages\pygments\lexers\ezhil.py", "Python", 0, 0, 0, 0, 0, -58, 0, 0, 0, 0, 0, 0, 0, -3, -9, -70
"c:\Users\Torte\Documents\Unity\LogRogue\Assets\Editor\WakaTime\client\wakatime\packages\pygments\lexers\factor.py", "Python", 0, 0, 0, 0, 0, -295, 0, 0, 0, 0, 0, 0, 0, -15, -35, -345
"c:\Users\Torte\Documents\Unity\LogRogue\Assets\Editor\WakaTime\client\wakatime\packages\pygments\lexers\fantom.py", "Python", 0, 0, 0, 0, 0, -210, 0, 0, 0, 0, 0, 0, 0, -17, -24, -251
"c:\Users\Torte\Documents\Unity\LogRogue\Assets\Editor\WakaTime\client\wakatime\packages\pygments\lexers\felix.py", "Python", 0, 0, 0, 0, 0, -218, 0, 0, 0, 0, 0, 0, 0, -25, -31, -274
"c:\Users\Torte\Documents\Unity\LogRogue\Assets\Editor\WakaTime\client\wakatime\packages\pygments\lexers\forth.py", "Python", 0, 0, 0, 0, 0, -128, 0, 0, 0, 0, 0, 0, 0, -34, -16, -178
"c:\Users\Torte\Documents\Unity\LogRogue\Assets\Editor\WakaTime\client\wakatime\packages\pygments\lexers\fortran.py", "Python", 0, 0, 0, 0, 0, -169, 0, 0, 0, 0, 0, 0, 0, -12, -25, -206
"c:\Users\Torte\Documents\Unity\LogRogue\Assets\Editor\WakaTime\client\wakatime\packages\pygments\lexers\foxpro.py", "Python", 0, 0, 0, 0, 0, -401, 0, 0, 0, 0, 0, 0, 0, -5, -23, -429
"c:\Users\Torte\Documents\Unity\LogRogue\Assets\Editor\WakaTime\client\wakatime\packages\pygments\lexers\functional.py", "Python", 0, 0, 0, 0, 0, -16, 0, 0, 0, 0, 0, 0, 0, -1, -5, -22
"c:\Users\Torte\Documents\Unity\LogRogue\Assets\Editor\WakaTime\client\wakatime\packages\pygments\lexers\go.py", "Python", 0, 0, 0, 0, 0, -76, 0, 0, 0, 0, 0, 0, 0, -15, -11, -102
"c:\Users\Torte\Documents\Unity\LogRogue\Assets\Editor\WakaTime\client\wakatime\packages\pygments\lexers\grammar_notation.py", "Python", 0, 0, 0, 0, 0, -157, 0, 0, 0, 0, 0, 0, 0, -16, -41, -214
"c:\Users\Torte\Documents\Unity\LogRogue\Assets\Editor\WakaTime\client\wakatime\packages\pygments\lexers\graph.py", "Python", 0, 0, 0, 0, 0, -66, 0, 0, 0, 0, 0, 0, 0, -2, -13, -81
"c:\Users\Torte\Documents\Unity\LogRogue\Assets\Editor\WakaTime\client\wakatime\packages\pygments\lexers\graphics.py", "Python", 0, 0, 0, 0, 0, -479, 0, 0, 0, 0, 0, 0, 0, -28, -47, -554
"c:\Users\Torte\Documents\Unity\LogRogue\Assets\Editor\WakaTime\client\wakatime\packages\pygments\lexers\haskell.py", "Python", 0, 0, 0, 0, 0, -654, 0, 0, 0, 0, 0, 0, 0, -90, -100, -844
"c:\Users\Torte\Documents\Unity\LogRogue\Assets\Editor\WakaTime\client\wakatime\packages\pygments\lexers\haxe.py", "Python", 0, 0, 0, 0, 0, -708, 0, 0, 0, 0, 0, 0, 0, -73, -156, -937
"c:\Users\Torte\Documents\Unity\LogRogue\Assets\Editor\WakaTime\client\wakatime\packages\pygments\lexers\hdl.py", "Python", 0, 0, 0, 0, 0, -343, 0, 0, 0, 0, 0, 0, 0, -5, -35, -383
"c:\Users\Torte\Documents\Unity\LogRogue\Assets\Editor\WakaTime\client\wakatime\packages\pygments\lexers\hexdump.py", "Python", 0, 0, 0, 0, 0, -89, 0, 0, 0, 0, 0, 0, 0, -1, -14, -104
"c:\Users\Torte\Documents\Unity\LogRogue\Assets\Editor\WakaTime\client\wakatime\packages\pygments\lexers\html.py", "Python", 0, 0, 0, 0, 0, -502, 0, 0, 0, 0, 0, 0, 0, -12, -89, -603
"c:\Users\Torte\Documents\Unity\LogRogue\Assets\Editor\WakaTime\client\wakatime\packages\pygments\lexers\idl.py", "Python", 0, 0, 0, 0, 0, -257, 0, 0, 0, 0, 0, 0, 0, -1, -13, -271
"c:\Users\Torte\Documents\Unity\LogRogue\Assets\Editor\WakaTime\client\wakatime\packages\pygments\lexers\igor.py", "Python", 0, 0, 0, 0, 0, -269, 0, 0, 0, 0, 0, 0, 0, -7, -13, -289
"c:\Users\Torte\Documents\Unity\LogRogue\Assets\Editor\WakaTime\client\wakatime\packages\pygments\lexers\inferno.py", "Python", 0, 0, 0, 0, 0, -71, 0, 0, 0, 0, 0, 0, 0, -13, -13, -97
"c:\Users\Torte\Documents\Unity\LogRogue\Assets\Editor\WakaTime\client\wakatime\packages\pygments\lexers\installers.py", "Python", 0, 0, 0, 0, 0, -295, 0, 0, 0, 0, 0, 0, 0, -1, -27, -323
"c:\Users\Torte\Documents\Unity\LogRogue\Assets\Editor\WakaTime\client\wakatime\packages\pygments\lexers\int_fiction.py", "Python", 0, 0, 0, 0, 0, -1229, 0, 0, 0, 0, 0, 0, 0, -64, -51, -1344
"c:\Users\Torte\Documents\Unity\LogRogue\Assets\Editor\WakaTime\client\wakatime\packages\pygments\lexers\iolang.py", "Python", 0, 0, 0, 0, 0, -48, 0, 0, 0, 0, 0, 0, 0, -8, -8, -64
"c:\Users\Torte\Documents\Unity\LogRogue\Assets\Editor\WakaTime\client\wakatime\packages\pygments\lexers\j.py", "Python", 0, 0, 0, 0, 0, -103, 0, 0, 0, 0, 0, 0, 0, -15, -29, -147
"c:\Users\Torte\Documents\Unity\LogRogue\Assets\Editor\WakaTime\client\wakatime\packages\pygments\lexers\javascript.py", "Python", 0, 0, 0, 0, 0, -1362, 0, 0, 0, 0, 0, 0, 0, -50, -114, -1526
"c:\Users\Torte\Documents\Unity\LogRogue\Assets\Editor\WakaTime\client\wakatime\packages\pygments\lexers\julia.py", "Python", 0, 0, 0, 0, 0, -250, 0, 0, 0, 0, 0, 0, 0, -45, -39, -334
"c:\Users\Torte\Documents\Unity\LogRogue\Assets\Editor\WakaTime\client\wakatime\packages\pygments\lexers\jvm.py", "Python", 0, 0, 0, 0, 0, -1340, 0, 0, 0, 0, 0, 0, 0, -70, -164, -1574
"c:\Users\Torte\Documents\Unity\LogRogue\Assets\Editor\WakaTime\client\wakatime\packages\pygments\lexers\lisp.py", "Python", 0, 0, 0, 0, 0, -2212, 0, 0, 0, 0, 0, 0, 0, -185, -225, -2622
"c:\Users\Torte\Documents\Unity\LogRogue\Assets\Editor\WakaTime\client\wakatime\packages\pygments\lexers\make.py", "Python", 0, 0, 0, 0, 0, -142, 0, 0, 0, 0, 0, 0, 0, -37, -24, -203
"c:\Users\Torte\Documents\Unity\LogRogue\Assets\Editor\WakaTime\client\wakatime\packages\pygments\lexers\markup.py", "Python", 0, 0, 0, 0, 0, -465, 0, 0, 0, 0, 0, 0, 0, -53, -78, -596
"c:\Users\Torte\Documents\Unity\LogRogue\Assets\Editor\WakaTime\client\wakatime\packages\pygments\lexers\math.py", "Python", 0, 0, 0, 0, 0, -16, 0, 0, 0, 0, 0, 0, 0, -1, -5, -22
"c:\Users\Torte\Documents\Unity\LogRogue\Assets\Editor\WakaTime\client\wakatime\packages\pygments\lexers\matlab.py", "Python", 0, 0, 0, 0, 0, -525, 0, 0, 0, 0, 0, 0, 0, -66, -73, -664
"c:\Users\Torte\Documents\Unity\LogRogue\Assets\Editor\WakaTime\client\wakatime\packages\pygments\lexers\ml.py", "Python", 0, 0, 0, 0, 0, -489, 0, 0, 0, 0, 0, 0, 0, -169, -112, -770
"c:\Users\Torte\Documents\Unity\LogRogue\Assets\Editor\WakaTime\client\wakatime\packages\pygments\lexers\modeling.py", "Python", 0, 0, 0, 0, 0, -268, 0, 0, 0, 0, 0, 0, 0, -51, -40, -359
"c:\Users\Torte\Documents\Unity\LogRogue\Assets\Editor\WakaTime\client\wakatime\packages\pygments\lexers\modula2.py", "Python", 0, 0, 0, 0, 0, -927, 0, 0, 0, 0, 0, 0, 0, -436, -199, -1562
"c:\Users\Torte\Documents\Unity\LogRogue\Assets\Editor\WakaTime\client\wakatime\packages\pygments\lexers\monte.py", "Python", 0, 0, 0, 0, 0, -136, 0, 0, 0, 0, 0, 0, 0, -38, -31, -205
"c:\Users\Torte\Documents\Unity\LogRogue\Assets\Editor\WakaTime\client\wakatime\packages\pygments\lexers\ncl.py", "Python", 0, 0, 0, 0, 0, -868, 0, 0, 0, 0, 0, 0, 0, -9, -18, -895
"c:\Users\Torte\Documents\Unity\LogRogue\Assets\Editor\WakaTime\client\wakatime\packages\pygments\lexers\nimrod.py", "Python", 0, 0, 0, 0, 0, -130, 0, 0, 0, 0, 0, 0, 0, -10, -20, -160
"c:\Users\Torte\Documents\Unity\LogRogue\Assets\Editor\WakaTime\client\wakatime\packages\pygments\lexers\nit.py", "Python", 0, 0, 0, 0, 0, -55, 0, 0, 0, 0, 0, 0, 0, -1, -9, -65
"c:\Users\Torte\Documents\Unity\LogRogue\Assets\Editor\WakaTime\client\wakatime\packages\pygments\lexers\nix.py", "Python", 0, 0, 0, 0, 0, -92, 0, 0, 0, 0, 0, 0, 0, -16, -29, -137
"c:\Users\Torte\Documents\Unity\LogRogue\Assets\Editor\WakaTime\client\wakatime\packages\pygments\lexers\oberon.py", "Python", 0, 0, 0, 0, 0, -86, 0, 0, 0, 0, 0, 0, 0, -9, -11, -106
"c:\Users\Torte\Documents\Unity\LogRogue\Assets\Editor\WakaTime\client\wakatime\packages\pygments\lexers\objective.py", "Python", 0, 0, 0, 0, 0, -426, 0, 0, 0, 0, 0, 0, 0, -34, -45, -505
"c:\Users\Torte\Documents\Unity\LogRogue\Assets\Editor\WakaTime\client\wakatime\packages\pygments\lexers\ooc.py", "Python", 0, 0, 0, 0, 0, -69, 0, 0, 0, 0, 0, 0, 0, -3, -14, -86
"c:\Users\Torte\Documents\Unity\LogRogue\Assets\Editor\WakaTime\client\wakatime\packages\pygments\lexers\other.py", "Python", 0, 0, 0, 0, 0, -36, 0, 0, 0, 0, 0, 0, 0, -1, -5, -42
"c:\Users\Torte\Documents\Unity\LogRogue\Assets\Editor\WakaTime\client\wakatime\packages\pygments\lexers\parasail.py", "Python", 0, 0, 0, 0, 0, -63, 0, 0, 0, 0, 0, 0, 0, -5, -12, -80
"c:\Users\Torte\Documents\Unity\LogRogue\Assets\Editor\WakaTime\client\wakatime\packages\pygments\lexers\parsers.py", "Python", 0, 0, 0, 0, 0, -608, 0, 0, 0, 0, 0, 0, 0, -73, -155, -836
"c:\Users\Torte\Documents\Unity\LogRogue\Assets\Editor\WakaTime\client\wakatime\packages\pygments\lexers\pascal.py", "Python", 0, 0, 0, 0, 0, -579, 0, 0, 0, 0, 0, 0, 0, -32, -34, -645
"c:\Users\Torte\Documents\Unity\LogRogue\Assets\Editor\WakaTime\client\wakatime\packages\pygments\lexers\pawn.py", "Python", 0, 0, 0, 0, 0, -171, 0, 0, 0, 0, 0, 0, 0, -9, -20, -200
"c:\Users\Torte\Documents\Unity\LogRogue\Assets\Editor\WakaTime\client\wakatime\packages\pygments\lexers\perl.py", "Python", 0, 0, 0, 0, 0, -535, 0, 0, 0, 0, 0, 0, 0, -31, -55, -621
"c:\Users\Torte\Documents\Unity\LogRogue\Assets\Editor\WakaTime\client\wakatime\packages\pygments\lexers\php.py", "Python", 0, 0, 0, 0, 0, -229, 0, 0, 0, 0, 0, 0, 0, -9, -30, -268
"c:\Users\Torte\Documents\Unity\LogRogue\Assets\Editor\WakaTime\client\wakatime\packages\pygments\lexers\praat.py", "Python", 0, 0, 0, 0, 0, -245, 0, 0, 0, 0, 0, 0, 0, -3, -47, -295
"c:\Users\Torte\Documents\Unity\LogRogue\Assets\Editor\WakaTime\client\wakatime\packages\pygments\lexers\prolog.py", "Python", 0, 0, 0, 0, 0, -217, 0, 0, 0, 0, 0, 0, 0, -70, -20, -307
"c:\Users\Torte\Documents\Unity\LogRogue\Assets\Editor\WakaTime\client\wakatime\packages\pygments\lexers\python.py", "Python", 0, 0, 0, 0, 0, -842, 0, 0, 0, 0, 0, 0, 0, -30, -68, -940
"c:\Users\Torte\Documents\Unity\LogRogue\Assets\Editor\WakaTime\client\wakatime\packages\pygments\lexers\qvt.py", "Python", 0, 0, 0, 0, 0, -123, 0, 0, 0, 0, 0, 0, 0, -11, -19, -153
"c:\Users\Torte\Documents\Unity\LogRogue\Assets\Editor\WakaTime\client\wakatime\packages\pygments\lexers\r.py", "Python", 0, 0, 0, 0, 0, -396, 0, 0, 0, 0, 0, 0, 0, -31, -27, -454
"c:\Users\Torte\Documents\Unity\LogRogue\Assets\Editor\WakaTime\client\wakatime\packages\pygments\lexers\rdf.py", "Python", 0, 0, 0, 0, 0, -198, 0, 0, 0, 0, 0, 0, 0, -24, -49, -271
"c:\Users\Torte\Documents\Unity\LogRogue\Assets\Editor\WakaTime\client\wakatime\packages\pygments\lexers\rebol.py", "Python", 0, 0, 0, 0, 0, -406, 0, 0, 0, 0, 0, 0, 0, -3, -23, -432
"c:\Users\Torte\Documents\Unity\LogRogue\Assets\Editor\WakaTime\client\wakatime\packages\pygments\lexers\resource.py", "Python", 0, 0, 0, 0, 0, -73, 0, 0, 0, 0, 0, 0, 0, -1, -12, -86
"c:\Users\Torte\Documents\Unity\LogRogue\Assets\Editor\WakaTime\client\wakatime\packages\pygments\lexers\rnc.py", "Python", 0, 0, 0, 0, 0, -49, 0, 0, 0, 0, 0, 0, 0, -6, -13, -68
"c:\Users\Torte\Documents\Unity\LogRogue\Assets\Editor\WakaTime\client\wakatime\packages\pygments\lexers\roboconf.py", "Python", 0, 0, 0, 0, 0, -52, 0, 0, 0, 0, 0, 0, 0, -10, -21, -83
"c:\Users\Torte\Documents\Unity\LogRogue\Assets\Editor\WakaTime\client\wakatime\packages\pygments\lexers\robotframework.py", "Python", 0, 0, 0, 0, 0, -428, 0, 0, 0, 0, 0, 0, 0, -16, -117, -561
"c:\Users\Torte\Documents\Unity\LogRogue\Assets\Editor\WakaTime\client\wakatime\packages\pygments\lexers\ruby.py", "Python", 0, 0, 0, 0, 0, -429, 0, 0, 0, 0, 0, 0, 0, -50, -41, -520
"c:\Users\Torte\Documents\Unity\LogRogue\Assets\Editor\WakaTime\client\wakatime\packages\pygments\lexers\rust.py", "Python", 0, 0, 0, 0, 0, -181, 0, 0, 0, 0, 0, 0, 0, -23, -17, -221
"c:\Users\Torte\Documents\Unity\LogRogue\Assets\Editor\WakaTime\client\wakatime\packages\pygments\lexers\sas.py", "Python", 0, 0, 0, 0, 0, -199, 0, 0, 0, 0, 0, 0, 0, -15, -15, -229
"c:\Users\Torte\Documents\Unity\LogRogue\Assets\Editor\WakaTime\client\wakatime\packages\pygments\lexers\scripting.py", "Python", 0, 0, 0, 0, 0, -1079, 0, 0, 0, 0, 0, 0, 0, -52, -92, -1223
"c:\Users\Torte\Documents\Unity\LogRogue\Assets\Editor\WakaTime\client\wakatime\packages\pygments\lexers\shell.py", "Python", 0, 0, 0, 0, 0, -717, 0, 0, 0, 0, 0, 0, 0, -7, -71, -795
"c:\Users\Torte\Documents\Unity\LogRogue\Assets\Editor\WakaTime\client\wakatime\packages\pygments\lexers\smalltalk.py", "Python", 0, 0, 0, 0, 0, -172, 0, 0, 0, 0, 0, 0, 0, -9, -15, -196
"c:\Users\Torte\Documents\Unity\LogRogue\Assets\Editor\WakaTime\client\wakatime\packages\pygments\lexers\smv.py", "Python", 0, 0, 0, 0, 0, -58, 0, 0, 0, 0, 0, 0, 0, -7, -15, -80
"c:\Users\Torte\Documents\Unity\LogRogue\Assets\Editor\WakaTime\client\wakatime\packages\pygments\lexers\snobol.py", "Python", 0, 0, 0, 0, 0, -59, 0, 0, 0, 0, 0, 0, 0, -14, -11, -84
"c:\Users\Torte\Documents\Unity\LogRogue\Assets\Editor\WakaTime\client\wakatime\packages\pygments\lexers\special.py", "Python", 0, 0, 0, 0, 0, -79, 0, 0, 0, 0, 0, 0, 0, -4, -21, -104
"c:\Users\Torte\Documents\Unity\LogRogue\Assets\Editor\WakaTime\client\wakatime\packages\pygments\lexers\sql.py", "Python", 0, 0, 0, 0, 0, -558, 0, 0, 0, 0, 0, 0, 0, -33, -91, -682
"c:\Users\Torte\Documents\Unity\LogRogue\Assets\Editor\WakaTime\client\wakatime\packages\pygments\lexers\stata.py", "Python", 0, 0, 0, 0, 0, -85, 0, 0, 0, 0, 0, 0, 0, -13, -11, -109
"c:\Users\Torte\Documents\Unity\LogRogue\Assets\Editor\WakaTime\client\wakatime\packages\pygments\lexers\supercollider.py", "Python", 0, 0, 0, 0, 0, -79, 0, 0, 0, 0, 0, 0, 0, -1, -11, -91
"c:\Users\Torte\Documents\Unity\LogRogue\Assets\Editor\WakaTime\client\wakatime\packages\pygments\lexers\tcl.py", "Python", 0, 0, 0, 0, 0, -131, 0, 0, 0, 0, 0, 0, 0, -1, -14, -146
"c:\Users\Torte\Documents\Unity\LogRogue\Assets\Editor\WakaTime\client\wakatime\packages\pygments\lexers\templates.py", "Python", 0, 0, 0, 0, 0, -1810, 0, 0, 0, 0, 0, 0, 0, -66, -408, -2284
"c:\Users\Torte\Documents\Unity\LogRogue\Assets\Editor\WakaTime\client\wakatime\packages\pygments\lexers\testing.py", "Python", 0, 0, 0, 0, 0, -161, 0, 0, 0, 0, 0, 0, 0, -17, -30, -208
"c:\Users\Torte\Documents\Unity\LogRogue\Assets\Editor\WakaTime\client\wakatime\packages\pygments\lexers\text.py", "Python", 0, 0, 0, 0, 0, -20, 0, 0, 0, 0, 0, 0, 0, -1, -5, -26
"c:\Users\Torte\Documents\Unity\LogRogue\Assets\Editor\WakaTime\client\wakatime\packages\pygments\lexers\textedit.py", "Python", 0, 0, 0, 0, 0, -138, 0, 0, 0, 0, 0, 0, 0, -6, -26, -170
"c:\Users\Torte\Documents\Unity\LogRogue\Assets\Editor\WakaTime\client\wakatime\packages\pygments\lexers\textfmts.py", "Python", 0, 0, 0, 0, 0, -213, 0, 0, 0, 0, 0, 0, 0, -45, -40, -298
"c:\Users\Torte\Documents\Unity\LogRogue\Assets\Editor\WakaTime\client\wakatime\packages\pygments\lexers\theorem.py", "Python", 0, 0, 0, 0, 0, -377, 0, 0, 0, 0, 0, 0, 0, -17, -65, -459
"c:\Users\Torte\Documents\Unity\LogRogue\Assets\Editor\WakaTime\client\wakatime\packages\pygments\lexers\trafficscript.py", "Python", 0, 0, 0, 0, 0, -43, 0, 0, 0, 0, 0, 0, 0, -1, -11, -55
"c:\Users\Torte\Documents\Unity\LogRogue\Assets\Editor\WakaTime\client\wakatime\packages\pygments\lexers\typoscript.py", "Python", 0, 0, 0, 0, 0, -169, 0, 0, 0, 0, 0, 0, 0, -28, -27, -224
"c:\Users\Torte\Documents\Unity\LogRogue\Assets\Editor\WakaTime\client\wakatime\packages\pygments\lexers\urbi.py", "Python", 0, 0, 0, 0, 0, -104, 0, 0, 0, 0, 0, 0, 0, -14, -16, -134
"c:\Users\Torte\Documents\Unity\LogRogue\Assets\Editor\WakaTime\client\wakatime\packages\pygments\lexers\varnish.py", "Python", 0, 0, 0, 0, 0, -168, 0, 0, 0, 0, 0, 0, 0, -7, -16, -191
"c:\Users\Torte\Documents\Unity\LogRogue\Assets\Editor\WakaTime\client\wakatime\packages\pygments\lexers\verification.py", "Python", 0, 0, 0, 0, 0, -90, 0, 0, 0, 0, 0, 0, 0, -5, -17, -112
"c:\Users\Torte\Documents\Unity\LogRogue\Assets\Editor\WakaTime\client\wakatime\packages\pygments\lexers\web.py", "Python", 0, 0, 0, 0, 0, -19, 0, 0, 0, 0, 0, 0, 0, -1, -5, -25
"c:\Users\Torte\Documents\Unity\LogRogue\Assets\Editor\WakaTime\client\wakatime\packages\pygments\lexers\webmisc.py", "Python", 0, 0, 0, 0, 0, -816, 0, 0, 0, 0, 0, 0, 0, -53, -120, -989
"c:\Users\Torte\Documents\Unity\LogRogue\Assets\Editor\WakaTime\client\wakatime\packages\pygments\lexers\whiley.py", "Python", 0, 0, 0, 0, 0, -75, 0, 0, 0, 0, 0, 0, 0, -21, -21, -117
"c:\Users\Torte\Documents\Unity\LogRogue\Assets\Editor\WakaTime\client\wakatime\packages\pygments\lexers\x10.py", "Python", 0, 0, 0, 0, 0, -55, 0, 0, 0, 0, 0, 0, 0, -1, -14, -70
"c:\Users\Torte\Documents\Unity\LogRogue\Assets\Editor\WakaTime\client\wakatime\packages\pygments\lexers\xorg.py", "Python", 0, 0, 0, 0, 0, -26, 0, 0, 0, 0, 0, 0, 0, -1, -10, -37
"c:\Users\Torte\Documents\Unity\LogRogue\Assets\Editor\WakaTime\client\wakatime\packages\pygments\modeline.py", "Python", 0, 0, 0, 0, 0, -32, 0, 0, 0, 0, 0, 0, 0, -1, -12, -45
"c:\Users\Torte\Documents\Unity\LogRogue\Assets\Editor\WakaTime\client\wakatime\packages\pygments\plugin.py", "Python", 0, 0, 0, 0, 0, -46, 0, 0, 0, 0, 0, 0, 0, -1, -22, -69
"c:\Users\Torte\Documents\Unity\LogRogue\Assets\Editor\WakaTime\client\wakatime\packages\pygments\regexopt.py", "Python", 0, 0, 0, 0, 0, -66, 0, 0, 0, 0, 0, 0, 0, -14, -13, -93
"c:\Users\Torte\Documents\Unity\LogRogue\Assets\Editor\WakaTime\client\wakatime\packages\pygments\scanner.py", "Python", 0, 0, 0, 0, 0, -89, 0, 0, 0, 0, 0, 0, 0, -1, -16, -106
"c:\Users\Torte\Documents\Unity\LogRogue\Assets\Editor\WakaTime\client\wakatime\packages\pygments\sphinxext.py", "Python", 0, 0, 0, 0, 0, -125, 0, 0, 0, 0, 0, 0, 0, -1, -33, -159
"c:\Users\Torte\Documents\Unity\LogRogue\Assets\Editor\WakaTime\client\wakatime\packages\pygments\style.py", "Python", 0, 0, 0, 0, 0, -126, 0, 0, 0, 0, 0, 0, 0, -7, -23, -156
"c:\Users\Torte\Documents\Unity\LogRogue\Assets\Editor\WakaTime\client\wakatime\packages\pygments\styles\__init__.py", "Python", 0, 0, 0, 0, 0, -67, 0, 0, 0, 0, 0, 0, 0, -3, -11, -81
"c:\Users\Torte\Documents\Unity\LogRogue\Assets\Editor\WakaTime\client\wakatime\packages\pygments\styles\abap.py", "Python", 0, 0, 0, 0, 0, -22, 0, 0, 0, 0, 0, 0, 0, -1, -7, -30
"c:\Users\Torte\Documents\Unity\LogRogue\Assets\Editor\WakaTime\client\wakatime\packages\pygments\styles\algol.py", "Python", 0, 0, 0, 0, 0, -44, 0, 0, 0, 0, 0, 0, 0, -1, -19, -64
"c:\Users\Torte\Documents\Unity\LogRogue\Assets\Editor\WakaTime\client\wakatime\packages\pygments\styles\algol_nu.py", "Python", 0, 0, 0, 0, 0, -44, 0, 0, 0, 0, 0, 0, 0, -1, -19, -64
"c:\Users\Torte\Documents\Unity\LogRogue\Assets\Editor\WakaTime\client\wakatime\packages\pygments\styles\arduino.py", "Python", 0, 0, 0, 0, 0, -83, 0, 0, 0, 0, 0, 0, 0, -1, -15, -99
"c:\Users\Torte\Documents\Unity\LogRogue\Assets\Editor\WakaTime\client\wakatime\packages\pygments\styles\autumn.py", "Python", 0, 0, 0, 0, 0, -49, 0, 0, 0, 0, 0, 0, 0, -1, -16, -66
"c:\Users\Torte\Documents\Unity\LogRogue\Assets\Editor\WakaTime\client\wakatime\packages\pygments\styles\borland.py", "Python", 0, 0, 0, 0, 0, -39, 0, 0, 0, 0, 0, 0, 0, -1, -12, -52
"c:\Users\Torte\Documents\Unity\LogRogue\Assets\Editor\WakaTime\client\wakatime\packages\pygments\styles\bw.py", "Python", 0, 0, 0, 0, 0, -35, 0, 0, 0, 0, 0, 0, 0, -1, -14, -50
"c:\Users\Torte\Documents\Unity\LogRogue\Assets\Editor\WakaTime\client\wakatime\packages\pygments\styles\colorful.py", "Python", 0, 0, 0, 0, 0, -65, 0, 0, 0, 0, 0, 0, 0, -1, -16, -82
"c:\Users\Torte\Documents\Unity\LogRogue\Assets\Editor\WakaTime\client\wakatime\packages\pygments\styles\default.py", "Python", 0, 0, 0, 0, 0, -57, 0, 0, 0, 0, 0, 0, 0, -3, -14, -74
"c:\Users\Torte\Documents\Unity\LogRogue\Assets\Editor\WakaTime\client\wakatime\packages\pygments\styles\emacs.py", "Python", 0, 0, 0, 0, 0, -58, 0, 0, 0, 0, 0, 0, 0, -1, -14, -73
"c:\Users\Torte\Documents\Unity\LogRogue\Assets\Editor\WakaTime\client\wakatime\packages\pygments\styles\friendly.py", "Python", 0, 0, 0, 0, 0, -58, 0, 0, 0, 0, 0, 0, 0, -1, -14, -73
"c:\Users\Torte\Documents\Unity\LogRogue\Assets\Editor\WakaTime\client\wakatime\packages\pygments\styles\fruity.py", "Python", 0, 0, 0, 0, 0, -35, 0, 0, 0, 0, 0, 0, 0, -1, -7, -43
"c:\Users\Torte\Documents\Unity\LogRogue\Assets\Editor\WakaTime\client\wakatime\packages\pygments\styles\igor.py", "Python", 0, 0, 0, 0, 0, -22, 0, 0, 0, 0, 0, 0, 0, -1, -7, -30
"c:\Users\Torte\Documents\Unity\LogRogue\Assets\Editor\WakaTime\client\wakatime\packages\pygments\styles\lovelace.py", "Python", 0, 0, 0, 0, 0, -80, 0, 0, 0, 0, 0, 0, 0, -1, -17, -98
"c:\Users\Torte\Documents\Unity\LogRogue\Assets\Editor\WakaTime\client\wakatime\packages\pygments\styles\manni.py", "Python", 0, 0, 0, 0, 0, -59, 0, 0, 0, 0, 0, 0, 0, -1, -16, -76
"c:\Users\Torte\Documents\Unity\LogRogue\Assets\Editor\WakaTime\client\wakatime\packages\pygments\styles\monokai.py", "Python", 0, 0, 0, 0, 0, -88, 0, 0, 0, 0, 0, 0, 0, -2, -17, -107
"c:\Users\Torte\Documents\Unity\LogRogue\Assets\Editor\WakaTime\client\wakatime\packages\pygments\styles\murphy.py", "Python", 0, 0, 0, 0, 0, -65, 0, 0, 0, 0, 0, 0, 0, -1, -15, -81
"c:\Users\Torte\Documents\Unity\LogRogue\Assets\Editor\WakaTime\client\wakatime\packages\pygments\styles\native.py", "Python", 0, 0, 0, 0, 0, -50, 0, 0, 0, 0, 0, 0, 0, -1, -15, -66
"c:\Users\Torte\Documents\Unity\LogRogue\Assets\Editor\WakaTime\client\wakatime\packages\pygments\styles\paraiso_dark.py", "Python", 0, 0, 0, 0, 0, -102, 0, 0, 0, 0, 0, 0, 0, -2, -22, -126
"c:\Users\Torte\Documents\Unity\LogRogue\Assets\Editor\WakaTime\client\wakatime\packages\pygments\styles\paraiso_light.py", "Python", 0, 0, 0, 0, 0, -102, 0, 0, 0, 0, 0, 0, 0, -2, -22, -126
"c:\Users\Torte\Documents\Unity\LogRogue\Assets\Editor\WakaTime\client\wakatime\packages\pygments\styles\pastie.py", "Python", 0, 0, 0, 0, 0, -59, 0, 0, 0, 0, 0, 0, 0, -1, -16, -76
"c:\Users\Torte\Documents\Unity\LogRogue\Assets\Editor\WakaTime\client\wakatime\packages\pygments\styles\perldoc.py", "Python", 0, 0, 0, 0, 0, -53, 0, 0, 0, 0, 0, 0, 0, -1, -16, -70
"c:\Users\Torte\Documents\Unity\LogRogue\Assets\Editor\WakaTime\client\wakatime\packages\pygments\styles\rainbow_dash.py", "Python", 0, 0, 0, 0, 0, -70, 0, 0, 0, 0, 0, 0, 0, -1, -19, -90
"c:\Users\Torte\Documents\Unity\LogRogue\Assets\Editor\WakaTime\client\wakatime\packages\pygments\styles\rrt.py", "Python", 0, 0, 0, 0, 0, -25, 0, 0, 0, 0, 0, 0, 0, -1, -8, -34
"c:\Users\Torte\Documents\Unity\LogRogue\Assets\Editor\WakaTime\client\wakatime\packages\pygments\styles\sas.py", "Python", 0, 0, 0, 0, 0, -36, 0, 0, 0, 0, 0, 0, 0, -1, -8, -45
"c:\Users\Torte\Documents\Unity\LogRogue\Assets\Editor\WakaTime\client\wakatime\packages\pygments\styles\stata.py", "Python", 0, 0, 0, 0, 0, -32, 0, 0, 0, 0, 0, 0, 0, -1, -8, -41
"c:\Users\Torte\Documents\Unity\LogRogue\Assets\Editor\WakaTime\client\wakatime\packages\pygments\styles\tango.py", "Python", 0, 0, 0, 0, 0, -108, 0, 0, 0, 0, 0, 0, 0, -10, -24, -142
"c:\Users\Torte\Documents\Unity\LogRogue\Assets\Editor\WakaTime\client\wakatime\packages\pygments\styles\trac.py", "Python", 0, 0, 0, 0, 0, -48, 0, 0, 0, 0, 0, 0, 0, -1, -15, -64
"c:\Users\Torte\Documents\Unity\LogRogue\Assets\Editor\WakaTime\client\wakatime\packages\pygments\styles\vim.py", "Python", 0, 0, 0, 0, 0, -49, 0, 0, 0, 0, 0, 0, 0, -1, -14, -64
"c:\Users\Torte\Documents\Unity\LogRogue\Assets\Editor\WakaTime\client\wakatime\packages\pygments\styles\vs.py", "Python", 0, 0, 0, 0, 0, -28, 0, 0, 0, 0, 0, 0, 0, -1, -10, -39
"c:\Users\Torte\Documents\Unity\LogRogue\Assets\Editor\WakaTime\client\wakatime\packages\pygments\styles\xcode.py", "Python", 0, 0, 0, 0, 0, -36, 0, 0, 0, 0, 0, 0, 0, -3, -13, -52
"c:\Users\Torte\Documents\Unity\LogRogue\Assets\Editor\WakaTime\client\wakatime\packages\pygments\token.py", "Python", 0, 0, 0, 0, 0, -163, 0, 0, 0, 0, 0, 0, 0, -13, -38, -214
"c:\Users\Torte\Documents\Unity\LogRogue\Assets\Editor\WakaTime\client\wakatime\packages\pygments\unistring.py", "Python", 0, 0, 0, 0, 0, -132, 0, 0, 0, 0, 0, 0, 0, -12, -74, -218
"c:\Users\Torte\Documents\Unity\LogRogue\Assets\Editor\WakaTime\client\wakatime\packages\pygments\util.py", "Python", 0, 0, 0, 0, 0, -300, 0, 0, 0, 0, 0, 0, 0, -22, -67, -389
"c:\Users\Torte\Documents\Unity\LogRogue\Assets\Editor\WakaTime\client\wakatime\packages\pytz\__init__.py", "Python", 0, 0, 0, 0, 0, -1401, 0, 0, 0, 0, 0, 0, 0, -24, -110, -1535
"c:\Users\Torte\Documents\Unity\LogRogue\Assets\Editor\WakaTime\client\wakatime\packages\pytz\exceptions.py", "Python", 0, 0, 0, 0, 0, -33, 0, 0, 0, 0, 0, 0, 0, 0, -16, -49
"c:\Users\Torte\Documents\Unity\LogRogue\Assets\Editor\WakaTime\client\wakatime\packages\pytz\lazy.py", "Python", 0, 0, 0, 0, 0, -128, 0, 0, 0, 0, 0, 0, 0, -10, -31, -169
"c:\Users\Torte\Documents\Unity\LogRogue\Assets\Editor\WakaTime\client\wakatime\packages\pytz\reference.py", "Python", 0, 0, 0, 0, 0, -82, 0, 0, 0, 0, 0, 0, 0, -15, -31, -128
"c:\Users\Torte\Documents\Unity\LogRogue\Assets\Editor\WakaTime\client\wakatime\packages\pytz\tzfile.py", "Python", 0, 0, 0, 0, 0, -102, 0, 0, 0, 0, 0, 0, 0, -17, -19, -138
"c:\Users\Torte\Documents\Unity\LogRogue\Assets\Editor\WakaTime\client\wakatime\packages\pytz\tzinfo.py", "Python", 0, 0, 0, 0, 0, -401, 0, 0, 0, 0, 0, 0, 0, -60, -104, -565
"c:\Users\Torte\Documents\Unity\LogRogue\Assets\Editor\WakaTime\client\wakatime\packages\requests\__init__.py", "Python", 0, 0, 0, 0, 0, -83, 0, 0, 0, 0, 0, 0, 0, -15, -24, -122
"c:\Users\Torte\Documents\Unity\LogRogue\Assets\Editor\WakaTime\client\wakatime\packages\requests\__version__.py", "Python", 0, 0, 0, 0, 0, -10, 0, 0, 0, 0, 0, 0, 0, -3, -2, -15
"c:\Users\Torte\Documents\Unity\LogRogue\Assets\Editor\WakaTime\client\wakatime\packages\requests\_internal_utils.py", "Python", 0, 0, 0, 0, 0, -32, 0, 0, 0, 0, 0, 0, 0, -1, -10, -43
"c:\Users\Torte\Documents\Unity\LogRogue\Assets\Editor\WakaTime\client\wakatime\packages\requests\adapters.py", "Python", 0, 0, 0, 0, 0, -404, 0, 0, 0, 0, 0, 0, 0, -22, -100, -526
"c:\Users\Torte\Documents\Unity\LogRogue\Assets\Editor\WakaTime\client\wakatime\packages\requests\api.py", "Python", 0, 0, 0, 0, 0, -110, 0, 0, 0, 0, 0, 0, 0, -4, -39, -153
"c:\Users\Torte\Documents\Unity\LogRogue\Assets\Editor\WakaTime\client\wakatime\packages\requests\auth.py", "Python", 0, 0, 0, 0, 0, -206, 0, 0, 0, 0, 0, 0, 0, -28, -60, -294
"c:\Users\Torte\Documents\Unity\LogRogue\Assets\Editor\WakaTime\client\wakatime\packages\requests\certs.py", "Python", 0, 0, 0, 0, 0, -12, 0, 0, 0, 0, 0, 0, 0, -2, -5, -19
"c:\Users\Torte\Documents\Unity\LogRogue\Assets\Editor\WakaTime\client\wakatime\packages\requests\compat.py", "Python", 0, 0, 0, 0, 0, -44, 0, 0, 0, 0, 0, 0, 0, -10, -16, -70
"c:\Users\Torte\Documents\Unity\LogRogue\Assets\Editor\WakaTime\client\wakatime\packages\requests\cookies.py", "Python", 0, 0, 0, 0, 0, -421, 0, 0, 0, 0, 0, 0, 0, -11, -111, -543
"c:\Users\Torte\Documents\Unity\LogRogue\Assets\Editor\WakaTime\client\wakatime\packages\requests\exceptions.py", "Python", 0, 0, 0, 0, 0, -70, 0, 0, 0, 0, 0, 0, 0, -2, -51, -123
"c:\Users\Torte\Documents\Unity\LogRogue\Assets\Editor\WakaTime\client\wakatime\packages\requests\help.py", "Python", 0, 0, 0, 0, 0, -99, 0, 0, 0, 0, 0, 0, 0, -1, -21, -121
"c:\Users\Torte\Documents\Unity\LogRogue\Assets\Editor\WakaTime\client\wakatime\packages\requests\hooks.py", "Python", 0, 0, 0, 0, 0, -23, 0, 0, 0, 0, 0, 0, 0, -2, -10, -35
"c:\Users\Torte\Documents\Unity\LogRogue\Assets\Editor\WakaTime\client\wakatime\packages\requests\models.py", "Python", 0, 0, 0, 0, 0, -650, 0, 0, 0, 0, 0, 0, 0, -114, -185, -949
"c:\Users\Torte\Documents\Unity\LogRogue\Assets\Editor\WakaTime\client\wakatime\packages\requests\packages.py", "Python", 0, 0, 0, 0, 0, -6, 0, 0, 0, 0, 0, 0, 0, -5, -4, -15
"c:\Users\Torte\Documents\Unity\LogRogue\Assets\Editor\WakaTime\client\wakatime\packages\requests\sessions.py", "Python", 0, 0, 0, 0, 0, -475, 0, 0, 0, 0, 0, 0, 0, -102, -161, -738
"c:\Users\Torte\Documents\Unity\LogRogue\Assets\Editor\WakaTime\client\wakatime\packages\requests\status_codes.py", "Python", 0, 0, 0, 0, 0, -78, 0, 0, 0, 0, 0, 0, 0, -5, -9, -92
"c:\Users\Torte\Documents\Unity\LogRogue\Assets\Editor\WakaTime\client\wakatime\packages\requests\structures.py", "Python", 0, 0, 0, 0, 0, -71, 0, 0, 0, 0, 0, 0, 0, -6, -29, -106
"c:\Users\Torte\Documents\Unity\LogRogue\Assets\Editor\WakaTime\client\wakatime\packages\requests\utils.py", "Python", 0, 0, 0, 0, 0, -628, 0, 0, 0, 0, 0, 0, 0, -73, -204, -905
"c:\Users\Torte\Documents\Unity\LogRogue\Assets\Editor\WakaTime\client\wakatime\packages\requests_ntlm\__init__.py", "Python", 0, 0, 0, 0, 0, -2, 0, 0, 0, 0, 0, 0, 0, 0, -2, -4
"c:\Users\Torte\Documents\Unity\LogRogue\Assets\Editor\WakaTime\client\wakatime\packages\requests_ntlm\requests_ntlm.py", "Python", 0, 0, 0, 0, 0, -147, 0, 0, 0, 0, 0, 0, 0, -31, -41, -219
"c:\Users\Torte\Documents\Unity\LogRogue\Assets\Editor\WakaTime\client\wakatime\packages\simplejson\__init__.py", "Python", 0, 0, 0, 0, 0, -478, 0, 0, 0, 0, 0, 0, 0, -4, -94, -576
"c:\Users\Torte\Documents\Unity\LogRogue\Assets\Editor\WakaTime\client\wakatime\packages\simplejson\_speedups.c", "C", 0, 0, 0, 0, 0, 0, 0, 0, 0, 0, 0, -2935, 0, -265, -194, -3394
"c:\Users\Torte\Documents\Unity\LogRogue\Assets\Editor\WakaTime\client\wakatime\packages\simplejson\compat.py", "Python", 0, 0, 0, 0, 0, -42, 0, 0, 0, 0, 0, 0, 0, 0, -5, -47
"c:\Users\Torte\Documents\Unity\LogRogue\Assets\Editor\WakaTime\client\wakatime\packages\simplejson\decoder.py", "Python", 0, 0, 0, 0, 0, -330, 0, 0, 0, 0, 0, 0, 0, -25, -46, -401
"c:\Users\Torte\Documents\Unity\LogRogue\Assets\Editor\WakaTime\client\wakatime\packages\simplejson\encoder.py", "Python", 0, 0, 0, 0, 0, -590, 0, 0, 0, 0, 0, 0, 0, -25, -67, -682
"c:\Users\Torte\Documents\Unity\LogRogue\Assets\Editor\WakaTime\client\wakatime\packages\simplejson\ordered_dict.py", "Python", 0, 0, 0, 0, 0, -96, 0, 0, 0, 0, 0, 0, 0, -4, -20, -120
"c:\Users\Torte\Documents\Unity\LogRogue\Assets\Editor\WakaTime\client\wakatime\packages\simplejson\scanner.py", "Python", 0, 0, 0, 0, 0, -111, 0, 0, 0, 0, 0, 0, 0, -4, -19, -134
"c:\Users\Torte\Documents\Unity\LogRogue\Assets\Editor\WakaTime\client\wakatime\packages\simplejson\tool.py", "Python", 0, 0, 0, 0, 0, -36, 0, 0, 0, 0, 0, 0, 0, 0, -7, -43
"c:\Users\Torte\Documents\Unity\LogRogue\Assets\Editor\WakaTime\client\wakatime\packages\six.py", "Python", 0, 0, 0, 0, 0, -672, 0, 0, 0, 0, 0, 0, 0, -45, -170, -887
"c:\Users\Torte\Documents\Unity\LogRogue\Assets\Editor\WakaTime\client\wakatime\packages\socks.py", "Python", 0, 0, 0, 0, 0, -587, 0, 0, 0, 0, 0, 0, 0, -71, -144, -802
"c:\Users\Torte\Documents\Unity\LogRogue\Assets\Editor\WakaTime\client\wakatime\packages\tzlocal\__init__.py", "Python", 0, 0, 0, 0, 0, -7, 0, 0, 0, 0, 0, 0, 0, 0, -1, -8
"c:\Users\Torte\Documents\Unity\LogRogue\Assets\Editor\WakaTime\client\wakatime\packages\tzlocal\darwin.py", "Python", 0, 0, 0, 0, 0, -43, 0, 0, 0, 0, 0, 0, 0, -2, -15, -60
"c:\Users\Torte\Documents\Unity\LogRogue\Assets\Editor\WakaTime\client\wakatime\packages\tzlocal\unix.py", "Python", 0, 0, 0, 0, 0, -90, 0, 0, 0, 0, 0, 0, 0, -19, -22, -131
"c:\Users\Torte\Documents\Unity\LogRogue\Assets\Editor\WakaTime\client\wakatime\packages\tzlocal\win32.py", "Python", 0, 0, 0, 0, 0, -59, 0, 0, 0, 0, 0, 0, 0, -18, -17, -94
"c:\Users\Torte\Documents\Unity\LogRogue\Assets\Editor\WakaTime\client\wakatime\packages\tzlocal\windows_tz.py", "Python", 0, 0, 0, 0, 0, -589, 0, 0, 0, 0, 0, 0, 0, -3, -3, -595
"c:\Users\Torte\Documents\Unity\LogRogue\Assets\Editor\WakaTime\client\wakatime\packages\urllib3\__init__.py", "Python", 0, 0, 0, 0, 0, -69, 0, 0, 0, 0, 0, 0, 0, -11, -18, -98
"c:\Users\Torte\Documents\Unity\LogRogue\Assets\Editor\WakaTime\client\wakatime\packages\urllib3\_collections.py", "Python", 0, 0, 0, 0, 0, -239, 0, 0, 0, 0, 0, 0, 0, -16, -65, -320
"c:\Users\Torte\Documents\Unity\LogRogue\Assets\Editor\WakaTime\client\wakatime\packages\urllib3\connection.py", "Python", 0, 0, 0, 0, 0, -260, 0, 0, 0, 0, 0, 0, 0, -42, -72, -374
"c:\Users\Torte\Documents\Unity\LogRogue\Assets\Editor\WakaTime\client\wakatime\packages\urllib3\connectionpool.py", "Python", 0, 0, 0, 0, 0, -628, 0, 0, 0, 0, 0, 0, 0, -103, -175, -906
"c:\Users\Torte\Documents\Unity\LogRogue\Assets\Editor\WakaTime\client\wakatime\packages\urllib3\contrib\__init__.py", "Python", 0, 0, 0, 0, 0, 0, 0, 0, 0, 0, 0, 0, 0, 0, -1, -1
"c:\Users\Torte\Documents\Unity\LogRogue\Assets\Editor\WakaTime\client\wakatime\packages\urllib3\contrib\_securetransport\__init__.py", "Python", 0, 0, 0, 0, 0, 0, 0, 0, 0, 0, 0, 0, 0, 0, -1, -1
"c:\Users\Torte\Documents\Unity\LogRogue\Assets\Editor\WakaTime\client\wakatime\packages\urllib3\contrib\_securetransport\bindings.py", "Python", 0, 0, 0, 0, 0, -497, 0, 0, 0, 0, 0, 0, 0, -4, -93, -594
"c:\Users\Torte\Documents\Unity\LogRogue\Assets\Editor\WakaTime\client\wakatime\packages\urllib3\contrib\_securetransport\low_level.py", "Python", 0, 0, 0, 0, 0, -241, 0, 0, 0, 0, 0, 0, 0, -50, -53, -344
"c:\Users\Torte\Documents\Unity\LogRogue\Assets\Editor\WakaTime\client\wakatime\packages\urllib3\contrib\appengine.py", "Python", 0, 0, 0, 0, 0, -220, 0, 0, 0, 0, 0, 0, 0, -13, -64, -297
"c:\Users\Torte\Documents\Unity\LogRogue\Assets\Editor\WakaTime\client\wakatime\packages\urllib3\contrib\ntlmpool.py", "Python", 0, 0, 0, 0, 0, -87, 0, 0, 0, 0, 0, 0, 0, -7, -19, -113
"c:\Users\Torte\Documents\Unity\LogRogue\Assets\Editor\WakaTime\client\wakatime\packages\urllib3\contrib\pyopenssl.py", "Python", 0, 0, 0, 0, 0, -346, 0, 0, 0, 0, 0, 0, 0, -22, -88, -456
"c:\Users\Torte\Documents\Unity\LogRogue\Assets\Editor\WakaTime\client\wakatime\packages\urllib3\contrib\securetransport.py", "Python", 0, 0, 0, 0, 0, -562, 0, 0, 0, 0, 0, 0, 0, -129, -120, -811
"c:\Users\Torte\Documents\Unity\LogRogue\Assets\Editor\WakaTime\client\wakatime\packages\urllib3\contrib\socks.py", "Python", 0, 0, 0, 0, 0, -149, 0, 0, 0, 0, 0, 0, 0, -7, -33, -189
"c:\Users\Torte\Documents\Unity\LogRogue\Assets\Editor\WakaTime\client\wakatime\packages\urllib3\exceptions.py", "Python", 0, 0, 0, 0, 0, -153, 0, 0, 0, 0, 0, 0, 0, -8, -86, -247
"c:\Users\Torte\Documents\Unity\LogRogue\Assets\Editor\WakaTime\client\wakatime\packages\urllib3\fields.py", "Python", 0, 0, 0, 0, 0, -146, 0, 0, 0, 0, 0, 0, 0, 0, -33, -179
"c:\Users\Torte\Documents\Unity\LogRogue\Assets\Editor\WakaTime\client\wakatime\packages\urllib3\filepost.py", "Python", 0, 0, 0, 0, 0, -66, 0, 0, 0, 0, 0, 0, 0, 0, -29, -95
"c:\Users\Torte\Documents\Unity\LogRogue\Assets\Editor\WakaTime\client\wakatime\packages\urllib3\packages\__init__.py", "Python", 0, 0, 0, 0, 0, -3, 0, 0, 0, 0, 0, 0, 0, 0, -3, -6
"c:\Users\Torte\Documents\Unity\LogRogue\Assets\Editor\WakaTime\client\wakatime\packages\urllib3\packages\backports\__init__.py", "Python", 0, 0, 0, 0, 0, 0, 0, 0, 0, 0, 0, 0, 0, 0, -1, -1
"c:\Users\Torte\Documents\Unity\LogRogue\Assets\Editor\WakaTime\client\wakatime\packages\urllib3\packages\backports\makefile.py", "Python", 0, 0, 0, 0, 0, -48, 0, 0, 0, 0, 0, 0, 0, -1, -5, -54
"c:\Users\Torte\Documents\Unity\LogRogue\Assets\Editor\WakaTime\client\wakatime\packages\urllib3\packages\ordered_dict.py", "Python", 0, 0, 0, 0, 0, -200, 0, 0, 0, 0, 0, 0, 0, -19, -41, -260
"c:\Users\Torte\Documents\Unity\LogRogue\Assets\Editor\WakaTime\client\wakatime\packages\urllib3\packages\six.py", "Python", 0, 0, 0, 0, 0, -654, 0, 0, 0, 0, 0, 0, 0, -45, -170, -869
"c:\Users\Torte\Documents\Unity\LogRogue\Assets\Editor\WakaTime\client\wakatime\packages\urllib3\packages\ssl_match_hostname\__init__.py", "Python", 0, 0, 0, 0, 0, -11, 0, 0, 0, 0, 0, 0, 0, -5, -4, -20
"c:\Users\Torte\Documents\Unity\LogRogue\Assets\Editor\WakaTime\client\wakatime\packages\urllib3\packages\ssl_match_hostname\_implementation.py", "Python", 0, 0, 0, 0, 0, -98, 0, 0, 0, 0, 0, 0, 0, -37, -23, -158
"c:\Users\Torte\Documents\Unity\LogRogue\Assets\Editor\WakaTime\client\wakatime\packages\urllib3\poolmanager.py", "Python", 0, 0, 0, 0, 0, -320, 0, 0, 0, 0, 0, 0, 0, -30, -91, -441
"c:\Users\Torte\Documents\Unity\LogRogue\Assets\Editor\WakaTime\client\wakatime\packages\urllib3\request.py", "Python", 0, 0, 0, 0, 0, -113, 0, 0, 0, 0, 0, 0, 0, 0, -36, -149
"c:\Users\Torte\Documents\Unity\LogRogue\Assets\Editor\WakaTime\client\wakatime\packages\urllib3\response.py", "Python", 0, 0, 0, 0, 0, -454, 0, 0, 0, 0, 0, 0, 0, -66, -107, -627
"c:\Users\Torte\Documents\Unity\LogRogue\Assets\Editor\WakaTime\client\wakatime\packages\urllib3\util\__init__.py", "Python", 0, 0, 0, 0, 0, -51, 0, 0, 0, 0, 0, 0, 0, -1, -3, -55
"c:\Users\Torte\Documents\Unity\LogRogue\Assets\Editor\WakaTime\client\wakatime\packages\urllib3\util\connection.py", "Python", 0, 0, 0, 0, 0, -88, 0, 0, 0, 0, 0, 0, 0, -13, -30, -131
"c:\Users\Torte\Documents\Unity\LogRogue\Assets\Editor\WakaTime\client\wakatime\packages\urllib3\util\request.py", "Python", 0, 0, 0, 0, 0, -91, 0, 0, 0, 0, 0, 0, 0, -2, -26, -119
"c:\Users\Torte\Documents\Unity\LogRogue\Assets\Editor\WakaTime\client\wakatime\packages\urllib3\util\response.py", "Python", 0, 0, 0, 0, 0, -53, 0, 0, 0, 0, 0, 0, 0, -8, -21, -82
"c:\Users\Torte\Documents\Unity\LogRogue\Assets\Editor\WakaTime\client\wakatime\packages\urllib3\util\retry.py", "Python", 0, 0, 0, 0, 0, -291, 0, 0, 0, 0, 0, 0, 0, -11, -100, -402
"c:\Users\Torte\Documents\Unity\LogRogue\Assets\Editor\WakaTime\client\wakatime\packages\urllib3\util\selectors.py", "Python", 0, 0, 0, 0, 0, -444, 0, 0, 0, 0, 0, 0, 0, -36, -102, -582
"c:\Users\Torte\Documents\Unity\LogRogue\Assets\Editor\WakaTime\client\wakatime\packages\urllib3\util\ssl_.py", "Python", 0, 0, 0, 0, 0, -253, 0, 0, 0, 0, 0, 0, 0, -31, -58, -342
"c:\Users\Torte\Documents\Unity\LogRogue\Assets\Editor\WakaTime\client\wakatime\packages\urllib3\util\timeout.py", "Python", 0, 0, 0, 0, 0, -179, 0, 0, 0, 0, 0, 0, 0, -10, -54, -243
"c:\Users\Torte\Documents\Unity\LogRogue\Assets\Editor\WakaTime\client\wakatime\packages\urllib3\util\url.py", "Python", 0, 0, 0, 0, 0, -158, 0, 0, 0, 0, 0, 0, 0, -21, -52, -231
"c:\Users\Torte\Documents\Unity\LogRogue\Assets\Editor\WakaTime\client\wakatime\packages\urllib3\util\wait.py", "Python", 0, 0, 0, 0, 0, -32, 0, 0, 0, 0, 0, 0, 0, -2, -7, -41
"c:\Users\Torte\Documents\Unity\LogRogue\Assets\Editor\WakaTime\client\wakatime\project.py", "Python", 0, 0, 0, 0, 0, -61, 0, 0, 0, 0, 0, 0, 0, -2, -28, -91
"c:\Users\Torte\Documents\Unity\LogRogue\Assets\Editor\WakaTime\client\wakatime\projects\__init__.py", "Python", 0, 0, 0, 0, 0, 0, 0, 0, 0, 0, 0, 0, 0, 0, -1, -1
"c:\Users\Torte\Documents\Unity\LogRogue\Assets\Editor\WakaTime\client\wakatime\projects\base.py", "Python", 0, 0, 0, 0, 0, -32, 0, 0, 0, 0, 0, 0, 0, -1, -13, -46
"c:\Users\Torte\Documents\Unity\LogRogue\Assets\Editor\WakaTime\client\wakatime\projects\git.py", "Python", 0, 0, 0, 0, 0, -104, 0, 0, 0, 0, 0, 0, 0, -1, -24, -129
"c:\Users\Torte\Documents\Unity\LogRogue\Assets\Editor\WakaTime\client\wakatime\projects\mercurial.py", "Python", 0, 0, 0, 0, 0, -46, 0, 0, 0, 0, 0, 0, 0, -1, -13, -60
"c:\Users\Torte\Documents\Unity\LogRogue\Assets\Editor\WakaTime\client\wakatime\projects\projectfile.py", "Python", 0, 0, 0, 0, 0, -40, 0, 0, 0, 0, 0, 0, 0, -1, -15, -56
"c:\Users\Torte\Documents\Unity\LogRogue\Assets\Editor\WakaTime\client\wakatime\projects\projectmap.py", "Python", 0, 0, 0, 0, 0, -51, 0, 0, 0, 0, 0, 0, 0, -1, -20, -72
"c:\Users\Torte\Documents\Unity\LogRogue\Assets\Editor\WakaTime\client\wakatime\projects\subversion.py", "Python", 0, 0, 0, 0, 0, -97, 0, 0, 0, 0, 0, 0, 0, -1, -17, -115
"c:\Users\Torte\Documents\Unity\LogRogue\Assets\Editor\WakaTime\client\wakatime\session_cache.py", "Python", 0, 0, 0, 0, 0, -87, 0, 0, 0, 0, 0, 0, 0, -1, -25, -113
"c:\Users\Torte\Documents\Unity\LogRogue\Assets\Editor\WakaTime\client\wakatime\stats.py", "Python", 0, 0, 0, 0, 0, -247, 0, 0, 0, 0, 0, 0, 0, -8, -83, -338
"c:\Users\Torte\Documents\Unity\LogRogue\Assets\Editor\WakaTime\client\wakatime\utils.py", "Python", 0, 0, 0, 0, 0, -77, 0, 0, 0, 0, 0, 0, 0, -1, -19, -97
"c:\Users\Torte\Documents\Unity\LogRogue\Assets\Plugins\Sirenix\Assemblies\Sirenix.OdinInspector.Attributes.xml", "XML", 0, 0, 0, 0, -6178, 0, 0, 0, 0, 0, 0, 0, 0, -2, -262, -6442
"c:\Users\Torte\Documents\Unity\LogRogue\Assets\Plugins\Sirenix\Assemblies\Sirenix.OdinInspector.Editor.xml", "XML", 0, 0, 0, 0, -11179, 0, 0, 0, 0, 0, 0, 0, 0, 0, -112, -11291
"c:\Users\Torte\Documents\Unity\LogRogue\Assets\Plugins\Sirenix\Assemblies\Sirenix.Serialization.Config.xml", "XML", 0, 0, 0, 0, -202, 0, 0, 0, 0, 0, 0, 0, 0, 0, -1, -203
"c:\Users\Torte\Documents\Unity\LogRogue\Assets\Plugins\Sirenix\Assemblies\Sirenix.Serialization.xml", "XML", 0, 0, 0, 0, -9858, 0, 0, 0, 0, 0, 0, 0, 0, 0, -7, -9865
"c:\Users\Torte\Documents\Unity\LogRogue\Assets\Plugins\Sirenix\Assemblies\Sirenix.Utilities.Editor.xml", "XML", 0, 0, 0, 0, -9745, 0, 0, 0, 0, 0, 0, 0, 0, -2, -18, -9765
"c:\Users\Torte\Documents\Unity\LogRogue\Assets\Plugins\Sirenix\Assemblies\Sirenix.Utilities.xml", "XML", 0, 0, 0, 0, -3710, 0, 0, 0, 0, 0, 0, 0, 0, 0, -4, -3714
"c:\Users\Torte\Documents\Unity\LogRogue\Assets\Plugins\Sirenix\Assemblies\link.xml", "XML", 0, 0, 0, 0, -6, 0, 0, 0, 0, 0, 0, 0, 0, 0, 0, -6
"c:\Users\Torte\Documents\Unity\LogRogue\Assets\Plugins\Sirenix\Odin Inspector\Modules\Unity.Addressables\AddressablesInspectors.cs", "C#", 0, 0, -1181, 0, 0, 0, 0, 0, 0, 0, 0, 0, 0, -157, -218, -1556
"c:\Users\Torte\Documents\Unity\LogRogue\Assets\Plugins\Sirenix\Odin Inspector\Modules\Unity.Addressables\Sirenix.OdinInspector.Modules.Unity.Addressables.asmdef", "UnityAssemblyDefinition", 0, 0, 0, -29, 0, 0, 0, 0, 0, 0, 0, 0, 0, 0, 0, -29
"c:\Users\Torte\Documents\Unity\LogRogue\Assets\Plugins\Sirenix\Odin Inspector\Modules\Unity.Addressables\Validators\AssetLabelReferenceValidator.cs", "C#", 0, 0, -71, 0, 0, 0, 0, 0, 0, 0, 0, 0, 0, -9, -14, -94
"c:\Users\Torte\Documents\Unity\LogRogue\Assets\Plugins\Sirenix\Odin Inspector\Modules\Unity.Addressables\Validators\AssetReferenceValidator.cs", "C#", 0, 0, -220, 0, 0, 0, 0, 0, 0, 0, 0, 0, 0, -12, -48, -280
"c:\Users\Torte\Documents\Unity\LogRogue\Assets\Plugins\Sirenix\Odin Inspector\Modules\Unity.Addressables\Validators\CheckDuplicateBundleDependenciesValidator.cs", "C#", 0, 0, -157, 0, 0, 0, 0, 0, 0, 0, 0, 0, 0, -6, -38, -201
"c:\Users\Torte\Documents\Unity\LogRogue\Assets\Plugins\Sirenix\Odin Inspector\Modules\Unity.Addressables\Validators\CheckResourcesToAddressableDuplicateDependenciesValidator.cs", "C#", 0, 0, -136, 0, 0, 0, 0, 0, 0, 0, 0, 0, 0, -5, -30, -171
"c:\Users\Torte\Documents\Unity\LogRogue\Assets\Plugins\Sirenix\Odin Inspector\Modules\Unity.Addressables\Validators\DisallowAddressableSubAssetFieldAttributeValidator.cs", "C#", 0, 0, -20, 0, 0, 0, 0, 0, 0, 0, 0, 0, 0, -8, -6, -34
"c:\Users\Torte\Documents\Unity\LogRogue\Assets\Plugins\Sirenix\Odin Inspector\Modules\Unity.Addressables\Validators\MissingAddressableGroupReferenceValidator.cs", "C#", 0, 0, -40, 0, 0, 0, 0, 0, 0, 0, 0, 0, 0, -5, -10, -55
"c:\Users\Torte\Documents\Unity\LogRogue\Assets\Plugins\Sirenix\Odin Inspector\Modules\Unity.Mathematics\MathematicsDrawers.cs", "C#", 0, 0, -744, 0, 0, 0, 0, 0, 0, 0, 0, 0, 0, -29, -110, -883
"c:\Users\Torte\Documents\Unity\LogRogue\Assets\Plugins\Sirenix\Odin Inspector\Modules\Unity.Mathematics\Sirenix.OdinInspector.Modules.UnityMathematics.asmdef", "UnityAssemblyDefinition", 0, 0, 0, -11, 0, 0, 0, 0, 0, 0, 0, 0, 0, 0, 0, -11
"c:\Users\Torte\Documents\Unity\LogRogue\Assets\StateEffect\Demo.cs", "C#", 0, 0, -33, 0, 0, 0, 0, 0, 0, 0, 0, 0, 0, 0, -28, -61
"c:\Users\Torte\Documents\Unity\LogRogue\Assets\StateEffect\EffectMaterials\Shader\EffectStateColorChange.shader", "UnityShader", 0, -58, 0, 0, 0, 0, 0, 0, 0, 0, 0, 0, 0, 0, -16, -74
"c:\Users\Torte\Documents\Unity\LogRogue\Assets\StateEffect\EffectMaterials\Shader\EffectStateColorNegate.shader", "UnityShader", 0, -61, 0, 0, 0, 0, 0, 0, 0, 0, 0, 0, 0, 0, -14, -75
"c:\Users\Torte\Documents\Unity\LogRogue\Assets\TextMesh Pro\Shaders\TMP_Bitmap-Custom-Atlas.shader", "UnityShader", 0, -109, 0, 0, 0, 0, 0, 0, 0, 0, 0, 0, 0, -2, -33, -144
"c:\Users\Torte\Documents\Unity\LogRogue\Assets\TextMesh Pro\Shaders\TMP_Bitmap-Mobile.shader", "UnityShader", 0, -112, 0, 0, 0, 0, 0, 0, 0, 0, 0, 0, 0, -3, -31, -146
"c:\Users\Torte\Documents\Unity\LogRogue\Assets\TextMesh Pro\Shaders\TMP_Bitmap.shader", "UnityShader", 0, -109, 0, 0, 0, 0, 0, 0, 0, 0, 0, 0, 0, -2, -33, -144
"c:\Users\Torte\Documents\Unity\LogRogue\Assets\TextMesh Pro\Shaders\TMP_SDF Overlay.shader", "UnityShader", 0, -243, 0, 0, 0, 0, 0, 0, 0, 0, 0, 0, 0, -4, -71, -318
"c:\Users\Torte\Documents\Unity\LogRogue\Assets\TextMesh Pro\Shaders\TMP_SDF SSD.shader", "UnityShader", 0, -241, 0, 0, 0, 0, 0, 0, 0, 0, 0, 0, 0, -4, -66, -311
"c:\Users\Torte\Documents\Unity\LogRogue\Assets\TextMesh Pro\Shaders\TMP_SDF-Mobile Masking.shader", "UnityShader", 0, -188, 0, 0, 0, 0, 0, 0, 0, 0, 0, 0, 0, -10, -50, -248
"c:\Users\Torte\Documents\Unity\LogRogue\Assets\TextMesh Pro\Shaders\TMP_SDF-Mobile Overlay.shader", "UnityShader", 0, -183, 0, 0, 0, 0, 0, 0, 0, 0, 0, 0, 0, -8, -50, -241
"c:\Users\Torte\Documents\Unity\LogRogue\Assets\TextMesh Pro\Shaders\TMP_SDF-Mobile SSD.shader", "UnityShader", 0, -82, 0, 0, 0, 0, 0, 0, 0, 0, 0, 0, 0, -4, -21, -107
"c:\Users\Torte\Documents\Unity\LogRogue\Assets\TextMesh Pro\Shaders\TMP_SDF-Mobile.shader", "UnityShader", 0, -183, 0, 0, 0, 0, 0, 0, 0, 0, 0, 0, 0, -8, -50, -241
"c:\Users\Torte\Documents\Unity\LogRogue\Assets\TextMesh Pro\Shaders\TMP_SDF-Surface-Mobile.shader", "UnityShader", 0, -103, 0, 0, 0, 0, 0, 0, 0, 0, 0, 0, 0, -8, -28, -139
"c:\Users\Torte\Documents\Unity\LogRogue\Assets\TextMesh Pro\Shaders\TMP_SDF-Surface.shader", "UnityShader", 0, -122, 0, 0, 0, 0, 0, 0, 0, 0, 0, 0, 0, -4, -33, -159
"c:\Users\Torte\Documents\Unity\LogRogue\Assets\TextMesh Pro\Shaders\TMP_SDF.shader", "UnityShader", 0, -243, 0, 0, 0, 0, 0, 0, 0, 0, 0, 0, 0, -4, -71, -318
"c:\Users\Torte\Documents\Unity\LogRogue\Assets\TextMesh Pro\Shaders\TMP_Sprite.shader", "UnityShader", 0, -97, 0, 0, 0, 0, 0, 0, 0, 0, 0, 0, 0, 0, -20, -117
"c:\Users\Torte\Documents\Unity\LogRogue\Assets\TextMesh Pro\Shaders\TMPro.cginc", "UnityShader", 0, -63, 0, 0, 0, 0, 0, 0, 0, 0, 0, 0, 0, -2, -20, -85
"c:\Users\Torte\Documents\Unity\LogRogue\Assets\TextMesh Pro\Shaders\TMPro_Mobile.cginc", "UnityShader", 0, -122, 0, 0, 0, 0, 0, 0, 0, 0, 0, 0, 0, -2, -34, -158
"c:\Users\Torte\Documents\Unity\LogRogue\Assets\TextMesh Pro\Shaders\TMPro_Properties.cginc", "UnityShader", 0, -62, 0, 0, 0, 0, 0, 0, 0, 0, 0, 0, 0, -10, -14, -86
"c:\Users\Torte\Documents\Unity\LogRogue\Assets\TextMesh Pro\Shaders\TMPro_Surface.cginc", "UnityShader", 0, -76, 0, 0, 0, 0, 0, 0, 0, 0, 0, 0, 0, -7, -19, -102
"c:\Users\Torte\Documents\Unity\LogRogue\Assets\TextMesh Pro\Sprites\EmojiOne.json", "JSON", -155, 0, 0, 0, 0, 0, 0, 0, 0, 0, 0, 0, 0, 0, -2, -157
"c:\Users\Torte\Documents\Unity\LogRogue\Assets\kyouma0220\RandomDungeonWithBluePrint\Connection.cs", "C#", 0, 0, -16, 0, 0, 0, 0, 0, 0, 0, 0, 0, 0, 0, -2, -18
"c:\Users\Torte\Documents\Unity\LogRogue\Assets\kyouma0220\RandomDungeonWithBluePrint\Constants.cs", "C#", 0, 0, -84, 0, 0, 0, 0, 0, 0, 0, 0, 0, 0, 0, -13, -97
"c:\Users\Torte\Documents\Unity\LogRogue\Assets\kyouma0220\RandomDungeonWithBluePrint\Extensions.cs", "C#", 0, 0, -97, 0, 0, 0, 0, 0, 0, 0, 0, 0, 0, -1, -17, -115
"c:\Users\Torte\Documents\Unity\LogRogue\Assets\kyouma0220\RandomDungeonWithBluePrint\Field.cs", "C#", 0, 0, -50, 0, 0, 0, 0, 0, 0, 0, 0, 0, 0, -5, -10, -65
"c:\Users\Torte\Documents\Unity\LogRogue\Assets\kyouma0220\RandomDungeonWithBluePrint\FieldBluePrint.cs", "C#", 0, 0, -83, 0, 0, 0, 0, 0, 0, 0, 0, 0, 0, 0, -12, -95
"c:\Users\Torte\Documents\Unity\LogRogue\Assets\kyouma0220\RandomDungeonWithBluePrint\FieldBuilder.cs", "C#", 0, 0, -201, 0, 0, 0, 0, 0, 0, 0, 0, 0, 0, -2, -30, -233
"c:\Users\Torte\Documents\Unity\LogRogue\Assets\kyouma0220\RandomDungeonWithBluePrint\FieldView.cs", "C#", 0, 0, -23, 0, 0, 0, 0, 0, 0, 0, 0, 0, 0, 0, -4, -27
"c:\Users\Torte\Documents\Unity\LogRogue\Assets\kyouma0220\RandomDungeonWithBluePrint\Grid.cs", "C#", 0, 0, -45, 0, 0, 0, 0, 0, 0, 0, 0, 0, 0, 0, -6, -51
"c:\Users\Torte\Documents\Unity\LogRogue\Assets\kyouma0220\RandomDungeonWithBluePrint\RandomDungeonWithBluePrint.asmdef", "UnityAssemblyDefinition", 0, 0, 0, -3, 0, 0, 0, 0, 0, 0, 0, 0, 0, 0, -1, -4
"c:\Users\Torte\Documents\Unity\LogRogue\Assets\kyouma0220\RandomDungeonWithBluePrint\RandomMapTest.cs", "C#", 0, 0, -48, 0, 0, 0, 0, 0, 0, 0, 0, 0, 0, 0, -8, -56
"c:\Users\Torte\Documents\Unity\LogRogue\Assets\kyouma0220\RandomDungeonWithBluePrint\Relay.cs", "C#", 0, 0, -14, 0, 0, 0, 0, 0, 0, 0, 0, 0, 0, 0, -3, -17
"c:\Users\Torte\Documents\Unity\LogRogue\Assets\kyouma0220\RandomDungeonWithBluePrint\Room.cs", "C#", 0, 0, -47, 0, 0, 0, 0, 0, 0, 0, 0, 0, 0, -2, -8, -57
"c:\Users\Torte\Documents\Unity\LogRogue\Assets\kyouma0220\RandomDungeonWithBluePrint\Section.cs", "C#", 0, 0, -54, 0, 0, 0, 0, 0, 0, 0, 0, 0, 0, 0, -10, -64
"c:\Users\Torte\Documents\Unity\LogRogue\Assets\namespaceRenamer.py", "Python", 0, 0, 0, 0, 0, -27, 0, 0, 0, 0, 0, 0, 0, -3, -7, -37
"c:\Users\Torte\Documents\Unity\LogRogue\LogRogue.code-workspace", "JSON with Comments", 0, 0, 0, 0, 0, 0, -10, 0, 0, 0, 0, 0, 0, 0, 0, -10
"c:\Users\Torte\Documents\Unity\LogRogue\Packages\Microsoft.NETCore.Platforms.1.1.0\runtime.json", "JSON", -354, 0, 0, 0, 0, 0, 0, 0, 0, 0, 0, 0, 0, 0, -53, -407
"c:\Users\Torte\Documents\Unity\LogRogue\Packages\Microsoft.Win32.Primitives.4.3.0\ref\netstandard1.3\Microsoft.Win32.Primitives.xml", "XML", 0, 0, 0, 0, -36, 0, 0, 0, 0, 0, 0, 0, 0, 0, 0, -36
"c:\Users\Torte\Documents\Unity\LogRogue\Packages\Microsoft.Win32.Primitives.4.3.0\ref\netstandard1.3\de\Microsoft.Win32.Primitives.xml", "XML", 0, 0, 0, 0, -36, 0, 0, 0, 0, 0, 0, 0, 0, 0, 0, -36
"c:\Users\Torte\Documents\Unity\LogRogue\Packages\Microsoft.Win32.Primitives.4.3.0\ref\netstandard1.3\es\Microsoft.Win32.Primitives.xml", "XML", 0, 0, 0, 0, -36, 0, 0, 0, 0, 0, 0, 0, 0, 0, 0, -36
"c:\Users\Torte\Documents\Unity\LogRogue\Packages\Microsoft.Win32.Primitives.4.3.0\ref\netstandard1.3\fr\Microsoft.Win32.Primitives.xml", "XML", 0, 0, 0, 0, -36, 0, 0, 0, 0, 0, 0, 0, 0, 0, 0, -36
"c:\Users\Torte\Documents\Unity\LogRogue\Packages\Microsoft.Win32.Primitives.4.3.0\ref\netstandard1.3\it\Microsoft.Win32.Primitives.xml", "XML", 0, 0, 0, 0, -36, 0, 0, 0, 0, 0, 0, 0, 0, 0, 0, -36
"c:\Users\Torte\Documents\Unity\LogRogue\Packages\Microsoft.Win32.Primitives.4.3.0\ref\netstandard1.3\ja\Microsoft.Win32.Primitives.xml", "XML", 0, 0, 0, 0, -36, 0, 0, 0, 0, 0, 0, 0, 0, 0, 0, -36
"c:\Users\Torte\Documents\Unity\LogRogue\Packages\Microsoft.Win32.Primitives.4.3.0\ref\netstandard1.3\ko\Microsoft.Win32.Primitives.xml", "XML", 0, 0, 0, 0, -36, 0, 0, 0, 0, 0, 0, 0, 0, 0, 0, -36
"c:\Users\Torte\Documents\Unity\LogRogue\Packages\Microsoft.Win32.Primitives.4.3.0\ref\netstandard1.3\ru\Microsoft.Win32.Primitives.xml", "XML", 0, 0, 0, 0, -36, 0, 0, 0, 0, 0, 0, 0, 0, 0, 0, -36
"c:\Users\Torte\Documents\Unity\LogRogue\Packages\Microsoft.Win32.Primitives.4.3.0\ref\netstandard1.3\zh-hans\Microsoft.Win32.Primitives.xml", "XML", 0, 0, 0, 0, -36, 0, 0, 0, 0, 0, 0, 0, 0, 0, 0, -36
"c:\Users\Torte\Documents\Unity\LogRogue\Packages\Microsoft.Win32.Primitives.4.3.0\ref\netstandard1.3\zh-hant\Microsoft.Win32.Primitives.xml", "XML", 0, 0, 0, 0, -36, 0, 0, 0, 0, 0, 0, 0, 0, 0, 0, -36
"c:\Users\Torte\Documents\Unity\LogRogue\Packages\System.AppContext.4.3.0\ref\netstandard1.3\System.AppContext.xml", "XML", 0, 0, 0, 0, -34, 0, 0, 0, 0, 0, 0, 0, 0, 0, 0, -34
"c:\Users\Torte\Documents\Unity\LogRogue\Packages\System.AppContext.4.3.0\ref\netstandard1.3\de\System.AppContext.xml", "XML", 0, 0, 0, 0, -34, 0, 0, 0, 0, 0, 0, 0, 0, 0, 0, -34
"c:\Users\Torte\Documents\Unity\LogRogue\Packages\System.AppContext.4.3.0\ref\netstandard1.3\es\System.AppContext.xml", "XML", 0, 0, 0, 0, -30, 0, 0, 0, 0, 0, 0, 0, 0, 0, 0, -30
"c:\Users\Torte\Documents\Unity\LogRogue\Packages\System.AppContext.4.3.0\ref\netstandard1.3\fr\System.AppContext.xml", "XML", 0, 0, 0, 0, -34, 0, 0, 0, 0, 0, 0, 0, 0, 0, 0, -34
"c:\Users\Torte\Documents\Unity\LogRogue\Packages\System.AppContext.4.3.0\ref\netstandard1.3\it\System.AppContext.xml", "XML", 0, 0, 0, 0, -34, 0, 0, 0, 0, 0, 0, 0, 0, 0, 0, -34
"c:\Users\Torte\Documents\Unity\LogRogue\Packages\System.AppContext.4.3.0\ref\netstandard1.3\ja\System.AppContext.xml", "XML", 0, 0, 0, 0, -34, 0, 0, 0, 0, 0, 0, 0, 0, 0, 0, -34
"c:\Users\Torte\Documents\Unity\LogRogue\Packages\System.AppContext.4.3.0\ref\netstandard1.3\ko\System.AppContext.xml", "XML", 0, 0, 0, 0, -34, 0, 0, 0, 0, 0, 0, 0, 0, 0, 0, -34
"c:\Users\Torte\Documents\Unity\LogRogue\Packages\System.AppContext.4.3.0\ref\netstandard1.3\ru\System.AppContext.xml", "XML", 0, 0, 0, 0, -30, 0, 0, 0, 0, 0, 0, 0, 0, 0, 0, -30
"c:\Users\Torte\Documents\Unity\LogRogue\Packages\System.AppContext.4.3.0\ref\netstandard1.3\zh-hans\System.AppContext.xml", "XML", 0, 0, 0, 0, -34, 0, 0, 0, 0, 0, 0, 0, 0, 0, 0, -34
"c:\Users\Torte\Documents\Unity\LogRogue\Packages\System.AppContext.4.3.0\ref\netstandard1.3\zh-hant\System.AppContext.xml", "XML", 0, 0, 0, 0, -34, 0, 0, 0, 0, 0, 0, 0, 0, 0, 0, -34
"c:\Users\Torte\Documents\Unity\LogRogue\Packages\System.AppContext.4.3.0\ref\netstandard1.6\System.AppContext.xml", "XML", 0, 0, 0, 0, -34, 0, 0, 0, 0, 0, 0, 0, 0, 0, 0, -34
"c:\Users\Torte\Documents\Unity\LogRogue\Packages\System.AppContext.4.3.0\ref\netstandard1.6\de\System.AppContext.xml", "XML", 0, 0, 0, 0, -34, 0, 0, 0, 0, 0, 0, 0, 0, 0, 0, -34
"c:\Users\Torte\Documents\Unity\LogRogue\Packages\System.AppContext.4.3.0\ref\netstandard1.6\es\System.AppContext.xml", "XML", 0, 0, 0, 0, -30, 0, 0, 0, 0, 0, 0, 0, 0, 0, 0, -30
"c:\Users\Torte\Documents\Unity\LogRogue\Packages\System.AppContext.4.3.0\ref\netstandard1.6\fr\System.AppContext.xml", "XML", 0, 0, 0, 0, -34, 0, 0, 0, 0, 0, 0, 0, 0, 0, 0, -34
"c:\Users\Torte\Documents\Unity\LogRogue\Packages\System.AppContext.4.3.0\ref\netstandard1.6\it\System.AppContext.xml", "XML", 0, 0, 0, 0, -34, 0, 0, 0, 0, 0, 0, 0, 0, 0, 0, -34
"c:\Users\Torte\Documents\Unity\LogRogue\Packages\System.AppContext.4.3.0\ref\netstandard1.6\ja\System.AppContext.xml", "XML", 0, 0, 0, 0, -34, 0, 0, 0, 0, 0, 0, 0, 0, 0, 0, -34
"c:\Users\Torte\Documents\Unity\LogRogue\Packages\System.AppContext.4.3.0\ref\netstandard1.6\ko\System.AppContext.xml", "XML", 0, 0, 0, 0, -34, 0, 0, 0, 0, 0, 0, 0, 0, 0, 0, -34
"c:\Users\Torte\Documents\Unity\LogRogue\Packages\System.AppContext.4.3.0\ref\netstandard1.6\ru\System.AppContext.xml", "XML", 0, 0, 0, 0, -30, 0, 0, 0, 0, 0, 0, 0, 0, 0, 0, -30
"c:\Users\Torte\Documents\Unity\LogRogue\Packages\System.AppContext.4.3.0\ref\netstandard1.6\zh-hans\System.AppContext.xml", "XML", 0, 0, 0, 0, -34, 0, 0, 0, 0, 0, 0, 0, 0, 0, 0, -34
"c:\Users\Torte\Documents\Unity\LogRogue\Packages\System.AppContext.4.3.0\ref\netstandard1.6\zh-hant\System.AppContext.xml", "XML", 0, 0, 0, 0, -34, 0, 0, 0, 0, 0, 0, 0, 0, 0, 0, -34
"c:\Users\Torte\Documents\Unity\LogRogue\Packages\System.Collections.4.3.0\ref\netcore50\System.Collections.xml", "XML", 0, 0, 0, 0, -2798, 0, 0, 0, 0, 0, 0, 0, 0, 0, 0, -2798
"c:\Users\Torte\Documents\Unity\LogRogue\Packages\System.Collections.4.3.0\ref\netcore50\de\System.Collections.xml", "XML", 0, 0, 0, 0, -2796, 0, 0, 0, 0, 0, 0, 0, 0, 0, 0, -2796
"c:\Users\Torte\Documents\Unity\LogRogue\Packages\System.Collections.4.3.0\ref\netcore50\es\System.Collections.xml", "XML", 0, 0, 0, 0, -2807, 0, 0, 0, 0, 0, 0, 0, 0, 0, 0, -2807
"c:\Users\Torte\Documents\Unity\LogRogue\Packages\System.Collections.4.3.0\ref\netcore50\fr\System.Collections.xml", "XML", 0, 0, 0, 0, -2893, 0, 0, 0, 0, 0, 0, 0, 0, 0, 0, -2893
"c:\Users\Torte\Documents\Unity\LogRogue\Packages\System.Collections.4.3.0\ref\netcore50\it\System.Collections.xml", "XML", 0, 0, 0, 0, -2799, 0, 0, 0, 0, 0, 0, 0, 0, 0, 0, -2799
"c:\Users\Torte\Documents\Unity\LogRogue\Packages\System.Collections.4.3.0\ref\netcore50\ja\System.Collections.xml", "XML", 0, 0, 0, 0, -3346, 0, 0, 0, 0, 0, 0, 0, 0, 0, 0, -3346
"c:\Users\Torte\Documents\Unity\LogRogue\Packages\System.Collections.4.3.0\ref\netcore50\ko\System.Collections.xml", "XML", 0, 0, 0, 0, -3346, 0, 0, 0, 0, 0, 0, 0, 0, 0, 0, -3346
"c:\Users\Torte\Documents\Unity\LogRogue\Packages\System.Collections.4.3.0\ref\netcore50\ru\System.Collections.xml", "XML", 0, 0, 0, 0, -2632, 0, 0, 0, 0, 0, 0, 0, 0, 0, 0, -2632
"c:\Users\Torte\Documents\Unity\LogRogue\Packages\System.Collections.4.3.0\ref\netcore50\zh-hans\System.Collections.xml", "XML", 0, 0, 0, 0, -2901, 0, 0, 0, 0, 0, 0, 0, 0, 0, 0, -2901
"c:\Users\Torte\Documents\Unity\LogRogue\Packages\System.Collections.4.3.0\ref\netcore50\zh-hant\System.Collections.xml", "XML", 0, 0, 0, 0, -2943, 0, 0, 0, 0, 0, 0, 0, 0, 0, 0, -2943
"c:\Users\Torte\Documents\Unity\LogRogue\Packages\System.Collections.4.3.0\ref\netstandard1.0\System.Collections.xml", "XML", 0, 0, 0, 0, -2798, 0, 0, 0, 0, 0, 0, 0, 0, 0, 0, -2798
"c:\Users\Torte\Documents\Unity\LogRogue\Packages\System.Collections.4.3.0\ref\netstandard1.0\de\System.Collections.xml", "XML", 0, 0, 0, 0, -2796, 0, 0, 0, 0, 0, 0, 0, 0, 0, 0, -2796
"c:\Users\Torte\Documents\Unity\LogRogue\Packages\System.Collections.4.3.0\ref\netstandard1.0\es\System.Collections.xml", "XML", 0, 0, 0, 0, -2807, 0, 0, 0, 0, 0, 0, 0, 0, 0, 0, -2807
"c:\Users\Torte\Documents\Unity\LogRogue\Packages\System.Collections.4.3.0\ref\netstandard1.0\fr\System.Collections.xml", "XML", 0, 0, 0, 0, -2893, 0, 0, 0, 0, 0, 0, 0, 0, 0, 0, -2893
"c:\Users\Torte\Documents\Unity\LogRogue\Packages\System.Collections.4.3.0\ref\netstandard1.0\it\System.Collections.xml", "XML", 0, 0, 0, 0, -2799, 0, 0, 0, 0, 0, 0, 0, 0, 0, 0, -2799
"c:\Users\Torte\Documents\Unity\LogRogue\Packages\System.Collections.4.3.0\ref\netstandard1.0\ja\System.Collections.xml", "XML", 0, 0, 0, 0, -3346, 0, 0, 0, 0, 0, 0, 0, 0, 0, 0, -3346
"c:\Users\Torte\Documents\Unity\LogRogue\Packages\System.Collections.4.3.0\ref\netstandard1.0\ko\System.Collections.xml", "XML", 0, 0, 0, 0, -3346, 0, 0, 0, 0, 0, 0, 0, 0, 0, 0, -3346
"c:\Users\Torte\Documents\Unity\LogRogue\Packages\System.Collections.4.3.0\ref\netstandard1.0\ru\System.Collections.xml", "XML", 0, 0, 0, 0, -2632, 0, 0, 0, 0, 0, 0, 0, 0, 0, 0, -2632
"c:\Users\Torte\Documents\Unity\LogRogue\Packages\System.Collections.4.3.0\ref\netstandard1.0\zh-hans\System.Collections.xml", "XML", 0, 0, 0, 0, -2901, 0, 0, 0, 0, 0, 0, 0, 0, 0, 0, -2901
"c:\Users\Torte\Documents\Unity\LogRogue\Packages\System.Collections.4.3.0\ref\netstandard1.0\zh-hant\System.Collections.xml", "XML", 0, 0, 0, 0, -2943, 0, 0, 0, 0, 0, 0, 0, 0, 0, 0, -2943
"c:\Users\Torte\Documents\Unity\LogRogue\Packages\System.Collections.4.3.0\ref\netstandard1.3\System.Collections.xml", "XML", 0, 0, 0, 0, -2798, 0, 0, 0, 0, 0, 0, 0, 0, 0, 0, -2798
"c:\Users\Torte\Documents\Unity\LogRogue\Packages\System.Collections.4.3.0\ref\netstandard1.3\de\System.Collections.xml", "XML", 0, 0, 0, 0, -2796, 0, 0, 0, 0, 0, 0, 0, 0, 0, 0, -2796
"c:\Users\Torte\Documents\Unity\LogRogue\Packages\System.Collections.4.3.0\ref\netstandard1.3\es\System.Collections.xml", "XML", 0, 0, 0, 0, -2807, 0, 0, 0, 0, 0, 0, 0, 0, 0, 0, -2807
"c:\Users\Torte\Documents\Unity\LogRogue\Packages\System.Collections.4.3.0\ref\netstandard1.3\fr\System.Collections.xml", "XML", 0, 0, 0, 0, -2893, 0, 0, 0, 0, 0, 0, 0, 0, 0, 0, -2893
"c:\Users\Torte\Documents\Unity\LogRogue\Packages\System.Collections.4.3.0\ref\netstandard1.3\it\System.Collections.xml", "XML", 0, 0, 0, 0, -2799, 0, 0, 0, 0, 0, 0, 0, 0, 0, 0, -2799
"c:\Users\Torte\Documents\Unity\LogRogue\Packages\System.Collections.4.3.0\ref\netstandard1.3\ja\System.Collections.xml", "XML", 0, 0, 0, 0, -3346, 0, 0, 0, 0, 0, 0, 0, 0, 0, 0, -3346
"c:\Users\Torte\Documents\Unity\LogRogue\Packages\System.Collections.4.3.0\ref\netstandard1.3\ko\System.Collections.xml", "XML", 0, 0, 0, 0, -3346, 0, 0, 0, 0, 0, 0, 0, 0, 0, 0, -3346
"c:\Users\Torte\Documents\Unity\LogRogue\Packages\System.Collections.4.3.0\ref\netstandard1.3\ru\System.Collections.xml", "XML", 0, 0, 0, 0, -2632, 0, 0, 0, 0, 0, 0, 0, 0, 0, 0, -2632
"c:\Users\Torte\Documents\Unity\LogRogue\Packages\System.Collections.4.3.0\ref\netstandard1.3\zh-hans\System.Collections.xml", "XML", 0, 0, 0, 0, -2901, 0, 0, 0, 0, 0, 0, 0, 0, 0, 0, -2901
"c:\Users\Torte\Documents\Unity\LogRogue\Packages\System.Collections.4.3.0\ref\netstandard1.3\zh-hant\System.Collections.xml", "XML", 0, 0, 0, 0, -2943, 0, 0, 0, 0, 0, 0, 0, 0, 0, 0, -2943
"c:\Users\Torte\Documents\Unity\LogRogue\Packages\System.Collections.Concurrent.4.3.0\ref\netcore50\System.Collections.Concurrent.xml", "XML", 0, 0, 0, 0, -1133, 0, 0, 0, 0, 0, 0, 0, 0, 0, 0, -1133
"c:\Users\Torte\Documents\Unity\LogRogue\Packages\System.Collections.Concurrent.4.3.0\ref\netcore50\de\System.Collections.Concurrent.xml", "XML", 0, 0, 0, 0, -1153, 0, 0, 0, 0, 0, 0, 0, 0, 0, 0, -1153
"c:\Users\Torte\Documents\Unity\LogRogue\Packages\System.Collections.Concurrent.4.3.0\ref\netcore50\es\System.Collections.Concurrent.xml", "XML", 0, 0, 0, 0, -1140, 0, 0, 0, 0, 0, 0, 0, 0, 0, 0, -1140
"c:\Users\Torte\Documents\Unity\LogRogue\Packages\System.Collections.Concurrent.4.3.0\ref\netcore50\fr\System.Collections.Concurrent.xml", "XML", 0, 0, 0, 0, -1184, 0, 0, 0, 0, 0, 0, 0, 0, 0, 0, -1184
"c:\Users\Torte\Documents\Unity\LogRogue\Packages\System.Collections.Concurrent.4.3.0\ref\netcore50\it\System.Collections.Concurrent.xml", "XML", 0, 0, 0, 0, -1142, 0, 0, 0, 0, 0, 0, 0, 0, 0, 0, -1142
"c:\Users\Torte\Documents\Unity\LogRogue\Packages\System.Collections.Concurrent.4.3.0\ref\netcore50\ja\System.Collections.Concurrent.xml", "XML", 0, 0, 0, 0, -1385, 0, 0, 0, 0, 0, 0, 0, 0, 0, 0, -1385
"c:\Users\Torte\Documents\Unity\LogRogue\Packages\System.Collections.Concurrent.4.3.0\ref\netcore50\ko\System.Collections.Concurrent.xml", "XML", 0, 0, 0, 0, -1391, 0, 0, 0, 0, 0, 0, 0, 0, 0, 0, -1391
"c:\Users\Torte\Documents\Unity\LogRogue\Packages\System.Collections.Concurrent.4.3.0\ref\netcore50\ru\System.Collections.Concurrent.xml", "XML", 0, 0, 0, 0, -1112, 0, 0, 0, 0, 0, 0, 0, 0, 0, 0, -1112
"c:\Users\Torte\Documents\Unity\LogRogue\Packages\System.Collections.Concurrent.4.3.0\ref\netcore50\zh-hans\System.Collections.Concurrent.xml", "XML", 0, 0, 0, 0, -1219, 0, 0, 0, 0, 0, 0, 0, 0, 0, 0, -1219
"c:\Users\Torte\Documents\Unity\LogRogue\Packages\System.Collections.Concurrent.4.3.0\ref\netcore50\zh-hant\System.Collections.Concurrent.xml", "XML", 0, 0, 0, 0, -1250, 0, 0, 0, 0, 0, 0, 0, 0, 0, 0, -1250
"c:\Users\Torte\Documents\Unity\LogRogue\Packages\System.Collections.Concurrent.4.3.0\ref\netstandard1.1\System.Collections.Concurrent.xml", "XML", 0, 0, 0, 0, -1133, 0, 0, 0, 0, 0, 0, 0, 0, 0, 0, -1133
"c:\Users\Torte\Documents\Unity\LogRogue\Packages\System.Collections.Concurrent.4.3.0\ref\netstandard1.1\de\System.Collections.Concurrent.xml", "XML", 0, 0, 0, 0, -1153, 0, 0, 0, 0, 0, 0, 0, 0, 0, 0, -1153
"c:\Users\Torte\Documents\Unity\LogRogue\Packages\System.Collections.Concurrent.4.3.0\ref\netstandard1.1\es\System.Collections.Concurrent.xml", "XML", 0, 0, 0, 0, -1140, 0, 0, 0, 0, 0, 0, 0, 0, 0, 0, -1140
"c:\Users\Torte\Documents\Unity\LogRogue\Packages\System.Collections.Concurrent.4.3.0\ref\netstandard1.1\fr\System.Collections.Concurrent.xml", "XML", 0, 0, 0, 0, -1184, 0, 0, 0, 0, 0, 0, 0, 0, 0, 0, -1184
"c:\Users\Torte\Documents\Unity\LogRogue\Packages\System.Collections.Concurrent.4.3.0\ref\netstandard1.1\it\System.Collections.Concurrent.xml", "XML", 0, 0, 0, 0, -1142, 0, 0, 0, 0, 0, 0, 0, 0, 0, 0, -1142
"c:\Users\Torte\Documents\Unity\LogRogue\Packages\System.Collections.Concurrent.4.3.0\ref\netstandard1.1\ja\System.Collections.Concurrent.xml", "XML", 0, 0, 0, 0, -1385, 0, 0, 0, 0, 0, 0, 0, 0, 0, 0, -1385
"c:\Users\Torte\Documents\Unity\LogRogue\Packages\System.Collections.Concurrent.4.3.0\ref\netstandard1.1\ko\System.Collections.Concurrent.xml", "XML", 0, 0, 0, 0, -1391, 0, 0, 0, 0, 0, 0, 0, 0, 0, 0, -1391
"c:\Users\Torte\Documents\Unity\LogRogue\Packages\System.Collections.Concurrent.4.3.0\ref\netstandard1.1\ru\System.Collections.Concurrent.xml", "XML", 0, 0, 0, 0, -1112, 0, 0, 0, 0, 0, 0, 0, 0, 0, 0, -1112
"c:\Users\Torte\Documents\Unity\LogRogue\Packages\System.Collections.Concurrent.4.3.0\ref\netstandard1.1\zh-hans\System.Collections.Concurrent.xml", "XML", 0, 0, 0, 0, -1219, 0, 0, 0, 0, 0, 0, 0, 0, 0, 0, -1219
"c:\Users\Torte\Documents\Unity\LogRogue\Packages\System.Collections.Concurrent.4.3.0\ref\netstandard1.1\zh-hant\System.Collections.Concurrent.xml", "XML", 0, 0, 0, 0, -1250, 0, 0, 0, 0, 0, 0, 0, 0, 0, 0, -1250
"c:\Users\Torte\Documents\Unity\LogRogue\Packages\System.Collections.Concurrent.4.3.0\ref\netstandard1.3\System.Collections.Concurrent.xml", "XML", 0, 0, 0, 0, -1133, 0, 0, 0, 0, 0, 0, 0, 0, 0, 0, -1133
"c:\Users\Torte\Documents\Unity\LogRogue\Packages\System.Collections.Concurrent.4.3.0\ref\netstandard1.3\de\System.Collections.Concurrent.xml", "XML", 0, 0, 0, 0, -1153, 0, 0, 0, 0, 0, 0, 0, 0, 0, 0, -1153
"c:\Users\Torte\Documents\Unity\LogRogue\Packages\System.Collections.Concurrent.4.3.0\ref\netstandard1.3\es\System.Collections.Concurrent.xml", "XML", 0, 0, 0, 0, -1140, 0, 0, 0, 0, 0, 0, 0, 0, 0, 0, -1140
"c:\Users\Torte\Documents\Unity\LogRogue\Packages\System.Collections.Concurrent.4.3.0\ref\netstandard1.3\fr\System.Collections.Concurrent.xml", "XML", 0, 0, 0, 0, -1184, 0, 0, 0, 0, 0, 0, 0, 0, 0, 0, -1184
"c:\Users\Torte\Documents\Unity\LogRogue\Packages\System.Collections.Concurrent.4.3.0\ref\netstandard1.3\it\System.Collections.Concurrent.xml", "XML", 0, 0, 0, 0, -1142, 0, 0, 0, 0, 0, 0, 0, 0, 0, 0, -1142
"c:\Users\Torte\Documents\Unity\LogRogue\Packages\System.Collections.Concurrent.4.3.0\ref\netstandard1.3\ja\System.Collections.Concurrent.xml", "XML", 0, 0, 0, 0, -1385, 0, 0, 0, 0, 0, 0, 0, 0, 0, 0, -1385
"c:\Users\Torte\Documents\Unity\LogRogue\Packages\System.Collections.Concurrent.4.3.0\ref\netstandard1.3\ko\System.Collections.Concurrent.xml", "XML", 0, 0, 0, 0, -1391, 0, 0, 0, 0, 0, 0, 0, 0, 0, 0, -1391
"c:\Users\Torte\Documents\Unity\LogRogue\Packages\System.Collections.Concurrent.4.3.0\ref\netstandard1.3\ru\System.Collections.Concurrent.xml", "XML", 0, 0, 0, 0, -1112, 0, 0, 0, 0, 0, 0, 0, 0, 0, 0, -1112
"c:\Users\Torte\Documents\Unity\LogRogue\Packages\System.Collections.Concurrent.4.3.0\ref\netstandard1.3\zh-hans\System.Collections.Concurrent.xml", "XML", 0, 0, 0, 0, -1219, 0, 0, 0, 0, 0, 0, 0, 0, 0, 0, -1219
"c:\Users\Torte\Documents\Unity\LogRogue\Packages\System.Collections.Concurrent.4.3.0\ref\netstandard1.3\zh-hant\System.Collections.Concurrent.xml", "XML", 0, 0, 0, 0, -1250, 0, 0, 0, 0, 0, 0, 0, 0, 0, 0, -1250
"c:\Users\Torte\Documents\Unity\LogRogue\Packages\System.Console.4.3.0\ref\netstandard1.3\System.Console.xml", "XML", 0, 0, 0, 0, -469, 0, 0, 0, 0, 0, 0, 0, 0, 0, 0, -469
"c:\Users\Torte\Documents\Unity\LogRogue\Packages\System.Console.4.3.0\ref\netstandard1.3\de\System.Console.xml", "XML", 0, 0, 0, 0, -467, 0, 0, 0, 0, 0, 0, 0, 0, 0, 0, -467
"c:\Users\Torte\Documents\Unity\LogRogue\Packages\System.Console.4.3.0\ref\netstandard1.3\es\System.Console.xml", "XML", 0, 0, 0, 0, -458, 0, 0, 0, 0, 0, 0, 0, 0, 0, 0, -458
"c:\Users\Torte\Documents\Unity\LogRogue\Packages\System.Console.4.3.0\ref\netstandard1.3\fr\System.Console.xml", "XML", 0, 0, 0, 0, -473, 0, 0, 0, 0, 0, 0, 0, 0, 0, 0, -473
"c:\Users\Torte\Documents\Unity\LogRogue\Packages\System.Console.4.3.0\ref\netstandard1.3\it\System.Console.xml", "XML", 0, 0, 0, 0, -467, 0, 0, 0, 0, 0, 0, 0, 0, 0, 0, -467
"c:\Users\Torte\Documents\Unity\LogRogue\Packages\System.Console.4.3.0\ref\netstandard1.3\ja\System.Console.xml", "XML", 0, 0, 0, 0, -499, 0, 0, 0, 0, 0, 0, 0, 0, 0, 0, -499
"c:\Users\Torte\Documents\Unity\LogRogue\Packages\System.Console.4.3.0\ref\netstandard1.3\ko\System.Console.xml", "XML", 0, 0, 0, 0, -502, 0, 0, 0, 0, 0, 0, 0, 0, 0, 0, -502
"c:\Users\Torte\Documents\Unity\LogRogue\Packages\System.Console.4.3.0\ref\netstandard1.3\ru\System.Console.xml", "XML", 0, 0, 0, 0, -452, 0, 0, 0, 0, 0, 0, 0, 0, 0, 0, -452
"c:\Users\Torte\Documents\Unity\LogRogue\Packages\System.Console.4.3.0\ref\netstandard1.3\zh-hans\System.Console.xml", "XML", 0, 0, 0, 0, -481, 0, 0, 0, 0, 0, 0, 0, 0, 0, 0, -481
"c:\Users\Torte\Documents\Unity\LogRogue\Packages\System.Console.4.3.0\ref\netstandard1.3\zh-hant\System.Console.xml", "XML", 0, 0, 0, 0, -486, 0, 0, 0, 0, 0, 0, 0, 0, 0, 0, -486
"c:\Users\Torte\Documents\Unity\LogRogue\Packages\System.Diagnostics.Debug.4.3.0\ref\netcore50\System.Diagnostics.Debug.xml", "XML", 0, 0, 0, 0, -374, 0, 0, 0, 0, 0, 0, 0, 0, 0, 0, -374
"c:\Users\Torte\Documents\Unity\LogRogue\Packages\System.Diagnostics.Debug.4.3.0\ref\netcore50\de\System.Diagnostics.Debug.xml", "XML", 0, 0, 0, 0, -376, 0, 0, 0, 0, 0, 0, 0, 0, 0, 0, -376
"c:\Users\Torte\Documents\Unity\LogRogue\Packages\System.Diagnostics.Debug.4.3.0\ref\netcore50\es\System.Diagnostics.Debug.xml", "XML", 0, 0, 0, 0, -372, 0, 0, 0, 0, 0, 0, 0, 0, 0, 0, -372
"c:\Users\Torte\Documents\Unity\LogRogue\Packages\System.Diagnostics.Debug.4.3.0\ref\netcore50\fr\System.Diagnostics.Debug.xml", "XML", 0, 0, 0, 0, -376, 0, 0, 0, 0, 0, 0, 0, 0, 0, 0, -376
"c:\Users\Torte\Documents\Unity\LogRogue\Packages\System.Diagnostics.Debug.4.3.0\ref\netcore50\it\System.Diagnostics.Debug.xml", "XML", 0, 0, 0, 0, -376, 0, 0, 0, 0, 0, 0, 0, 0, 0, 0, -376
"c:\Users\Torte\Documents\Unity\LogRogue\Packages\System.Diagnostics.Debug.4.3.0\ref\netcore50\ja\System.Diagnostics.Debug.xml", "XML", 0, 0, 0, 0, -388, 0, 0, 0, 0, 0, 0, 0, 0, 0, 0, -388
"c:\Users\Torte\Documents\Unity\LogRogue\Packages\System.Diagnostics.Debug.4.3.0\ref\netcore50\ko\System.Diagnostics.Debug.xml", "XML", 0, 0, 0, 0, -406, 0, 0, 0, 0, 0, 0, 0, 0, 0, 0, -406
"c:\Users\Torte\Documents\Unity\LogRogue\Packages\System.Diagnostics.Debug.4.3.0\ref\netcore50\ru\System.Diagnostics.Debug.xml", "XML", 0, 0, 0, 0, -370, 0, 0, 0, 0, 0, 0, 0, 0, 0, 0, -370
"c:\Users\Torte\Documents\Unity\LogRogue\Packages\System.Diagnostics.Debug.4.3.0\ref\netcore50\zh-hans\System.Diagnostics.Debug.xml", "XML", 0, 0, 0, 0, -376, 0, 0, 0, 0, 0, 0, 0, 0, 0, 0, -376
"c:\Users\Torte\Documents\Unity\LogRogue\Packages\System.Diagnostics.Debug.4.3.0\ref\netcore50\zh-hant\System.Diagnostics.Debug.xml", "XML", 0, 0, 0, 0, -376, 0, 0, 0, 0, 0, 0, 0, 0, 0, 0, -376
"c:\Users\Torte\Documents\Unity\LogRogue\Packages\System.Diagnostics.Debug.4.3.0\ref\netstandard1.0\System.Diagnostics.Debug.xml", "XML", 0, 0, 0, 0, -374, 0, 0, 0, 0, 0, 0, 0, 0, 0, 0, -374
"c:\Users\Torte\Documents\Unity\LogRogue\Packages\System.Diagnostics.Debug.4.3.0\ref\netstandard1.0\de\System.Diagnostics.Debug.xml", "XML", 0, 0, 0, 0, -376, 0, 0, 0, 0, 0, 0, 0, 0, 0, 0, -376
"c:\Users\Torte\Documents\Unity\LogRogue\Packages\System.Diagnostics.Debug.4.3.0\ref\netstandard1.0\es\System.Diagnostics.Debug.xml", "XML", 0, 0, 0, 0, -372, 0, 0, 0, 0, 0, 0, 0, 0, 0, 0, -372
"c:\Users\Torte\Documents\Unity\LogRogue\Packages\System.Diagnostics.Debug.4.3.0\ref\netstandard1.0\fr\System.Diagnostics.Debug.xml", "XML", 0, 0, 0, 0, -376, 0, 0, 0, 0, 0, 0, 0, 0, 0, 0, -376
"c:\Users\Torte\Documents\Unity\LogRogue\Packages\System.Diagnostics.Debug.4.3.0\ref\netstandard1.0\it\System.Diagnostics.Debug.xml", "XML", 0, 0, 0, 0, -376, 0, 0, 0, 0, 0, 0, 0, 0, 0, 0, -376
"c:\Users\Torte\Documents\Unity\LogRogue\Packages\System.Diagnostics.Debug.4.3.0\ref\netstandard1.0\ja\System.Diagnostics.Debug.xml", "XML", 0, 0, 0, 0, -388, 0, 0, 0, 0, 0, 0, 0, 0, 0, 0, -388
"c:\Users\Torte\Documents\Unity\LogRogue\Packages\System.Diagnostics.Debug.4.3.0\ref\netstandard1.0\ko\System.Diagnostics.Debug.xml", "XML", 0, 0, 0, 0, -406, 0, 0, 0, 0, 0, 0, 0, 0, 0, 0, -406
"c:\Users\Torte\Documents\Unity\LogRogue\Packages\System.Diagnostics.Debug.4.3.0\ref\netstandard1.0\ru\System.Diagnostics.Debug.xml", "XML", 0, 0, 0, 0, -370, 0, 0, 0, 0, 0, 0, 0, 0, 0, 0, -370
"c:\Users\Torte\Documents\Unity\LogRogue\Packages\System.Diagnostics.Debug.4.3.0\ref\netstandard1.0\zh-hans\System.Diagnostics.Debug.xml", "XML", 0, 0, 0, 0, -376, 0, 0, 0, 0, 0, 0, 0, 0, 0, 0, -376
"c:\Users\Torte\Documents\Unity\LogRogue\Packages\System.Diagnostics.Debug.4.3.0\ref\netstandard1.0\zh-hant\System.Diagnostics.Debug.xml", "XML", 0, 0, 0, 0, -376, 0, 0, 0, 0, 0, 0, 0, 0, 0, 0, -376
"c:\Users\Torte\Documents\Unity\LogRogue\Packages\System.Diagnostics.Debug.4.3.0\ref\netstandard1.3\System.Diagnostics.Debug.xml", "XML", 0, 0, 0, 0, -374, 0, 0, 0, 0, 0, 0, 0, 0, 0, 0, -374
"c:\Users\Torte\Documents\Unity\LogRogue\Packages\System.Diagnostics.Debug.4.3.0\ref\netstandard1.3\de\System.Diagnostics.Debug.xml", "XML", 0, 0, 0, 0, -376, 0, 0, 0, 0, 0, 0, 0, 0, 0, 0, -376
"c:\Users\Torte\Documents\Unity\LogRogue\Packages\System.Diagnostics.Debug.4.3.0\ref\netstandard1.3\es\System.Diagnostics.Debug.xml", "XML", 0, 0, 0, 0, -372, 0, 0, 0, 0, 0, 0, 0, 0, 0, 0, -372
"c:\Users\Torte\Documents\Unity\LogRogue\Packages\System.Diagnostics.Debug.4.3.0\ref\netstandard1.3\fr\System.Diagnostics.Debug.xml", "XML", 0, 0, 0, 0, -376, 0, 0, 0, 0, 0, 0, 0, 0, 0, 0, -376
"c:\Users\Torte\Documents\Unity\LogRogue\Packages\System.Diagnostics.Debug.4.3.0\ref\netstandard1.3\it\System.Diagnostics.Debug.xml", "XML", 0, 0, 0, 0, -376, 0, 0, 0, 0, 0, 0, 0, 0, 0, 0, -376
"c:\Users\Torte\Documents\Unity\LogRogue\Packages\System.Diagnostics.Debug.4.3.0\ref\netstandard1.3\ja\System.Diagnostics.Debug.xml", "XML", 0, 0, 0, 0, -388, 0, 0, 0, 0, 0, 0, 0, 0, 0, 0, -388
"c:\Users\Torte\Documents\Unity\LogRogue\Packages\System.Diagnostics.Debug.4.3.0\ref\netstandard1.3\ko\System.Diagnostics.Debug.xml", "XML", 0, 0, 0, 0, -406, 0, 0, 0, 0, 0, 0, 0, 0, 0, 0, -406
"c:\Users\Torte\Documents\Unity\LogRogue\Packages\System.Diagnostics.Debug.4.3.0\ref\netstandard1.3\ru\System.Diagnostics.Debug.xml", "XML", 0, 0, 0, 0, -370, 0, 0, 0, 0, 0, 0, 0, 0, 0, 0, -370
"c:\Users\Torte\Documents\Unity\LogRogue\Packages\System.Diagnostics.Debug.4.3.0\ref\netstandard1.3\zh-hans\System.Diagnostics.Debug.xml", "XML", 0, 0, 0, 0, -376, 0, 0, 0, 0, 0, 0, 0, 0, 0, 0, -376
"c:\Users\Torte\Documents\Unity\LogRogue\Packages\System.Diagnostics.Debug.4.3.0\ref\netstandard1.3\zh-hant\System.Diagnostics.Debug.xml", "XML", 0, 0, 0, 0, -376, 0, 0, 0, 0, 0, 0, 0, 0, 0, 0, -376
"c:\Users\Torte\Documents\Unity\LogRogue\Packages\System.Diagnostics.DiagnosticSource.4.3.0\lib\net46\System.Diagnostics.DiagnosticSource.xml", "XML", 0, 0, 0, 0, -424, 0, 0, 0, 0, 0, 0, 0, 0, 0, -41, -465
"c:\Users\Torte\Documents\Unity\LogRogue\Packages\System.Diagnostics.DiagnosticSource.4.3.0\lib\netstandard1.1\System.Diagnostics.DiagnosticSource.xml", "XML", 0, 0, 0, 0, -388, 0, 0, 0, 0, 0, 0, 0, 0, 0, -41, -429
"c:\Users\Torte\Documents\Unity\LogRogue\Packages\System.Diagnostics.DiagnosticSource.4.3.0\lib\netstandard1.3\System.Diagnostics.DiagnosticSource.xml", "XML", 0, 0, 0, 0, -424, 0, 0, 0, 0, 0, 0, 0, 0, 0, -41, -465
"c:\Users\Torte\Documents\Unity\LogRogue\Packages\System.Diagnostics.DiagnosticSource.4.3.0\lib\portable-net45+win8+wpa81\System.Diagnostics.DiagnosticSource.xml", "XML", 0, 0, 0, 0, -388, 0, 0, 0, 0, 0, 0, 0, 0, 0, -41, -429
"c:\Users\Torte\Documents\Unity\LogRogue\Packages\System.Diagnostics.Tools.4.3.0\ref\netcore50\System.Diagnostics.Tools.xml", "XML", 0, 0, 0, 0, -56, 0, 0, 0, 0, 0, 0, 0, 0, 0, 0, -56
"c:\Users\Torte\Documents\Unity\LogRogue\Packages\System.Diagnostics.Tools.4.3.0\ref\netcore50\de\System.Diagnostics.Tools.xml", "XML", 0, 0, 0, 0, -56, 0, 0, 0, 0, 0, 0, 0, 0, 0, 0, -56
"c:\Users\Torte\Documents\Unity\LogRogue\Packages\System.Diagnostics.Tools.4.3.0\ref\netcore50\es\System.Diagnostics.Tools.xml", "XML", 0, 0, 0, 0, -56, 0, 0, 0, 0, 0, 0, 0, 0, 0, 0, -56
"c:\Users\Torte\Documents\Unity\LogRogue\Packages\System.Diagnostics.Tools.4.3.0\ref\netcore50\fr\System.Diagnostics.Tools.xml", "XML", 0, 0, 0, 0, -56, 0, 0, 0, 0, 0, 0, 0, 0, 0, 0, -56
"c:\Users\Torte\Documents\Unity\LogRogue\Packages\System.Diagnostics.Tools.4.3.0\ref\netcore50\it\System.Diagnostics.Tools.xml", "XML", 0, 0, 0, 0, -56, 0, 0, 0, 0, 0, 0, 0, 0, 0, 0, -56
"c:\Users\Torte\Documents\Unity\LogRogue\Packages\System.Diagnostics.Tools.4.3.0\ref\netcore50\ja\System.Diagnostics.Tools.xml", "XML", 0, 0, 0, 0, -56, 0, 0, 0, 0, 0, 0, 0, 0, 0, 0, -56
"c:\Users\Torte\Documents\Unity\LogRogue\Packages\System.Diagnostics.Tools.4.3.0\ref\netcore50\ko\System.Diagnostics.Tools.xml", "XML", 0, 0, 0, 0, -57, 0, 0, 0, 0, 0, 0, 0, 0, 0, 0, -57
"c:\Users\Torte\Documents\Unity\LogRogue\Packages\System.Diagnostics.Tools.4.3.0\ref\netcore50\ru\System.Diagnostics.Tools.xml", "XML", 0, 0, 0, 0, -56, 0, 0, 0, 0, 0, 0, 0, 0, 0, 0, -56
"c:\Users\Torte\Documents\Unity\LogRogue\Packages\System.Diagnostics.Tools.4.3.0\ref\netcore50\zh-hans\System.Diagnostics.Tools.xml", "XML", 0, 0, 0, 0, -56, 0, 0, 0, 0, 0, 0, 0, 0, 0, 0, -56
"c:\Users\Torte\Documents\Unity\LogRogue\Packages\System.Diagnostics.Tools.4.3.0\ref\netcore50\zh-hant\System.Diagnostics.Tools.xml", "XML", 0, 0, 0, 0, -56, 0, 0, 0, 0, 0, 0, 0, 0, 0, 0, -56
"c:\Users\Torte\Documents\Unity\LogRogue\Packages\System.Diagnostics.Tools.4.3.0\ref\netstandard1.0\System.Diagnostics.Tools.xml", "XML", 0, 0, 0, 0, -56, 0, 0, 0, 0, 0, 0, 0, 0, 0, 0, -56
"c:\Users\Torte\Documents\Unity\LogRogue\Packages\System.Diagnostics.Tools.4.3.0\ref\netstandard1.0\de\System.Diagnostics.Tools.xml", "XML", 0, 0, 0, 0, -56, 0, 0, 0, 0, 0, 0, 0, 0, 0, 0, -56
"c:\Users\Torte\Documents\Unity\LogRogue\Packages\System.Diagnostics.Tools.4.3.0\ref\netstandard1.0\es\System.Diagnostics.Tools.xml", "XML", 0, 0, 0, 0, -56, 0, 0, 0, 0, 0, 0, 0, 0, 0, 0, -56
"c:\Users\Torte\Documents\Unity\LogRogue\Packages\System.Diagnostics.Tools.4.3.0\ref\netstandard1.0\fr\System.Diagnostics.Tools.xml", "XML", 0, 0, 0, 0, -56, 0, 0, 0, 0, 0, 0, 0, 0, 0, 0, -56
"c:\Users\Torte\Documents\Unity\LogRogue\Packages\System.Diagnostics.Tools.4.3.0\ref\netstandard1.0\it\System.Diagnostics.Tools.xml", "XML", 0, 0, 0, 0, -56, 0, 0, 0, 0, 0, 0, 0, 0, 0, 0, -56
"c:\Users\Torte\Documents\Unity\LogRogue\Packages\System.Diagnostics.Tools.4.3.0\ref\netstandard1.0\ja\System.Diagnostics.Tools.xml", "XML", 0, 0, 0, 0, -56, 0, 0, 0, 0, 0, 0, 0, 0, 0, 0, -56
"c:\Users\Torte\Documents\Unity\LogRogue\Packages\System.Diagnostics.Tools.4.3.0\ref\netstandard1.0\ko\System.Diagnostics.Tools.xml", "XML", 0, 0, 0, 0, -57, 0, 0, 0, 0, 0, 0, 0, 0, 0, 0, -57
"c:\Users\Torte\Documents\Unity\LogRogue\Packages\System.Diagnostics.Tools.4.3.0\ref\netstandard1.0\ru\System.Diagnostics.Tools.xml", "XML", 0, 0, 0, 0, -56, 0, 0, 0, 0, 0, 0, 0, 0, 0, 0, -56
"c:\Users\Torte\Documents\Unity\LogRogue\Packages\System.Diagnostics.Tools.4.3.0\ref\netstandard1.0\zh-hans\System.Diagnostics.Tools.xml", "XML", 0, 0, 0, 0, -56, 0, 0, 0, 0, 0, 0, 0, 0, 0, 0, -56
"c:\Users\Torte\Documents\Unity\LogRogue\Packages\System.Diagnostics.Tools.4.3.0\ref\netstandard1.0\zh-hant\System.Diagnostics.Tools.xml", "XML", 0, 0, 0, 0, -56, 0, 0, 0, 0, 0, 0, 0, 0, 0, 0, -56
"c:\Users\Torte\Documents\Unity\LogRogue\Packages\System.Diagnostics.Tracing.4.3.0\ref\netcore50\System.Diagnostics.Tracing.xml", "XML", 0, 0, 0, 0, -810, 0, 0, 0, 0, 0, 0, 0, 0, 0, 0, -810
"c:\Users\Torte\Documents\Unity\LogRogue\Packages\System.Diagnostics.Tracing.4.3.0\ref\netcore50\de\System.Diagnostics.Tracing.xml", "XML", 0, 0, 0, 0, -804, 0, 0, 0, 0, 0, 0, 0, 0, 0, 0, -804
"c:\Users\Torte\Documents\Unity\LogRogue\Packages\System.Diagnostics.Tracing.4.3.0\ref\netcore50\es\System.Diagnostics.Tracing.xml", "XML", 0, 0, 0, 0, -804, 0, 0, 0, 0, 0, 0, 0, 0, 0, 0, -804
"c:\Users\Torte\Documents\Unity\LogRogue\Packages\System.Diagnostics.Tracing.4.3.0\ref\netcore50\fr\System.Diagnostics.Tracing.xml", "XML", 0, 0, 0, 0, -804, 0, 0, 0, 0, 0, 0, 0, 0, 0, 0, -804
"c:\Users\Torte\Documents\Unity\LogRogue\Packages\System.Diagnostics.Tracing.4.3.0\ref\netcore50\it\System.Diagnostics.Tracing.xml", "XML", 0, 0, 0, 0, -804, 0, 0, 0, 0, 0, 0, 0, 0, 0, 0, -804
"c:\Users\Torte\Documents\Unity\LogRogue\Packages\System.Diagnostics.Tracing.4.3.0\ref\netcore50\ja\System.Diagnostics.Tracing.xml", "XML", 0, 0, 0, 0, -834, 0, 0, 0, 0, 0, 0, 0, 0, 0, 0, -834
"c:\Users\Torte\Documents\Unity\LogRogue\Packages\System.Diagnostics.Tracing.4.3.0\ref\netcore50\ko\System.Diagnostics.Tracing.xml", "XML", 0, 0, 0, 0, -832, 0, 0, 0, 0, 0, 0, 0, 0, 0, 0, -832
"c:\Users\Torte\Documents\Unity\LogRogue\Packages\System.Diagnostics.Tracing.4.3.0\ref\netcore50\ru\System.Diagnostics.Tracing.xml", "XML", 0, 0, 0, 0, -805, 0, 0, 0, 0, 0, 0, 0, 0, 0, 0, -805
"c:\Users\Torte\Documents\Unity\LogRogue\Packages\System.Diagnostics.Tracing.4.3.0\ref\netcore50\zh-hans\System.Diagnostics.Tracing.xml", "XML", 0, 0, 0, 0, -806, 0, 0, 0, 0, 0, 0, 0, 0, 0, 0, -806
"c:\Users\Torte\Documents\Unity\LogRogue\Packages\System.Diagnostics.Tracing.4.3.0\ref\netcore50\zh-hant\System.Diagnostics.Tracing.xml", "XML", 0, 0, 0, 0, -806, 0, 0, 0, 0, 0, 0, 0, 0, 0, 0, -806
"c:\Users\Torte\Documents\Unity\LogRogue\Packages\System.Diagnostics.Tracing.4.3.0\ref\netstandard1.1\System.Diagnostics.Tracing.xml", "XML", 0, 0, 0, 0, -810, 0, 0, 0, 0, 0, 0, 0, 0, 0, 0, -810
"c:\Users\Torte\Documents\Unity\LogRogue\Packages\System.Diagnostics.Tracing.4.3.0\ref\netstandard1.1\de\System.Diagnostics.Tracing.xml", "XML", 0, 0, 0, 0, -804, 0, 0, 0, 0, 0, 0, 0, 0, 0, 0, -804
"c:\Users\Torte\Documents\Unity\LogRogue\Packages\System.Diagnostics.Tracing.4.3.0\ref\netstandard1.1\es\System.Diagnostics.Tracing.xml", "XML", 0, 0, 0, 0, -804, 0, 0, 0, 0, 0, 0, 0, 0, 0, 0, -804
"c:\Users\Torte\Documents\Unity\LogRogue\Packages\System.Diagnostics.Tracing.4.3.0\ref\netstandard1.1\fr\System.Diagnostics.Tracing.xml", "XML", 0, 0, 0, 0, -804, 0, 0, 0, 0, 0, 0, 0, 0, 0, 0, -804
"c:\Users\Torte\Documents\Unity\LogRogue\Packages\System.Diagnostics.Tracing.4.3.0\ref\netstandard1.1\it\System.Diagnostics.Tracing.xml", "XML", 0, 0, 0, 0, -804, 0, 0, 0, 0, 0, 0, 0, 0, 0, 0, -804
"c:\Users\Torte\Documents\Unity\LogRogue\Packages\System.Diagnostics.Tracing.4.3.0\ref\netstandard1.1\ja\System.Diagnostics.Tracing.xml", "XML", 0, 0, 0, 0, -834, 0, 0, 0, 0, 0, 0, 0, 0, 0, 0, -834
"c:\Users\Torte\Documents\Unity\LogRogue\Packages\System.Diagnostics.Tracing.4.3.0\ref\netstandard1.1\ko\System.Diagnostics.Tracing.xml", "XML", 0, 0, 0, 0, -832, 0, 0, 0, 0, 0, 0, 0, 0, 0, 0, -832
"c:\Users\Torte\Documents\Unity\LogRogue\Packages\System.Diagnostics.Tracing.4.3.0\ref\netstandard1.1\ru\System.Diagnostics.Tracing.xml", "XML", 0, 0, 0, 0, -805, 0, 0, 0, 0, 0, 0, 0, 0, 0, 0, -805
"c:\Users\Torte\Documents\Unity\LogRogue\Packages\System.Diagnostics.Tracing.4.3.0\ref\netstandard1.1\zh-hans\System.Diagnostics.Tracing.xml", "XML", 0, 0, 0, 0, -806, 0, 0, 0, 0, 0, 0, 0, 0, 0, 0, -806
"c:\Users\Torte\Documents\Unity\LogRogue\Packages\System.Diagnostics.Tracing.4.3.0\ref\netstandard1.1\zh-hant\System.Diagnostics.Tracing.xml", "XML", 0, 0, 0, 0, -806, 0, 0, 0, 0, 0, 0, 0, 0, 0, 0, -806
"c:\Users\Torte\Documents\Unity\LogRogue\Packages\System.Diagnostics.Tracing.4.3.0\ref\netstandard1.2\System.Diagnostics.Tracing.xml", "XML", 0, 0, 0, 0, -810, 0, 0, 0, 0, 0, 0, 0, 0, 0, 0, -810
"c:\Users\Torte\Documents\Unity\LogRogue\Packages\System.Diagnostics.Tracing.4.3.0\ref\netstandard1.2\de\System.Diagnostics.Tracing.xml", "XML", 0, 0, 0, 0, -804, 0, 0, 0, 0, 0, 0, 0, 0, 0, 0, -804
"c:\Users\Torte\Documents\Unity\LogRogue\Packages\System.Diagnostics.Tracing.4.3.0\ref\netstandard1.2\es\System.Diagnostics.Tracing.xml", "XML", 0, 0, 0, 0, -804, 0, 0, 0, 0, 0, 0, 0, 0, 0, 0, -804
"c:\Users\Torte\Documents\Unity\LogRogue\Packages\System.Diagnostics.Tracing.4.3.0\ref\netstandard1.2\fr\System.Diagnostics.Tracing.xml", "XML", 0, 0, 0, 0, -804, 0, 0, 0, 0, 0, 0, 0, 0, 0, 0, -804
"c:\Users\Torte\Documents\Unity\LogRogue\Packages\System.Diagnostics.Tracing.4.3.0\ref\netstandard1.2\it\System.Diagnostics.Tracing.xml", "XML", 0, 0, 0, 0, -804, 0, 0, 0, 0, 0, 0, 0, 0, 0, 0, -804
"c:\Users\Torte\Documents\Unity\LogRogue\Packages\System.Diagnostics.Tracing.4.3.0\ref\netstandard1.2\ja\System.Diagnostics.Tracing.xml", "XML", 0, 0, 0, 0, -834, 0, 0, 0, 0, 0, 0, 0, 0, 0, 0, -834
"c:\Users\Torte\Documents\Unity\LogRogue\Packages\System.Diagnostics.Tracing.4.3.0\ref\netstandard1.2\ko\System.Diagnostics.Tracing.xml", "XML", 0, 0, 0, 0, -832, 0, 0, 0, 0, 0, 0, 0, 0, 0, 0, -832
"c:\Users\Torte\Documents\Unity\LogRogue\Packages\System.Diagnostics.Tracing.4.3.0\ref\netstandard1.2\ru\System.Diagnostics.Tracing.xml", "XML", 0, 0, 0, 0, -805, 0, 0, 0, 0, 0, 0, 0, 0, 0, 0, -805
"c:\Users\Torte\Documents\Unity\LogRogue\Packages\System.Diagnostics.Tracing.4.3.0\ref\netstandard1.2\zh-hans\System.Diagnostics.Tracing.xml", "XML", 0, 0, 0, 0, -806, 0, 0, 0, 0, 0, 0, 0, 0, 0, 0, -806
"c:\Users\Torte\Documents\Unity\LogRogue\Packages\System.Diagnostics.Tracing.4.3.0\ref\netstandard1.2\zh-hant\System.Diagnostics.Tracing.xml", "XML", 0, 0, 0, 0, -806, 0, 0, 0, 0, 0, 0, 0, 0, 0, 0, -806
"c:\Users\Torte\Documents\Unity\LogRogue\Packages\System.Diagnostics.Tracing.4.3.0\ref\netstandard1.3\System.Diagnostics.Tracing.xml", "XML", 0, 0, 0, 0, -810, 0, 0, 0, 0, 0, 0, 0, 0, 0, 0, -810
"c:\Users\Torte\Documents\Unity\LogRogue\Packages\System.Diagnostics.Tracing.4.3.0\ref\netstandard1.3\de\System.Diagnostics.Tracing.xml", "XML", 0, 0, 0, 0, -804, 0, 0, 0, 0, 0, 0, 0, 0, 0, 0, -804
"c:\Users\Torte\Documents\Unity\LogRogue\Packages\System.Diagnostics.Tracing.4.3.0\ref\netstandard1.3\es\System.Diagnostics.Tracing.xml", "XML", 0, 0, 0, 0, -804, 0, 0, 0, 0, 0, 0, 0, 0, 0, 0, -804
"c:\Users\Torte\Documents\Unity\LogRogue\Packages\System.Diagnostics.Tracing.4.3.0\ref\netstandard1.3\fr\System.Diagnostics.Tracing.xml", "XML", 0, 0, 0, 0, -804, 0, 0, 0, 0, 0, 0, 0, 0, 0, 0, -804
"c:\Users\Torte\Documents\Unity\LogRogue\Packages\System.Diagnostics.Tracing.4.3.0\ref\netstandard1.3\it\System.Diagnostics.Tracing.xml", "XML", 0, 0, 0, 0, -804, 0, 0, 0, 0, 0, 0, 0, 0, 0, 0, -804
"c:\Users\Torte\Documents\Unity\LogRogue\Packages\System.Diagnostics.Tracing.4.3.0\ref\netstandard1.3\ja\System.Diagnostics.Tracing.xml", "XML", 0, 0, 0, 0, -834, 0, 0, 0, 0, 0, 0, 0, 0, 0, 0, -834
"c:\Users\Torte\Documents\Unity\LogRogue\Packages\System.Diagnostics.Tracing.4.3.0\ref\netstandard1.3\ko\System.Diagnostics.Tracing.xml", "XML", 0, 0, 0, 0, -832, 0, 0, 0, 0, 0, 0, 0, 0, 0, 0, -832
"c:\Users\Torte\Documents\Unity\LogRogue\Packages\System.Diagnostics.Tracing.4.3.0\ref\netstandard1.3\ru\System.Diagnostics.Tracing.xml", "XML", 0, 0, 0, 0, -805, 0, 0, 0, 0, 0, 0, 0, 0, 0, 0, -805
"c:\Users\Torte\Documents\Unity\LogRogue\Packages\System.Diagnostics.Tracing.4.3.0\ref\netstandard1.3\zh-hans\System.Diagnostics.Tracing.xml", "XML", 0, 0, 0, 0, -806, 0, 0, 0, 0, 0, 0, 0, 0, 0, 0, -806
"c:\Users\Torte\Documents\Unity\LogRogue\Packages\System.Diagnostics.Tracing.4.3.0\ref\netstandard1.3\zh-hant\System.Diagnostics.Tracing.xml", "XML", 0, 0, 0, 0, -806, 0, 0, 0, 0, 0, 0, 0, 0, 0, 0, -806
"c:\Users\Torte\Documents\Unity\LogRogue\Packages\System.Diagnostics.Tracing.4.3.0\ref\netstandard1.5\System.Diagnostics.Tracing.xml", "XML", 0, 0, 0, 0, -810, 0, 0, 0, 0, 0, 0, 0, 0, 0, 0, -810
"c:\Users\Torte\Documents\Unity\LogRogue\Packages\System.Diagnostics.Tracing.4.3.0\ref\netstandard1.5\de\System.Diagnostics.Tracing.xml", "XML", 0, 0, 0, 0, -804, 0, 0, 0, 0, 0, 0, 0, 0, 0, 0, -804
"c:\Users\Torte\Documents\Unity\LogRogue\Packages\System.Diagnostics.Tracing.4.3.0\ref\netstandard1.5\es\System.Diagnostics.Tracing.xml", "XML", 0, 0, 0, 0, -804, 0, 0, 0, 0, 0, 0, 0, 0, 0, 0, -804
"c:\Users\Torte\Documents\Unity\LogRogue\Packages\System.Diagnostics.Tracing.4.3.0\ref\netstandard1.5\fr\System.Diagnostics.Tracing.xml", "XML", 0, 0, 0, 0, -804, 0, 0, 0, 0, 0, 0, 0, 0, 0, 0, -804
"c:\Users\Torte\Documents\Unity\LogRogue\Packages\System.Diagnostics.Tracing.4.3.0\ref\netstandard1.5\it\System.Diagnostics.Tracing.xml", "XML", 0, 0, 0, 0, -804, 0, 0, 0, 0, 0, 0, 0, 0, 0, 0, -804
"c:\Users\Torte\Documents\Unity\LogRogue\Packages\System.Diagnostics.Tracing.4.3.0\ref\netstandard1.5\ja\System.Diagnostics.Tracing.xml", "XML", 0, 0, 0, 0, -834, 0, 0, 0, 0, 0, 0, 0, 0, 0, 0, -834
"c:\Users\Torte\Documents\Unity\LogRogue\Packages\System.Diagnostics.Tracing.4.3.0\ref\netstandard1.5\ko\System.Diagnostics.Tracing.xml", "XML", 0, 0, 0, 0, -832, 0, 0, 0, 0, 0, 0, 0, 0, 0, 0, -832
"c:\Users\Torte\Documents\Unity\LogRogue\Packages\System.Diagnostics.Tracing.4.3.0\ref\netstandard1.5\ru\System.Diagnostics.Tracing.xml", "XML", 0, 0, 0, 0, -805, 0, 0, 0, 0, 0, 0, 0, 0, 0, 0, -805
"c:\Users\Torte\Documents\Unity\LogRogue\Packages\System.Diagnostics.Tracing.4.3.0\ref\netstandard1.5\zh-hans\System.Diagnostics.Tracing.xml", "XML", 0, 0, 0, 0, -806, 0, 0, 0, 0, 0, 0, 0, 0, 0, 0, -806
"c:\Users\Torte\Documents\Unity\LogRogue\Packages\System.Diagnostics.Tracing.4.3.0\ref\netstandard1.5\zh-hant\System.Diagnostics.Tracing.xml", "XML", 0, 0, 0, 0, -806, 0, 0, 0, 0, 0, 0, 0, 0, 0, 0, -806
"c:\Users\Torte\Documents\Unity\LogRogue\Packages\System.Globalization.4.3.0\ref\netcore50\System.Globalization.xml", "XML", 0, 0, 0, 0, -1662, 0, 0, 0, 0, 0, 0, 0, 0, 0, 0, -1662
"c:\Users\Torte\Documents\Unity\LogRogue\Packages\System.Globalization.4.3.0\ref\netcore50\de\System.Globalization.xml", "XML", 0, 0, 0, 0, -1662, 0, 0, 0, 0, 0, 0, 0, 0, 0, 0, -1662
"c:\Users\Torte\Documents\Unity\LogRogue\Packages\System.Globalization.4.3.0\ref\netcore50\es\System.Globalization.xml", "XML", 0, 0, 0, 0, -1675, 0, 0, 0, 0, 0, 0, 0, 0, 0, 0, -1675
"c:\Users\Torte\Documents\Unity\LogRogue\Packages\System.Globalization.4.3.0\ref\netcore50\fr\System.Globalization.xml", "XML", 0, 0, 0, 0, -1695, 0, 0, 0, 0, 0, 0, 0, 0, 0, 0, -1695
"c:\Users\Torte\Documents\Unity\LogRogue\Packages\System.Globalization.4.3.0\ref\netcore50\it\System.Globalization.xml", "XML", 0, 0, 0, 0, -1664, 0, 0, 0, 0, 0, 0, 0, 0, 0, 0, -1664
"c:\Users\Torte\Documents\Unity\LogRogue\Packages\System.Globalization.4.3.0\ref\netcore50\ja\System.Globalization.xml", "XML", 0, 0, 0, 0, -1764, 0, 0, 0, 0, 0, 0, 0, 0, 0, 0, -1764
"c:\Users\Torte\Documents\Unity\LogRogue\Packages\System.Globalization.4.3.0\ref\netcore50\ko\System.Globalization.xml", "XML", 0, 0, 0, 0, -1793, 0, 0, 0, 0, 0, 0, 0, 0, 0, 0, -1793
"c:\Users\Torte\Documents\Unity\LogRogue\Packages\System.Globalization.4.3.0\ref\netcore50\ru\System.Globalization.xml", "XML", 0, 0, 0, 0, -1611, 0, 0, 0, 0, 0, 0, 0, 0, 0, 0, -1611
"c:\Users\Torte\Documents\Unity\LogRogue\Packages\System.Globalization.4.3.0\ref\netcore50\zh-hans\System.Globalization.xml", "XML", 0, 0, 0, 0, -1688, 0, 0, 0, 0, 0, 0, 0, 0, 0, 0, -1688
"c:\Users\Torte\Documents\Unity\LogRogue\Packages\System.Globalization.4.3.0\ref\netcore50\zh-hant\System.Globalization.xml", "XML", 0, 0, 0, 0, -1712, 0, 0, 0, 0, 0, 0, 0, 0, 0, 0, -1712
"c:\Users\Torte\Documents\Unity\LogRogue\Packages\System.Globalization.4.3.0\ref\netstandard1.0\System.Globalization.xml", "XML", 0, 0, 0, 0, -1662, 0, 0, 0, 0, 0, 0, 0, 0, 0, 0, -1662
"c:\Users\Torte\Documents\Unity\LogRogue\Packages\System.Globalization.4.3.0\ref\netstandard1.0\de\System.Globalization.xml", "XML", 0, 0, 0, 0, -1662, 0, 0, 0, 0, 0, 0, 0, 0, 0, 0, -1662
"c:\Users\Torte\Documents\Unity\LogRogue\Packages\System.Globalization.4.3.0\ref\netstandard1.0\es\System.Globalization.xml", "XML", 0, 0, 0, 0, -1675, 0, 0, 0, 0, 0, 0, 0, 0, 0, 0, -1675
"c:\Users\Torte\Documents\Unity\LogRogue\Packages\System.Globalization.4.3.0\ref\netstandard1.0\fr\System.Globalization.xml", "XML", 0, 0, 0, 0, -1695, 0, 0, 0, 0, 0, 0, 0, 0, 0, 0, -1695
"c:\Users\Torte\Documents\Unity\LogRogue\Packages\System.Globalization.4.3.0\ref\netstandard1.0\it\System.Globalization.xml", "XML", 0, 0, 0, 0, -1664, 0, 0, 0, 0, 0, 0, 0, 0, 0, 0, -1664
"c:\Users\Torte\Documents\Unity\LogRogue\Packages\System.Globalization.4.3.0\ref\netstandard1.0\ja\System.Globalization.xml", "XML", 0, 0, 0, 0, -1764, 0, 0, 0, 0, 0, 0, 0, 0, 0, 0, -1764
"c:\Users\Torte\Documents\Unity\LogRogue\Packages\System.Globalization.4.3.0\ref\netstandard1.0\ko\System.Globalization.xml", "XML", 0, 0, 0, 0, -1793, 0, 0, 0, 0, 0, 0, 0, 0, 0, 0, -1793
"c:\Users\Torte\Documents\Unity\LogRogue\Packages\System.Globalization.4.3.0\ref\netstandard1.0\ru\System.Globalization.xml", "XML", 0, 0, 0, 0, -1611, 0, 0, 0, 0, 0, 0, 0, 0, 0, 0, -1611
"c:\Users\Torte\Documents\Unity\LogRogue\Packages\System.Globalization.4.3.0\ref\netstandard1.0\zh-hans\System.Globalization.xml", "XML", 0, 0, 0, 0, -1688, 0, 0, 0, 0, 0, 0, 0, 0, 0, 0, -1688
"c:\Users\Torte\Documents\Unity\LogRogue\Packages\System.Globalization.4.3.0\ref\netstandard1.0\zh-hant\System.Globalization.xml", "XML", 0, 0, 0, 0, -1712, 0, 0, 0, 0, 0, 0, 0, 0, 0, 0, -1712
"c:\Users\Torte\Documents\Unity\LogRogue\Packages\System.Globalization.4.3.0\ref\netstandard1.3\System.Globalization.xml", "XML", 0, 0, 0, 0, -1662, 0, 0, 0, 0, 0, 0, 0, 0, 0, 0, -1662
"c:\Users\Torte\Documents\Unity\LogRogue\Packages\System.Globalization.4.3.0\ref\netstandard1.3\de\System.Globalization.xml", "XML", 0, 0, 0, 0, -1662, 0, 0, 0, 0, 0, 0, 0, 0, 0, 0, -1662
"c:\Users\Torte\Documents\Unity\LogRogue\Packages\System.Globalization.4.3.0\ref\netstandard1.3\es\System.Globalization.xml", "XML", 0, 0, 0, 0, -1675, 0, 0, 0, 0, 0, 0, 0, 0, 0, 0, -1675
"c:\Users\Torte\Documents\Unity\LogRogue\Packages\System.Globalization.4.3.0\ref\netstandard1.3\fr\System.Globalization.xml", "XML", 0, 0, 0, 0, -1695, 0, 0, 0, 0, 0, 0, 0, 0, 0, 0, -1695
"c:\Users\Torte\Documents\Unity\LogRogue\Packages\System.Globalization.4.3.0\ref\netstandard1.3\it\System.Globalization.xml", "XML", 0, 0, 0, 0, -1664, 0, 0, 0, 0, 0, 0, 0, 0, 0, 0, -1664
"c:\Users\Torte\Documents\Unity\LogRogue\Packages\System.Globalization.4.3.0\ref\netstandard1.3\ja\System.Globalization.xml", "XML", 0, 0, 0, 0, -1764, 0, 0, 0, 0, 0, 0, 0, 0, 0, 0, -1764
"c:\Users\Torte\Documents\Unity\LogRogue\Packages\System.Globalization.4.3.0\ref\netstandard1.3\ko\System.Globalization.xml", "XML", 0, 0, 0, 0, -1793, 0, 0, 0, 0, 0, 0, 0, 0, 0, 0, -1793
"c:\Users\Torte\Documents\Unity\LogRogue\Packages\System.Globalization.4.3.0\ref\netstandard1.3\ru\System.Globalization.xml", "XML", 0, 0, 0, 0, -1611, 0, 0, 0, 0, 0, 0, 0, 0, 0, 0, -1611
"c:\Users\Torte\Documents\Unity\LogRogue\Packages\System.Globalization.4.3.0\ref\netstandard1.3\zh-hans\System.Globalization.xml", "XML", 0, 0, 0, 0, -1688, 0, 0, 0, 0, 0, 0, 0, 0, 0, 0, -1688
"c:\Users\Torte\Documents\Unity\LogRogue\Packages\System.Globalization.4.3.0\ref\netstandard1.3\zh-hant\System.Globalization.xml", "XML", 0, 0, 0, 0, -1712, 0, 0, 0, 0, 0, 0, 0, 0, 0, 0, -1712
"c:\Users\Torte\Documents\Unity\LogRogue\Packages\System.Globalization.Calendars.4.3.0\ref\netstandard1.3\System.Globalization.Calendars.xml", "XML", 0, 0, 0, 0, -1930, 0, 0, 0, 0, 0, 0, 0, 0, 0, 0, -1930
"c:\Users\Torte\Documents\Unity\LogRogue\Packages\System.Globalization.Calendars.4.3.0\ref\netstandard1.3\de\System.Globalization.Calendars.xml", "XML", 0, 0, 0, 0, -1930, 0, 0, 0, 0, 0, 0, 0, 0, 0, 0, -1930
"c:\Users\Torte\Documents\Unity\LogRogue\Packages\System.Globalization.Calendars.4.3.0\ref\netstandard1.3\es\System.Globalization.Calendars.xml", "XML", 0, 0, 0, 0, -1950, 0, 0, 0, 0, 0, 0, 0, 0, 0, 0, -1950
"c:\Users\Torte\Documents\Unity\LogRogue\Packages\System.Globalization.Calendars.4.3.0\ref\netstandard1.3\fr\System.Globalization.Calendars.xml", "XML", 0, 0, 0, 0, -2043, 0, 0, 0, 0, 0, 0, 0, 0, 0, 0, -2043
"c:\Users\Torte\Documents\Unity\LogRogue\Packages\System.Globalization.Calendars.4.3.0\ref\netstandard1.3\it\System.Globalization.Calendars.xml", "XML", 0, 0, 0, 0, -1935, 0, 0, 0, 0, 0, 0, 0, 0, 0, 0, -1935
"c:\Users\Torte\Documents\Unity\LogRogue\Packages\System.Globalization.Calendars.4.3.0\ref\netstandard1.3\ja\System.Globalization.Calendars.xml", "XML", 0, 0, 0, 0, -2076, 0, 0, 0, 0, 0, 0, 0, 0, 0, 0, -2076
"c:\Users\Torte\Documents\Unity\LogRogue\Packages\System.Globalization.Calendars.4.3.0\ref\netstandard1.3\ko\System.Globalization.Calendars.xml", "XML", 0, 0, 0, 0, -2078, 0, 0, 0, 0, 0, 0, 0, 0, 0, 0, -2078
"c:\Users\Torte\Documents\Unity\LogRogue\Packages\System.Globalization.Calendars.4.3.0\ref\netstandard1.3\ru\System.Globalization.Calendars.xml", "XML", 0, 0, 0, 0, -1807, 0, 0, 0, 0, 0, 0, 0, 0, 0, 0, -1807
"c:\Users\Torte\Documents\Unity\LogRogue\Packages\System.Globalization.Calendars.4.3.0\ref\netstandard1.3\zh-hans\System.Globalization.Calendars.xml", "XML", 0, 0, 0, 0, -1989, 0, 0, 0, 0, 0, 0, 0, 0, 0, 0, -1989
"c:\Users\Torte\Documents\Unity\LogRogue\Packages\System.Globalization.Calendars.4.3.0\ref\netstandard1.3\zh-hant\System.Globalization.Calendars.xml", "XML", 0, 0, 0, 0, -2002, 0, 0, 0, 0, 0, 0, 0, 0, 0, 0, -2002
"c:\Users\Torte\Documents\Unity\LogRogue\Packages\System.IO.4.3.0\ref\netcore50\System.IO.xml", "XML", 0, 0, 0, 0, -2151, 0, 0, 0, 0, 0, 0, 0, 0, 0, 0, -2151
"c:\Users\Torte\Documents\Unity\LogRogue\Packages\System.IO.4.3.0\ref\netcore50\de\System.IO.xml", "XML", 0, 0, 0, 0, -2151, 0, 0, 0, 0, 0, 0, 0, 0, 0, 0, -2151
"c:\Users\Torte\Documents\Unity\LogRogue\Packages\System.IO.4.3.0\ref\netcore50\es\System.IO.xml", "XML", 0, 0, 0, 0, -2090, 0, 0, 0, 0, 0, 0, 0, 0, 0, 0, -2090
"c:\Users\Torte\Documents\Unity\LogRogue\Packages\System.IO.4.3.0\ref\netcore50\fr\System.IO.xml", "XML", 0, 0, 0, 0, -2201, 0, 0, 0, 0, 0, 0, 0, 0, 0, 0, -2201
"c:\Users\Torte\Documents\Unity\LogRogue\Packages\System.IO.4.3.0\ref\netcore50\it\System.IO.xml", "XML", 0, 0, 0, 0, -2123, 0, 0, 0, 0, 0, 0, 0, 0, 0, 0, -2123
"c:\Users\Torte\Documents\Unity\LogRogue\Packages\System.IO.4.3.0\ref\netcore50\ja\System.IO.xml", "XML", 0, 0, 0, 0, -2264, 0, 0, 0, 0, 0, 0, 0, 0, 0, 0, -2264
"c:\Users\Torte\Documents\Unity\LogRogue\Packages\System.IO.4.3.0\ref\netcore50\ko\System.IO.xml", "XML", 0, 0, 0, 0, -2262, 0, 0, 0, 0, 0, 0, 0, 0, 0, 0, -2262
"c:\Users\Torte\Documents\Unity\LogRogue\Packages\System.IO.4.3.0\ref\netcore50\ru\System.IO.xml", "XML", 0, 0, 0, 0, -2023, 0, 0, 0, 0, 0, 0, 0, 0, 0, 0, -2023
"c:\Users\Torte\Documents\Unity\LogRogue\Packages\System.IO.4.3.0\ref\netcore50\zh-hans\System.IO.xml", "XML", 0, 0, 0, 0, -2237, 0, 0, 0, 0, 0, 0, 0, 0, 0, 0, -2237
"c:\Users\Torte\Documents\Unity\LogRogue\Packages\System.IO.4.3.0\ref\netcore50\zh-hant\System.IO.xml", "XML", 0, 0, 0, 0, -2246, 0, 0, 0, 0, 0, 0, 0, 0, 0, 0, -2246
"c:\Users\Torte\Documents\Unity\LogRogue\Packages\System.IO.4.3.0\ref\netstandard1.0\System.IO.xml", "XML", 0, 0, 0, 0, -2151, 0, 0, 0, 0, 0, 0, 0, 0, 0, 0, -2151
"c:\Users\Torte\Documents\Unity\LogRogue\Packages\System.IO.4.3.0\ref\netstandard1.0\de\System.IO.xml", "XML", 0, 0, 0, 0, -2151, 0, 0, 0, 0, 0, 0, 0, 0, 0, 0, -2151
"c:\Users\Torte\Documents\Unity\LogRogue\Packages\System.IO.4.3.0\ref\netstandard1.0\es\System.IO.xml", "XML", 0, 0, 0, 0, -2090, 0, 0, 0, 0, 0, 0, 0, 0, 0, 0, -2090
"c:\Users\Torte\Documents\Unity\LogRogue\Packages\System.IO.4.3.0\ref\netstandard1.0\fr\System.IO.xml", "XML", 0, 0, 0, 0, -2201, 0, 0, 0, 0, 0, 0, 0, 0, 0, 0, -2201
"c:\Users\Torte\Documents\Unity\LogRogue\Packages\System.IO.4.3.0\ref\netstandard1.0\it\System.IO.xml", "XML", 0, 0, 0, 0, -2123, 0, 0, 0, 0, 0, 0, 0, 0, 0, 0, -2123
"c:\Users\Torte\Documents\Unity\LogRogue\Packages\System.IO.4.3.0\ref\netstandard1.0\ja\System.IO.xml", "XML", 0, 0, 0, 0, -2264, 0, 0, 0, 0, 0, 0, 0, 0, 0, 0, -2264
"c:\Users\Torte\Documents\Unity\LogRogue\Packages\System.IO.4.3.0\ref\netstandard1.0\ko\System.IO.xml", "XML", 0, 0, 0, 0, -2262, 0, 0, 0, 0, 0, 0, 0, 0, 0, 0, -2262
"c:\Users\Torte\Documents\Unity\LogRogue\Packages\System.IO.4.3.0\ref\netstandard1.0\ru\System.IO.xml", "XML", 0, 0, 0, 0, -2023, 0, 0, 0, 0, 0, 0, 0, 0, 0, 0, -2023
"c:\Users\Torte\Documents\Unity\LogRogue\Packages\System.IO.4.3.0\ref\netstandard1.0\zh-hans\System.IO.xml", "XML", 0, 0, 0, 0, -2237, 0, 0, 0, 0, 0, 0, 0, 0, 0, 0, -2237
"c:\Users\Torte\Documents\Unity\LogRogue\Packages\System.IO.4.3.0\ref\netstandard1.0\zh-hant\System.IO.xml", "XML", 0, 0, 0, 0, -2246, 0, 0, 0, 0, 0, 0, 0, 0, 0, 0, -2246
"c:\Users\Torte\Documents\Unity\LogRogue\Packages\System.IO.4.3.0\ref\netstandard1.3\System.IO.xml", "XML", 0, 0, 0, 0, -2151, 0, 0, 0, 0, 0, 0, 0, 0, 0, 0, -2151
"c:\Users\Torte\Documents\Unity\LogRogue\Packages\System.IO.4.3.0\ref\netstandard1.3\de\System.IO.xml", "XML", 0, 0, 0, 0, -2151, 0, 0, 0, 0, 0, 0, 0, 0, 0, 0, -2151
"c:\Users\Torte\Documents\Unity\LogRogue\Packages\System.IO.4.3.0\ref\netstandard1.3\es\System.IO.xml", "XML", 0, 0, 0, 0, -2090, 0, 0, 0, 0, 0, 0, 0, 0, 0, 0, -2090
"c:\Users\Torte\Documents\Unity\LogRogue\Packages\System.IO.4.3.0\ref\netstandard1.3\fr\System.IO.xml", "XML", 0, 0, 0, 0, -2201, 0, 0, 0, 0, 0, 0, 0, 0, 0, 0, -2201
"c:\Users\Torte\Documents\Unity\LogRogue\Packages\System.IO.4.3.0\ref\netstandard1.3\it\System.IO.xml", "XML", 0, 0, 0, 0, -2123, 0, 0, 0, 0, 0, 0, 0, 0, 0, 0, -2123
"c:\Users\Torte\Documents\Unity\LogRogue\Packages\System.IO.4.3.0\ref\netstandard1.3\ja\System.IO.xml", "XML", 0, 0, 0, 0, -2264, 0, 0, 0, 0, 0, 0, 0, 0, 0, 0, -2264
"c:\Users\Torte\Documents\Unity\LogRogue\Packages\System.IO.4.3.0\ref\netstandard1.3\ko\System.IO.xml", "XML", 0, 0, 0, 0, -2262, 0, 0, 0, 0, 0, 0, 0, 0, 0, 0, -2262
"c:\Users\Torte\Documents\Unity\LogRogue\Packages\System.IO.4.3.0\ref\netstandard1.3\ru\System.IO.xml", "XML", 0, 0, 0, 0, -2023, 0, 0, 0, 0, 0, 0, 0, 0, 0, 0, -2023
"c:\Users\Torte\Documents\Unity\LogRogue\Packages\System.IO.4.3.0\ref\netstandard1.3\zh-hans\System.IO.xml", "XML", 0, 0, 0, 0, -2237, 0, 0, 0, 0, 0, 0, 0, 0, 0, 0, -2237
"c:\Users\Torte\Documents\Unity\LogRogue\Packages\System.IO.4.3.0\ref\netstandard1.3\zh-hant\System.IO.xml", "XML", 0, 0, 0, 0, -2246, 0, 0, 0, 0, 0, 0, 0, 0, 0, 0, -2246
"c:\Users\Torte\Documents\Unity\LogRogue\Packages\System.IO.4.3.0\ref\netstandard1.5\System.IO.xml", "XML", 0, 0, 0, 0, -2151, 0, 0, 0, 0, 0, 0, 0, 0, 0, 0, -2151
"c:\Users\Torte\Documents\Unity\LogRogue\Packages\System.IO.4.3.0\ref\netstandard1.5\de\System.IO.xml", "XML", 0, 0, 0, 0, -2151, 0, 0, 0, 0, 0, 0, 0, 0, 0, 0, -2151
"c:\Users\Torte\Documents\Unity\LogRogue\Packages\System.IO.4.3.0\ref\netstandard1.5\es\System.IO.xml", "XML", 0, 0, 0, 0, -2090, 0, 0, 0, 0, 0, 0, 0, 0, 0, 0, -2090
"c:\Users\Torte\Documents\Unity\LogRogue\Packages\System.IO.4.3.0\ref\netstandard1.5\fr\System.IO.xml", "XML", 0, 0, 0, 0, -2201, 0, 0, 0, 0, 0, 0, 0, 0, 0, 0, -2201
"c:\Users\Torte\Documents\Unity\LogRogue\Packages\System.IO.4.3.0\ref\netstandard1.5\it\System.IO.xml", "XML", 0, 0, 0, 0, -2123, 0, 0, 0, 0, 0, 0, 0, 0, 0, 0, -2123
"c:\Users\Torte\Documents\Unity\LogRogue\Packages\System.IO.4.3.0\ref\netstandard1.5\ja\System.IO.xml", "XML", 0, 0, 0, 0, -2264, 0, 0, 0, 0, 0, 0, 0, 0, 0, 0, -2264
"c:\Users\Torte\Documents\Unity\LogRogue\Packages\System.IO.4.3.0\ref\netstandard1.5\ko\System.IO.xml", "XML", 0, 0, 0, 0, -2262, 0, 0, 0, 0, 0, 0, 0, 0, 0, 0, -2262
"c:\Users\Torte\Documents\Unity\LogRogue\Packages\System.IO.4.3.0\ref\netstandard1.5\ru\System.IO.xml", "XML", 0, 0, 0, 0, -2023, 0, 0, 0, 0, 0, 0, 0, 0, 0, 0, -2023
"c:\Users\Torte\Documents\Unity\LogRogue\Packages\System.IO.4.3.0\ref\netstandard1.5\zh-hans\System.IO.xml", "XML", 0, 0, 0, 0, -2237, 0, 0, 0, 0, 0, 0, 0, 0, 0, 0, -2237
"c:\Users\Torte\Documents\Unity\LogRogue\Packages\System.IO.4.3.0\ref\netstandard1.5\zh-hant\System.IO.xml", "XML", 0, 0, 0, 0, -2246, 0, 0, 0, 0, 0, 0, 0, 0, 0, 0, -2246
"c:\Users\Torte\Documents\Unity\LogRogue\Packages\System.IO.Compression.4.3.0\ref\netcore50\System.IO.Compression.xml", "XML", 0, 0, 0, 0, -430, 0, 0, 0, 0, 0, 0, 0, 0, 0, 0, -430
"c:\Users\Torte\Documents\Unity\LogRogue\Packages\System.IO.Compression.4.3.0\ref\netcore50\de\System.IO.Compression.xml", "XML", 0, 0, 0, 0, -430, 0, 0, 0, 0, 0, 0, 0, 0, 0, 0, -430
"c:\Users\Torte\Documents\Unity\LogRogue\Packages\System.IO.Compression.4.3.0\ref\netcore50\es\System.IO.Compression.xml", "XML", 0, 0, 0, 0, -420, 0, 0, 0, 0, 0, 0, 0, 0, 0, 0, -420
"c:\Users\Torte\Documents\Unity\LogRogue\Packages\System.IO.Compression.4.3.0\ref\netcore50\fr\System.IO.Compression.xml", "XML", 0, 0, 0, 0, -430, 0, 0, 0, 0, 0, 0, 0, 0, 0, 0, -430
"c:\Users\Torte\Documents\Unity\LogRogue\Packages\System.IO.Compression.4.3.0\ref\netcore50\it\System.IO.Compression.xml", "XML", 0, 0, 0, 0, -430, 0, 0, 0, 0, 0, 0, 0, 0, 0, 0, -430
"c:\Users\Torte\Documents\Unity\LogRogue\Packages\System.IO.Compression.4.3.0\ref\netcore50\ja\System.IO.Compression.xml", "XML", 0, 0, 0, 0, -446, 0, 0, 0, 0, 0, 0, 0, 0, 0, 0, -446
"c:\Users\Torte\Documents\Unity\LogRogue\Packages\System.IO.Compression.4.3.0\ref\netcore50\ko\System.IO.Compression.xml", "XML", 0, 0, 0, 0, -446, 0, 0, 0, 0, 0, 0, 0, 0, 0, 0, -446
"c:\Users\Torte\Documents\Unity\LogRogue\Packages\System.IO.Compression.4.3.0\ref\netcore50\ru\System.IO.Compression.xml", "XML", 0, 0, 0, 0, -415, 0, 0, 0, 0, 0, 0, 0, 0, 0, 0, -415
"c:\Users\Torte\Documents\Unity\LogRogue\Packages\System.IO.Compression.4.3.0\ref\netcore50\zh-hans\System.IO.Compression.xml", "XML", 0, 0, 0, 0, -436, 0, 0, 0, 0, 0, 0, 0, 0, 0, 0, -436
"c:\Users\Torte\Documents\Unity\LogRogue\Packages\System.IO.Compression.4.3.0\ref\netcore50\zh-hant\System.IO.Compression.xml", "XML", 0, 0, 0, 0, -432, 0, 0, 0, 0, 0, 0, 0, 0, 0, 0, -432
"c:\Users\Torte\Documents\Unity\LogRogue\Packages\System.IO.Compression.4.3.0\ref\netstandard1.1\System.IO.Compression.xml", "XML", 0, 0, 0, 0, -430, 0, 0, 0, 0, 0, 0, 0, 0, 0, 0, -430
"c:\Users\Torte\Documents\Unity\LogRogue\Packages\System.IO.Compression.4.3.0\ref\netstandard1.1\de\System.IO.Compression.xml", "XML", 0, 0, 0, 0, -430, 0, 0, 0, 0, 0, 0, 0, 0, 0, 0, -430
"c:\Users\Torte\Documents\Unity\LogRogue\Packages\System.IO.Compression.4.3.0\ref\netstandard1.1\es\System.IO.Compression.xml", "XML", 0, 0, 0, 0, -420, 0, 0, 0, 0, 0, 0, 0, 0, 0, 0, -420
"c:\Users\Torte\Documents\Unity\LogRogue\Packages\System.IO.Compression.4.3.0\ref\netstandard1.1\fr\System.IO.Compression.xml", "XML", 0, 0, 0, 0, -430, 0, 0, 0, 0, 0, 0, 0, 0, 0, 0, -430
"c:\Users\Torte\Documents\Unity\LogRogue\Packages\System.IO.Compression.4.3.0\ref\netstandard1.1\it\System.IO.Compression.xml", "XML", 0, 0, 0, 0, -430, 0, 0, 0, 0, 0, 0, 0, 0, 0, 0, -430
"c:\Users\Torte\Documents\Unity\LogRogue\Packages\System.IO.Compression.4.3.0\ref\netstandard1.1\ja\System.IO.Compression.xml", "XML", 0, 0, 0, 0, -446, 0, 0, 0, 0, 0, 0, 0, 0, 0, 0, -446
"c:\Users\Torte\Documents\Unity\LogRogue\Packages\System.IO.Compression.4.3.0\ref\netstandard1.1\ko\System.IO.Compression.xml", "XML", 0, 0, 0, 0, -446, 0, 0, 0, 0, 0, 0, 0, 0, 0, 0, -446
"c:\Users\Torte\Documents\Unity\LogRogue\Packages\System.IO.Compression.4.3.0\ref\netstandard1.1\ru\System.IO.Compression.xml", "XML", 0, 0, 0, 0, -415, 0, 0, 0, 0, 0, 0, 0, 0, 0, 0, -415
"c:\Users\Torte\Documents\Unity\LogRogue\Packages\System.IO.Compression.4.3.0\ref\netstandard1.1\zh-hans\System.IO.Compression.xml", "XML", 0, 0, 0, 0, -436, 0, 0, 0, 0, 0, 0, 0, 0, 0, 0, -436
"c:\Users\Torte\Documents\Unity\LogRogue\Packages\System.IO.Compression.4.3.0\ref\netstandard1.1\zh-hant\System.IO.Compression.xml", "XML", 0, 0, 0, 0, -432, 0, 0, 0, 0, 0, 0, 0, 0, 0, 0, -432
"c:\Users\Torte\Documents\Unity\LogRogue\Packages\System.IO.Compression.4.3.0\ref\netstandard1.3\System.IO.Compression.xml", "XML", 0, 0, 0, 0, -430, 0, 0, 0, 0, 0, 0, 0, 0, 0, 0, -430
"c:\Users\Torte\Documents\Unity\LogRogue\Packages\System.IO.Compression.4.3.0\ref\netstandard1.3\de\System.IO.Compression.xml", "XML", 0, 0, 0, 0, -430, 0, 0, 0, 0, 0, 0, 0, 0, 0, 0, -430
"c:\Users\Torte\Documents\Unity\LogRogue\Packages\System.IO.Compression.4.3.0\ref\netstandard1.3\es\System.IO.Compression.xml", "XML", 0, 0, 0, 0, -420, 0, 0, 0, 0, 0, 0, 0, 0, 0, 0, -420
"c:\Users\Torte\Documents\Unity\LogRogue\Packages\System.IO.Compression.4.3.0\ref\netstandard1.3\fr\System.IO.Compression.xml", "XML", 0, 0, 0, 0, -430, 0, 0, 0, 0, 0, 0, 0, 0, 0, 0, -430
"c:\Users\Torte\Documents\Unity\LogRogue\Packages\System.IO.Compression.4.3.0\ref\netstandard1.3\it\System.IO.Compression.xml", "XML", 0, 0, 0, 0, -430, 0, 0, 0, 0, 0, 0, 0, 0, 0, 0, -430
"c:\Users\Torte\Documents\Unity\LogRogue\Packages\System.IO.Compression.4.3.0\ref\netstandard1.3\ja\System.IO.Compression.xml", "XML", 0, 0, 0, 0, -446, 0, 0, 0, 0, 0, 0, 0, 0, 0, 0, -446
"c:\Users\Torte\Documents\Unity\LogRogue\Packages\System.IO.Compression.4.3.0\ref\netstandard1.3\ko\System.IO.Compression.xml", "XML", 0, 0, 0, 0, -446, 0, 0, 0, 0, 0, 0, 0, 0, 0, 0, -446
"c:\Users\Torte\Documents\Unity\LogRogue\Packages\System.IO.Compression.4.3.0\ref\netstandard1.3\ru\System.IO.Compression.xml", "XML", 0, 0, 0, 0, -415, 0, 0, 0, 0, 0, 0, 0, 0, 0, 0, -415
"c:\Users\Torte\Documents\Unity\LogRogue\Packages\System.IO.Compression.4.3.0\ref\netstandard1.3\zh-hans\System.IO.Compression.xml", "XML", 0, 0, 0, 0, -436, 0, 0, 0, 0, 0, 0, 0, 0, 0, 0, -436
"c:\Users\Torte\Documents\Unity\LogRogue\Packages\System.IO.Compression.4.3.0\ref\netstandard1.3\zh-hant\System.IO.Compression.xml", "XML", 0, 0, 0, 0, -432, 0, 0, 0, 0, 0, 0, 0, 0, 0, 0, -432
"c:\Users\Torte\Documents\Unity\LogRogue\Packages\System.IO.Compression.ZipFile.4.3.0\ref\netstandard1.3\System.IO.Compression.ZipFile.xml", "XML", 0, 0, 0, 0, -276, 0, 0, 0, 0, 0, 0, 0, 0, 0, 0, -276
"c:\Users\Torte\Documents\Unity\LogRogue\Packages\System.IO.Compression.ZipFile.4.3.0\ref\netstandard1.3\de\System.IO.Compression.ZipFile.xml", "XML", 0, 0, 0, 0, -274, 0, 0, 0, 0, 0, 0, 0, 0, 0, 0, -274
"c:\Users\Torte\Documents\Unity\LogRogue\Packages\System.IO.Compression.ZipFile.4.3.0\ref\netstandard1.3\es\System.IO.Compression.ZipFile.xml", "XML", 0, 0, 0, 0, -274, 0, 0, 0, 0, 0, 0, 0, 0, 0, 0, -274
"c:\Users\Torte\Documents\Unity\LogRogue\Packages\System.IO.Compression.ZipFile.4.3.0\ref\netstandard1.3\fr\System.IO.Compression.ZipFile.xml", "XML", 0, 0, 0, 0, -274, 0, 0, 0, 0, 0, 0, 0, 0, 0, 0, -274
"c:\Users\Torte\Documents\Unity\LogRogue\Packages\System.IO.Compression.ZipFile.4.3.0\ref\netstandard1.3\it\System.IO.Compression.ZipFile.xml", "XML", 0, 0, 0, 0, -276, 0, 0, 0, 0, 0, 0, 0, 0, 0, 0, -276
"c:\Users\Torte\Documents\Unity\LogRogue\Packages\System.IO.Compression.ZipFile.4.3.0\ref\netstandard1.3\ja\System.IO.Compression.ZipFile.xml", "XML", 0, 0, 0, 0, -286, 0, 0, 0, 0, 0, 0, 0, 0, 0, 0, -286
"c:\Users\Torte\Documents\Unity\LogRogue\Packages\System.IO.Compression.ZipFile.4.3.0\ref\netstandard1.3\ko\System.IO.Compression.ZipFile.xml", "XML", 0, 0, 0, 0, -286, 0, 0, 0, 0, 0, 0, 0, 0, 0, 0, -286
"c:\Users\Torte\Documents\Unity\LogRogue\Packages\System.IO.Compression.ZipFile.4.3.0\ref\netstandard1.3\ru\System.IO.Compression.ZipFile.xml", "XML", 0, 0, 0, 0, -264, 0, 0, 0, 0, 0, 0, 0, 0, 0, 0, -264
"c:\Users\Torte\Documents\Unity\LogRogue\Packages\System.IO.Compression.ZipFile.4.3.0\ref\netstandard1.3\zh-hans\System.IO.Compression.ZipFile.xml", "XML", 0, 0, 0, 0, -279, 0, 0, 0, 0, 0, 0, 0, 0, 0, 0, -279
"c:\Users\Torte\Documents\Unity\LogRogue\Packages\System.IO.Compression.ZipFile.4.3.0\ref\netstandard1.3\zh-hant\System.IO.Compression.ZipFile.xml", "XML", 0, 0, 0, 0, -279, 0, 0, 0, 0, 0, 0, 0, 0, 0, 0, -279
"c:\Users\Torte\Documents\Unity\LogRogue\Packages\System.IO.FileSystem.4.3.0\ref\netstandard1.3\System.IO.FileSystem.xml", "XML", 0, 0, 0, 0, -2673, 0, 0, 0, 0, 0, 0, 0, 0, 0, 0, -2673
"c:\Users\Torte\Documents\Unity\LogRogue\Packages\System.IO.FileSystem.4.3.0\ref\netstandard1.3\de\System.IO.FileSystem.xml", "XML", 0, 0, 0, 0, -2804, 0, 0, 0, 0, 0, 0, 0, 0, 0, 0, -2804
"c:\Users\Torte\Documents\Unity\LogRogue\Packages\System.IO.FileSystem.4.3.0\ref\netstandard1.3\es\System.IO.FileSystem.xml", "XML", 0, 0, 0, 0, -2804, 0, 0, 0, 0, 0, 0, 0, 0, 0, 0, -2804
"c:\Users\Torte\Documents\Unity\LogRogue\Packages\System.IO.FileSystem.4.3.0\ref\netstandard1.3\fr\System.IO.FileSystem.xml", "XML", 0, 0, 0, 0, -2802, 0, 0, 0, 0, 0, 0, 0, 0, 0, 0, -2802
"c:\Users\Torte\Documents\Unity\LogRogue\Packages\System.IO.FileSystem.4.3.0\ref\netstandard1.3\it\System.IO.FileSystem.xml", "XML", 0, 0, 0, 0, -2822, 0, 0, 0, 0, 0, 0, 0, 0, 0, 0, -2822
"c:\Users\Torte\Documents\Unity\LogRogue\Packages\System.IO.FileSystem.4.3.0\ref\netstandard1.3\ja\System.IO.FileSystem.xml", "XML", 0, 0, 0, 0, -2940, 0, 0, 0, 0, 0, 0, 0, 0, 0, 0, -2940
"c:\Users\Torte\Documents\Unity\LogRogue\Packages\System.IO.FileSystem.4.3.0\ref\netstandard1.3\ko\System.IO.FileSystem.xml", "XML", 0, 0, 0, 0, -2937, 0, 0, 0, 0, 0, 0, 0, 0, 0, 0, -2937
"c:\Users\Torte\Documents\Unity\LogRogue\Packages\System.IO.FileSystem.4.3.0\ref\netstandard1.3\ru\System.IO.FileSystem.xml", "XML", 0, 0, 0, 0, -2675, 0, 0, 0, 0, 0, 0, 0, 0, 0, 0, -2675
"c:\Users\Torte\Documents\Unity\LogRogue\Packages\System.IO.FileSystem.4.3.0\ref\netstandard1.3\zh-hans\System.IO.FileSystem.xml", "XML", 0, 0, 0, 0, -2869, 0, 0, 0, 0, 0, 0, 0, 0, 0, 0, -2869
"c:\Users\Torte\Documents\Unity\LogRogue\Packages\System.IO.FileSystem.4.3.0\ref\netstandard1.3\zh-hant\System.IO.FileSystem.xml", "XML", 0, 0, 0, 0, -2906, 0, 0, 0, 0, 0, 0, 0, 0, 0, 0, -2906
"c:\Users\Torte\Documents\Unity\LogRogue\Packages\System.IO.FileSystem.Primitives.4.3.0\ref\netstandard1.3\System.IO.FileSystem.Primitives.xml", "XML", 0, 0, 0, 0, -117, 0, 0, 0, 0, 0, 0, 0, 0, 0, 0, -117
"c:\Users\Torte\Documents\Unity\LogRogue\Packages\System.IO.FileSystem.Primitives.4.3.0\ref\netstandard1.3\de\System.IO.FileSystem.Primitives.xml", "XML", 0, 0, 0, 0, -117, 0, 0, 0, 0, 0, 0, 0, 0, 0, 0, -117
"c:\Users\Torte\Documents\Unity\LogRogue\Packages\System.IO.FileSystem.Primitives.4.3.0\ref\netstandard1.3\es\System.IO.FileSystem.Primitives.xml", "XML", 0, 0, 0, 0, -117, 0, 0, 0, 0, 0, 0, 0, 0, 0, 0, -117
"c:\Users\Torte\Documents\Unity\LogRogue\Packages\System.IO.FileSystem.Primitives.4.3.0\ref\netstandard1.3\fr\System.IO.FileSystem.Primitives.xml", "XML", 0, 0, 0, 0, -117, 0, 0, 0, 0, 0, 0, 0, 0, 0, 0, -117
"c:\Users\Torte\Documents\Unity\LogRogue\Packages\System.IO.FileSystem.Primitives.4.3.0\ref\netstandard1.3\it\System.IO.FileSystem.Primitives.xml", "XML", 0, 0, 0, 0, -117, 0, 0, 0, 0, 0, 0, 0, 0, 0, 0, -117
"c:\Users\Torte\Documents\Unity\LogRogue\Packages\System.IO.FileSystem.Primitives.4.3.0\ref\netstandard1.3\ja\System.IO.FileSystem.Primitives.xml", "XML", 0, 0, 0, 0, -117, 0, 0, 0, 0, 0, 0, 0, 0, 0, 0, -117
"c:\Users\Torte\Documents\Unity\LogRogue\Packages\System.IO.FileSystem.Primitives.4.3.0\ref\netstandard1.3\ko\System.IO.FileSystem.Primitives.xml", "XML", 0, 0, 0, 0, -117, 0, 0, 0, 0, 0, 0, 0, 0, 0, 0, -117
"c:\Users\Torte\Documents\Unity\LogRogue\Packages\System.IO.FileSystem.Primitives.4.3.0\ref\netstandard1.3\ru\System.IO.FileSystem.Primitives.xml", "XML", 0, 0, 0, 0, -117, 0, 0, 0, 0, 0, 0, 0, 0, 0, 0, -117
"c:\Users\Torte\Documents\Unity\LogRogue\Packages\System.IO.FileSystem.Primitives.4.3.0\ref\netstandard1.3\zh-hans\System.IO.FileSystem.Primitives.xml", "XML", 0, 0, 0, 0, -117, 0, 0, 0, 0, 0, 0, 0, 0, 0, 0, -117
"c:\Users\Torte\Documents\Unity\LogRogue\Packages\System.IO.FileSystem.Primitives.4.3.0\ref\netstandard1.3\zh-hant\System.IO.FileSystem.Primitives.xml", "XML", 0, 0, 0, 0, -117, 0, 0, 0, 0, 0, 0, 0, 0, 0, 0, -117
"c:\Users\Torte\Documents\Unity\LogRogue\Packages\System.Linq.4.3.0\ref\netcore50\System.Linq.xml", "XML", 0, 0, 0, 0, -1763, 0, 0, 0, 0, 0, 0, 0, 0, 0, 0, -1763
"c:\Users\Torte\Documents\Unity\LogRogue\Packages\System.Linq.4.3.0\ref\netcore50\de\System.Linq.xml", "XML", 0, 0, 0, 0, -1763, 0, 0, 0, 0, 0, 0, 0, 0, 0, 0, -1763
"c:\Users\Torte\Documents\Unity\LogRogue\Packages\System.Linq.4.3.0\ref\netcore50\es\System.Linq.xml", "XML", 0, 0, 0, 0, -1853, 0, 0, 0, 0, 0, 0, 0, 0, 0, 0, -1853
"c:\Users\Torte\Documents\Unity\LogRogue\Packages\System.Linq.4.3.0\ref\netcore50\fr\System.Linq.xml", "XML", 0, 0, 0, 0, -1898, 0, 0, 0, 0, 0, 0, 0, 0, 0, 0, -1898
"c:\Users\Torte\Documents\Unity\LogRogue\Packages\System.Linq.4.3.0\ref\netcore50\it\System.Linq.xml", "XML", 0, 0, 0, 0, -1748, 0, 0, 0, 0, 0, 0, 0, 0, 0, 0, -1748
"c:\Users\Torte\Documents\Unity\LogRogue\Packages\System.Linq.4.3.0\ref\netcore50\ja\System.Linq.xml", "XML", 0, 0, 0, 0, -2007, 0, 0, 0, 0, 0, 0, 0, 0, 0, 0, -2007
"c:\Users\Torte\Documents\Unity\LogRogue\Packages\System.Linq.4.3.0\ref\netcore50\ko\System.Linq.xml", "XML", 0, 0, 0, 0, -1997, 0, 0, 0, 0, 0, 0, 0, 0, 0, 0, -1997
"c:\Users\Torte\Documents\Unity\LogRogue\Packages\System.Linq.4.3.0\ref\netcore50\ru\System.Linq.xml", "XML", 0, 0, 0, 0, -1561, 0, 0, 0, 0, 0, 0, 0, 0, 0, 0, -1561
"c:\Users\Torte\Documents\Unity\LogRogue\Packages\System.Linq.4.3.0\ref\netcore50\zh-hans\System.Linq.xml", "XML", 0, 0, 0, 0, -1940, 0, 0, 0, 0, 0, 0, 0, 0, 0, 0, -1940
"c:\Users\Torte\Documents\Unity\LogRogue\Packages\System.Linq.4.3.0\ref\netcore50\zh-hant\System.Linq.xml", "XML", 0, 0, 0, 0, -1982, 0, 0, 0, 0, 0, 0, 0, 0, 0, 0, -1982
"c:\Users\Torte\Documents\Unity\LogRogue\Packages\System.Linq.4.3.0\ref\netstandard1.0\System.Linq.xml", "XML", 0, 0, 0, 0, -1763, 0, 0, 0, 0, 0, 0, 0, 0, 0, 0, -1763
"c:\Users\Torte\Documents\Unity\LogRogue\Packages\System.Linq.4.3.0\ref\netstandard1.0\de\System.Linq.xml", "XML", 0, 0, 0, 0, -1763, 0, 0, 0, 0, 0, 0, 0, 0, 0, 0, -1763
"c:\Users\Torte\Documents\Unity\LogRogue\Packages\System.Linq.4.3.0\ref\netstandard1.0\es\System.Linq.xml", "XML", 0, 0, 0, 0, -1853, 0, 0, 0, 0, 0, 0, 0, 0, 0, 0, -1853
"c:\Users\Torte\Documents\Unity\LogRogue\Packages\System.Linq.4.3.0\ref\netstandard1.0\fr\System.Linq.xml", "XML", 0, 0, 0, 0, -1898, 0, 0, 0, 0, 0, 0, 0, 0, 0, 0, -1898
"c:\Users\Torte\Documents\Unity\LogRogue\Packages\System.Linq.4.3.0\ref\netstandard1.0\it\System.Linq.xml", "XML", 0, 0, 0, 0, -1748, 0, 0, 0, 0, 0, 0, 0, 0, 0, 0, -1748
"c:\Users\Torte\Documents\Unity\LogRogue\Packages\System.Linq.4.3.0\ref\netstandard1.0\ja\System.Linq.xml", "XML", 0, 0, 0, 0, -2007, 0, 0, 0, 0, 0, 0, 0, 0, 0, 0, -2007
"c:\Users\Torte\Documents\Unity\LogRogue\Packages\System.Linq.4.3.0\ref\netstandard1.0\ko\System.Linq.xml", "XML", 0, 0, 0, 0, -1997, 0, 0, 0, 0, 0, 0, 0, 0, 0, 0, -1997
"c:\Users\Torte\Documents\Unity\LogRogue\Packages\System.Linq.4.3.0\ref\netstandard1.0\ru\System.Linq.xml", "XML", 0, 0, 0, 0, -1561, 0, 0, 0, 0, 0, 0, 0, 0, 0, 0, -1561
"c:\Users\Torte\Documents\Unity\LogRogue\Packages\System.Linq.4.3.0\ref\netstandard1.0\zh-hans\System.Linq.xml", "XML", 0, 0, 0, 0, -1940, 0, 0, 0, 0, 0, 0, 0, 0, 0, 0, -1940
"c:\Users\Torte\Documents\Unity\LogRogue\Packages\System.Linq.4.3.0\ref\netstandard1.0\zh-hant\System.Linq.xml", "XML", 0, 0, 0, 0, -1982, 0, 0, 0, 0, 0, 0, 0, 0, 0, 0, -1982
"c:\Users\Torte\Documents\Unity\LogRogue\Packages\System.Linq.4.3.0\ref\netstandard1.6\System.Linq.xml", "XML", 0, 0, 0, 0, -1763, 0, 0, 0, 0, 0, 0, 0, 0, 0, 0, -1763
"c:\Users\Torte\Documents\Unity\LogRogue\Packages\System.Linq.4.3.0\ref\netstandard1.6\de\System.Linq.xml", "XML", 0, 0, 0, 0, -1763, 0, 0, 0, 0, 0, 0, 0, 0, 0, 0, -1763
"c:\Users\Torte\Documents\Unity\LogRogue\Packages\System.Linq.4.3.0\ref\netstandard1.6\es\System.Linq.xml", "XML", 0, 0, 0, 0, -1853, 0, 0, 0, 0, 0, 0, 0, 0, 0, 0, -1853
"c:\Users\Torte\Documents\Unity\LogRogue\Packages\System.Linq.4.3.0\ref\netstandard1.6\fr\System.Linq.xml", "XML", 0, 0, 0, 0, -1898, 0, 0, 0, 0, 0, 0, 0, 0, 0, 0, -1898
"c:\Users\Torte\Documents\Unity\LogRogue\Packages\System.Linq.4.3.0\ref\netstandard1.6\it\System.Linq.xml", "XML", 0, 0, 0, 0, -1748, 0, 0, 0, 0, 0, 0, 0, 0, 0, 0, -1748
"c:\Users\Torte\Documents\Unity\LogRogue\Packages\System.Linq.4.3.0\ref\netstandard1.6\ja\System.Linq.xml", "XML", 0, 0, 0, 0, -2007, 0, 0, 0, 0, 0, 0, 0, 0, 0, 0, -2007
"c:\Users\Torte\Documents\Unity\LogRogue\Packages\System.Linq.4.3.0\ref\netstandard1.6\ko\System.Linq.xml", "XML", 0, 0, 0, 0, -1997, 0, 0, 0, 0, 0, 0, 0, 0, 0, 0, -1997
"c:\Users\Torte\Documents\Unity\LogRogue\Packages\System.Linq.4.3.0\ref\netstandard1.6\ru\System.Linq.xml", "XML", 0, 0, 0, 0, -1561, 0, 0, 0, 0, 0, 0, 0, 0, 0, 0, -1561
"c:\Users\Torte\Documents\Unity\LogRogue\Packages\System.Linq.4.3.0\ref\netstandard1.6\zh-hans\System.Linq.xml", "XML", 0, 0, 0, 0, -1940, 0, 0, 0, 0, 0, 0, 0, 0, 0, 0, -1940
"c:\Users\Torte\Documents\Unity\LogRogue\Packages\System.Linq.4.3.0\ref\netstandard1.6\zh-hant\System.Linq.xml", "XML", 0, 0, 0, 0, -1982, 0, 0, 0, 0, 0, 0, 0, 0, 0, 0, -1982
"c:\Users\Torte\Documents\Unity\LogRogue\Packages\System.Linq.Expressions.4.3.0\ref\netcore50\System.Linq.Expressions.xml", "XML", 0, 0, 0, 0, -3942, 0, 0, 0, 0, 0, 0, 0, 0, 0, 0, -3942
"c:\Users\Torte\Documents\Unity\LogRogue\Packages\System.Linq.Expressions.4.3.0\ref\netcore50\de\System.Linq.Expressions.xml", "XML", 0, 0, 0, 0, -3942, 0, 0, 0, 0, 0, 0, 0, 0, 0, 0, -3942
"c:\Users\Torte\Documents\Unity\LogRogue\Packages\System.Linq.Expressions.4.3.0\ref\netcore50\es\System.Linq.Expressions.xml", "XML", 0, 0, 0, 0, -4388, 0, 0, 0, 0, 0, 0, 0, 0, 0, 0, -4388
"c:\Users\Torte\Documents\Unity\LogRogue\Packages\System.Linq.Expressions.4.3.0\ref\netcore50\fr\System.Linq.Expressions.xml", "XML", 0, 0, 0, 0, -4807, 0, 0, 0, 0, 0, 0, 0, 0, 0, 0, -4807
"c:\Users\Torte\Documents\Unity\LogRogue\Packages\System.Linq.Expressions.4.3.0\ref\netcore50\it\System.Linq.Expressions.xml", "XML", 0, 0, 0, 0, -4017, 0, 0, 0, 0, 0, 0, 0, 0, 0, 0, -4017
"c:\Users\Torte\Documents\Unity\LogRogue\Packages\System.Linq.Expressions.4.3.0\ref\netcore50\ja\System.Linq.Expressions.xml", "XML", 0, 0, 0, 0, -4694, 0, 0, 0, 0, 0, 0, 0, 0, 0, 0, -4694
"c:\Users\Torte\Documents\Unity\LogRogue\Packages\System.Linq.Expressions.4.3.0\ref\netcore50\ko\System.Linq.Expressions.xml", "XML", 0, 0, 0, 0, -4747, 0, 0, 0, 0, 0, 0, 0, 0, 0, 0, -4747
"c:\Users\Torte\Documents\Unity\LogRogue\Packages\System.Linq.Expressions.4.3.0\ref\netcore50\ru\System.Linq.Expressions.xml", "XML", 0, 0, 0, 0, -3843, 0, 0, 0, 0, 0, 0, 0, 0, 0, 0, -3843
"c:\Users\Torte\Documents\Unity\LogRogue\Packages\System.Linq.Expressions.4.3.0\ref\netcore50\zh-hans\System.Linq.Expressions.xml", "XML", 0, 0, 0, 0, -4022, 0, 0, 0, 0, 0, 0, 0, 0, 0, 0, -4022
"c:\Users\Torte\Documents\Unity\LogRogue\Packages\System.Linq.Expressions.4.3.0\ref\netcore50\zh-hant\System.Linq.Expressions.xml", "XML", 0, 0, 0, 0, -4392, 0, 0, 0, 0, 0, 0, 0, 0, 0, 0, -4392
"c:\Users\Torte\Documents\Unity\LogRogue\Packages\System.Linq.Expressions.4.3.0\ref\netstandard1.0\System.Linq.Expressions.xml", "XML", 0, 0, 0, 0, -3942, 0, 0, 0, 0, 0, 0, 0, 0, 0, 0, -3942
"c:\Users\Torte\Documents\Unity\LogRogue\Packages\System.Linq.Expressions.4.3.0\ref\netstandard1.0\de\System.Linq.Expressions.xml", "XML", 0, 0, 0, 0, -3942, 0, 0, 0, 0, 0, 0, 0, 0, 0, 0, -3942
"c:\Users\Torte\Documents\Unity\LogRogue\Packages\System.Linq.Expressions.4.3.0\ref\netstandard1.0\es\System.Linq.Expressions.xml", "XML", 0, 0, 0, 0, -4388, 0, 0, 0, 0, 0, 0, 0, 0, 0, 0, -4388
"c:\Users\Torte\Documents\Unity\LogRogue\Packages\System.Linq.Expressions.4.3.0\ref\netstandard1.0\fr\System.Linq.Expressions.xml", "XML", 0, 0, 0, 0, -4807, 0, 0, 0, 0, 0, 0, 0, 0, 0, 0, -4807
"c:\Users\Torte\Documents\Unity\LogRogue\Packages\System.Linq.Expressions.4.3.0\ref\netstandard1.0\it\System.Linq.Expressions.xml", "XML", 0, 0, 0, 0, -4017, 0, 0, 0, 0, 0, 0, 0, 0, 0, 0, -4017
"c:\Users\Torte\Documents\Unity\LogRogue\Packages\System.Linq.Expressions.4.3.0\ref\netstandard1.0\ja\System.Linq.Expressions.xml", "XML", 0, 0, 0, 0, -4694, 0, 0, 0, 0, 0, 0, 0, 0, 0, 0, -4694
"c:\Users\Torte\Documents\Unity\LogRogue\Packages\System.Linq.Expressions.4.3.0\ref\netstandard1.0\ko\System.Linq.Expressions.xml", "XML", 0, 0, 0, 0, -4747, 0, 0, 0, 0, 0, 0, 0, 0, 0, 0, -4747
"c:\Users\Torte\Documents\Unity\LogRogue\Packages\System.Linq.Expressions.4.3.0\ref\netstandard1.0\ru\System.Linq.Expressions.xml", "XML", 0, 0, 0, 0, -3843, 0, 0, 0, 0, 0, 0, 0, 0, 0, 0, -3843
"c:\Users\Torte\Documents\Unity\LogRogue\Packages\System.Linq.Expressions.4.3.0\ref\netstandard1.0\zh-hans\System.Linq.Expressions.xml", "XML", 0, 0, 0, 0, -4022, 0, 0, 0, 0, 0, 0, 0, 0, 0, 0, -4022
"c:\Users\Torte\Documents\Unity\LogRogue\Packages\System.Linq.Expressions.4.3.0\ref\netstandard1.0\zh-hant\System.Linq.Expressions.xml", "XML", 0, 0, 0, 0, -4392, 0, 0, 0, 0, 0, 0, 0, 0, 0, 0, -4392
"c:\Users\Torte\Documents\Unity\LogRogue\Packages\System.Linq.Expressions.4.3.0\ref\netstandard1.3\System.Linq.Expressions.xml", "XML", 0, 0, 0, 0, -3942, 0, 0, 0, 0, 0, 0, 0, 0, 0, 0, -3942
"c:\Users\Torte\Documents\Unity\LogRogue\Packages\System.Linq.Expressions.4.3.0\ref\netstandard1.3\de\System.Linq.Expressions.xml", "XML", 0, 0, 0, 0, -3942, 0, 0, 0, 0, 0, 0, 0, 0, 0, 0, -3942
"c:\Users\Torte\Documents\Unity\LogRogue\Packages\System.Linq.Expressions.4.3.0\ref\netstandard1.3\es\System.Linq.Expressions.xml", "XML", 0, 0, 0, 0, -4388, 0, 0, 0, 0, 0, 0, 0, 0, 0, 0, -4388
"c:\Users\Torte\Documents\Unity\LogRogue\Packages\System.Linq.Expressions.4.3.0\ref\netstandard1.3\fr\System.Linq.Expressions.xml", "XML", 0, 0, 0, 0, -4807, 0, 0, 0, 0, 0, 0, 0, 0, 0, 0, -4807
"c:\Users\Torte\Documents\Unity\LogRogue\Packages\System.Linq.Expressions.4.3.0\ref\netstandard1.3\it\System.Linq.Expressions.xml", "XML", 0, 0, 0, 0, -4017, 0, 0, 0, 0, 0, 0, 0, 0, 0, 0, -4017
"c:\Users\Torte\Documents\Unity\LogRogue\Packages\System.Linq.Expressions.4.3.0\ref\netstandard1.3\ja\System.Linq.Expressions.xml", "XML", 0, 0, 0, 0, -4694, 0, 0, 0, 0, 0, 0, 0, 0, 0, 0, -4694
"c:\Users\Torte\Documents\Unity\LogRogue\Packages\System.Linq.Expressions.4.3.0\ref\netstandard1.3\ko\System.Linq.Expressions.xml", "XML", 0, 0, 0, 0, -4747, 0, 0, 0, 0, 0, 0, 0, 0, 0, 0, -4747
"c:\Users\Torte\Documents\Unity\LogRogue\Packages\System.Linq.Expressions.4.3.0\ref\netstandard1.3\ru\System.Linq.Expressions.xml", "XML", 0, 0, 0, 0, -3843, 0, 0, 0, 0, 0, 0, 0, 0, 0, 0, -3843
"c:\Users\Torte\Documents\Unity\LogRogue\Packages\System.Linq.Expressions.4.3.0\ref\netstandard1.3\zh-hans\System.Linq.Expressions.xml", "XML", 0, 0, 0, 0, -4022, 0, 0, 0, 0, 0, 0, 0, 0, 0, 0, -4022
"c:\Users\Torte\Documents\Unity\LogRogue\Packages\System.Linq.Expressions.4.3.0\ref\netstandard1.3\zh-hant\System.Linq.Expressions.xml", "XML", 0, 0, 0, 0, -4392, 0, 0, 0, 0, 0, 0, 0, 0, 0, 0, -4392
"c:\Users\Torte\Documents\Unity\LogRogue\Packages\System.Linq.Expressions.4.3.0\ref\netstandard1.6\System.Linq.Expressions.xml", "XML", 0, 0, 0, 0, -3942, 0, 0, 0, 0, 0, 0, 0, 0, 0, 0, -3942
"c:\Users\Torte\Documents\Unity\LogRogue\Packages\System.Linq.Expressions.4.3.0\ref\netstandard1.6\de\System.Linq.Expressions.xml", "XML", 0, 0, 0, 0, -3942, 0, 0, 0, 0, 0, 0, 0, 0, 0, 0, -3942
"c:\Users\Torte\Documents\Unity\LogRogue\Packages\System.Linq.Expressions.4.3.0\ref\netstandard1.6\es\System.Linq.Expressions.xml", "XML", 0, 0, 0, 0, -4388, 0, 0, 0, 0, 0, 0, 0, 0, 0, 0, -4388
"c:\Users\Torte\Documents\Unity\LogRogue\Packages\System.Linq.Expressions.4.3.0\ref\netstandard1.6\fr\System.Linq.Expressions.xml", "XML", 0, 0, 0, 0, -4807, 0, 0, 0, 0, 0, 0, 0, 0, 0, 0, -4807
"c:\Users\Torte\Documents\Unity\LogRogue\Packages\System.Linq.Expressions.4.3.0\ref\netstandard1.6\it\System.Linq.Expressions.xml", "XML", 0, 0, 0, 0, -4017, 0, 0, 0, 0, 0, 0, 0, 0, 0, 0, -4017
"c:\Users\Torte\Documents\Unity\LogRogue\Packages\System.Linq.Expressions.4.3.0\ref\netstandard1.6\ja\System.Linq.Expressions.xml", "XML", 0, 0, 0, 0, -4694, 0, 0, 0, 0, 0, 0, 0, 0, 0, 0, -4694
"c:\Users\Torte\Documents\Unity\LogRogue\Packages\System.Linq.Expressions.4.3.0\ref\netstandard1.6\ko\System.Linq.Expressions.xml", "XML", 0, 0, 0, 0, -4747, 0, 0, 0, 0, 0, 0, 0, 0, 0, 0, -4747
"c:\Users\Torte\Documents\Unity\LogRogue\Packages\System.Linq.Expressions.4.3.0\ref\netstandard1.6\ru\System.Linq.Expressions.xml", "XML", 0, 0, 0, 0, -3843, 0, 0, 0, 0, 0, 0, 0, 0, 0, 0, -3843
"c:\Users\Torte\Documents\Unity\LogRogue\Packages\System.Linq.Expressions.4.3.0\ref\netstandard1.6\zh-hans\System.Linq.Expressions.xml", "XML", 0, 0, 0, 0, -4022, 0, 0, 0, 0, 0, 0, 0, 0, 0, 0, -4022
"c:\Users\Torte\Documents\Unity\LogRogue\Packages\System.Linq.Expressions.4.3.0\ref\netstandard1.6\zh-hant\System.Linq.Expressions.xml", "XML", 0, 0, 0, 0, -4392, 0, 0, 0, 0, 0, 0, 0, 0, 0, 0, -4392
"c:\Users\Torte\Documents\Unity\LogRogue\Packages\System.Net.Http.4.3.0\ref\net46\System.Net.Http.xml", "XML", 0, 0, 0, 0, -2306, 0, 0, 0, 0, 0, 0, 0, 0, 0, 0, -2306
"c:\Users\Torte\Documents\Unity\LogRogue\Packages\System.Net.Http.4.3.0\ref\net46\de\System.Net.Http.xml", "XML", 0, 0, 0, 0, -2350, 0, 0, 0, 0, 0, 0, 0, 0, 0, 0, -2350
"c:\Users\Torte\Documents\Unity\LogRogue\Packages\System.Net.Http.4.3.0\ref\net46\es\System.Net.Http.xml", "XML", 0, 0, 0, 0, -2322, 0, 0, 0, 0, 0, 0, 0, 0, 0, 0, -2322
"c:\Users\Torte\Documents\Unity\LogRogue\Packages\System.Net.Http.4.3.0\ref\net46\fr\System.Net.Http.xml", "XML", 0, 0, 0, 0, -2361, 0, 0, 0, 0, 0, 0, 0, 0, 0, 0, -2361
"c:\Users\Torte\Documents\Unity\LogRogue\Packages\System.Net.Http.4.3.0\ref\net46\it\System.Net.Http.xml", "XML", 0, 0, 0, 0, -2310, 0, 0, 0, 0, 0, 0, 0, 0, 0, 0, -2310
"c:\Users\Torte\Documents\Unity\LogRogue\Packages\System.Net.Http.4.3.0\ref\net46\ja\System.Net.Http.xml", "XML", 0, 0, 0, 0, -2852, 0, 0, 0, 0, 0, 0, 0, 0, 0, 0, -2852
"c:\Users\Torte\Documents\Unity\LogRogue\Packages\System.Net.Http.4.3.0\ref\net46\ko\System.Net.Http.xml", "XML", 0, 0, 0, 0, -2846, 0, 0, 0, 0, 0, 0, 0, 0, 0, 0, -2846
"c:\Users\Torte\Documents\Unity\LogRogue\Packages\System.Net.Http.4.3.0\ref\net46\ru\System.Net.Http.xml", "XML", 0, 0, 0, 0, -2290, 0, 0, 0, 0, 0, 0, 0, 0, 0, 0, -2290
"c:\Users\Torte\Documents\Unity\LogRogue\Packages\System.Net.Http.4.3.0\ref\net46\zh-hans\System.Net.Http.xml", "XML", 0, 0, 0, 0, -2367, 0, 0, 0, 0, 0, 0, 0, 0, 0, 0, -2367
"c:\Users\Torte\Documents\Unity\LogRogue\Packages\System.Net.Http.4.3.0\ref\net46\zh-hant\System.Net.Http.xml", "XML", 0, 0, 0, 0, -2368, 0, 0, 0, 0, 0, 0, 0, 0, 0, 0, -2368
"c:\Users\Torte\Documents\Unity\LogRogue\Packages\System.Net.Http.4.3.0\ref\netcore50\System.Net.Http.xml", "XML", 0, 0, 0, 0, -2306, 0, 0, 0, 0, 0, 0, 0, 0, 0, 0, -2306
"c:\Users\Torte\Documents\Unity\LogRogue\Packages\System.Net.Http.4.3.0\ref\netcore50\de\System.Net.Http.xml", "XML", 0, 0, 0, 0, -2350, 0, 0, 0, 0, 0, 0, 0, 0, 0, 0, -2350
"c:\Users\Torte\Documents\Unity\LogRogue\Packages\System.Net.Http.4.3.0\ref\netcore50\es\System.Net.Http.xml", "XML", 0, 0, 0, 0, -2322, 0, 0, 0, 0, 0, 0, 0, 0, 0, 0, -2322
"c:\Users\Torte\Documents\Unity\LogRogue\Packages\System.Net.Http.4.3.0\ref\netcore50\fr\System.Net.Http.xml", "XML", 0, 0, 0, 0, -2361, 0, 0, 0, 0, 0, 0, 0, 0, 0, 0, -2361
"c:\Users\Torte\Documents\Unity\LogRogue\Packages\System.Net.Http.4.3.0\ref\netcore50\it\System.Net.Http.xml", "XML", 0, 0, 0, 0, -2310, 0, 0, 0, 0, 0, 0, 0, 0, 0, 0, -2310
"c:\Users\Torte\Documents\Unity\LogRogue\Packages\System.Net.Http.4.3.0\ref\netcore50\ja\System.Net.Http.xml", "XML", 0, 0, 0, 0, -2852, 0, 0, 0, 0, 0, 0, 0, 0, 0, 0, -2852
"c:\Users\Torte\Documents\Unity\LogRogue\Packages\System.Net.Http.4.3.0\ref\netcore50\ko\System.Net.Http.xml", "XML", 0, 0, 0, 0, -2846, 0, 0, 0, 0, 0, 0, 0, 0, 0, 0, -2846
"c:\Users\Torte\Documents\Unity\LogRogue\Packages\System.Net.Http.4.3.0\ref\netcore50\ru\System.Net.Http.xml", "XML", 0, 0, 0, 0, -2290, 0, 0, 0, 0, 0, 0, 0, 0, 0, 0, -2290
"c:\Users\Torte\Documents\Unity\LogRogue\Packages\System.Net.Http.4.3.0\ref\netcore50\zh-hans\System.Net.Http.xml", "XML", 0, 0, 0, 0, -2367, 0, 0, 0, 0, 0, 0, 0, 0, 0, 0, -2367
"c:\Users\Torte\Documents\Unity\LogRogue\Packages\System.Net.Http.4.3.0\ref\netcore50\zh-hant\System.Net.Http.xml", "XML", 0, 0, 0, 0, -2368, 0, 0, 0, 0, 0, 0, 0, 0, 0, 0, -2368
"c:\Users\Torte\Documents\Unity\LogRogue\Packages\System.Net.Http.4.3.0\ref\netstandard1.1\System.Net.Http.xml", "XML", 0, 0, 0, 0, -2306, 0, 0, 0, 0, 0, 0, 0, 0, 0, 0, -2306
"c:\Users\Torte\Documents\Unity\LogRogue\Packages\System.Net.Http.4.3.0\ref\netstandard1.1\de\System.Net.Http.xml", "XML", 0, 0, 0, 0, -2350, 0, 0, 0, 0, 0, 0, 0, 0, 0, 0, -2350
"c:\Users\Torte\Documents\Unity\LogRogue\Packages\System.Net.Http.4.3.0\ref\netstandard1.1\es\System.Net.Http.xml", "XML", 0, 0, 0, 0, -2322, 0, 0, 0, 0, 0, 0, 0, 0, 0, 0, -2322
"c:\Users\Torte\Documents\Unity\LogRogue\Packages\System.Net.Http.4.3.0\ref\netstandard1.1\fr\System.Net.Http.xml", "XML", 0, 0, 0, 0, -2361, 0, 0, 0, 0, 0, 0, 0, 0, 0, 0, -2361
"c:\Users\Torte\Documents\Unity\LogRogue\Packages\System.Net.Http.4.3.0\ref\netstandard1.1\it\System.Net.Http.xml", "XML", 0, 0, 0, 0, -2310, 0, 0, 0, 0, 0, 0, 0, 0, 0, 0, -2310
"c:\Users\Torte\Documents\Unity\LogRogue\Packages\System.Net.Http.4.3.0\ref\netstandard1.1\ja\System.Net.Http.xml", "XML", 0, 0, 0, 0, -2852, 0, 0, 0, 0, 0, 0, 0, 0, 0, 0, -2852
"c:\Users\Torte\Documents\Unity\LogRogue\Packages\System.Net.Http.4.3.0\ref\netstandard1.1\ko\System.Net.Http.xml", "XML", 0, 0, 0, 0, -2846, 0, 0, 0, 0, 0, 0, 0, 0, 0, 0, -2846
"c:\Users\Torte\Documents\Unity\LogRogue\Packages\System.Net.Http.4.3.0\ref\netstandard1.1\ru\System.Net.Http.xml", "XML", 0, 0, 0, 0, -2290, 0, 0, 0, 0, 0, 0, 0, 0, 0, 0, -2290
"c:\Users\Torte\Documents\Unity\LogRogue\Packages\System.Net.Http.4.3.0\ref\netstandard1.1\zh-hans\System.Net.Http.xml", "XML", 0, 0, 0, 0, -2367, 0, 0, 0, 0, 0, 0, 0, 0, 0, 0, -2367
"c:\Users\Torte\Documents\Unity\LogRogue\Packages\System.Net.Http.4.3.0\ref\netstandard1.1\zh-hant\System.Net.Http.xml", "XML", 0, 0, 0, 0, -2368, 0, 0, 0, 0, 0, 0, 0, 0, 0, 0, -2368
"c:\Users\Torte\Documents\Unity\LogRogue\Packages\System.Net.Http.4.3.0\ref\netstandard1.3\System.Net.Http.xml", "XML", 0, 0, 0, 0, -2306, 0, 0, 0, 0, 0, 0, 0, 0, 0, 0, -2306
"c:\Users\Torte\Documents\Unity\LogRogue\Packages\System.Net.Http.4.3.0\ref\netstandard1.3\de\System.Net.Http.xml", "XML", 0, 0, 0, 0, -2350, 0, 0, 0, 0, 0, 0, 0, 0, 0, 0, -2350
"c:\Users\Torte\Documents\Unity\LogRogue\Packages\System.Net.Http.4.3.0\ref\netstandard1.3\es\System.Net.Http.xml", "XML", 0, 0, 0, 0, -2322, 0, 0, 0, 0, 0, 0, 0, 0, 0, 0, -2322
"c:\Users\Torte\Documents\Unity\LogRogue\Packages\System.Net.Http.4.3.0\ref\netstandard1.3\fr\System.Net.Http.xml", "XML", 0, 0, 0, 0, -2361, 0, 0, 0, 0, 0, 0, 0, 0, 0, 0, -2361
"c:\Users\Torte\Documents\Unity\LogRogue\Packages\System.Net.Http.4.3.0\ref\netstandard1.3\it\System.Net.Http.xml", "XML", 0, 0, 0, 0, -2310, 0, 0, 0, 0, 0, 0, 0, 0, 0, 0, -2310
"c:\Users\Torte\Documents\Unity\LogRogue\Packages\System.Net.Http.4.3.0\ref\netstandard1.3\ja\System.Net.Http.xml", "XML", 0, 0, 0, 0, -2852, 0, 0, 0, 0, 0, 0, 0, 0, 0, 0, -2852
"c:\Users\Torte\Documents\Unity\LogRogue\Packages\System.Net.Http.4.3.0\ref\netstandard1.3\ko\System.Net.Http.xml", "XML", 0, 0, 0, 0, -2846, 0, 0, 0, 0, 0, 0, 0, 0, 0, 0, -2846
"c:\Users\Torte\Documents\Unity\LogRogue\Packages\System.Net.Http.4.3.0\ref\netstandard1.3\ru\System.Net.Http.xml", "XML", 0, 0, 0, 0, -2290, 0, 0, 0, 0, 0, 0, 0, 0, 0, 0, -2290
"c:\Users\Torte\Documents\Unity\LogRogue\Packages\System.Net.Http.4.3.0\ref\netstandard1.3\zh-hans\System.Net.Http.xml", "XML", 0, 0, 0, 0, -2367, 0, 0, 0, 0, 0, 0, 0, 0, 0, 0, -2367
"c:\Users\Torte\Documents\Unity\LogRogue\Packages\System.Net.Http.4.3.0\ref\netstandard1.3\zh-hant\System.Net.Http.xml", "XML", 0, 0, 0, 0, -2368, 0, 0, 0, 0, 0, 0, 0, 0, 0, 0, -2368
"c:\Users\Torte\Documents\Unity\LogRogue\Packages\System.Net.Primitives.4.3.0\ref\netcore50\System.Net.Primitives.xml", "XML", 0, 0, 0, 0, -1408, 0, 0, 0, 0, 0, 0, 0, 0, 0, 0, -1408
"c:\Users\Torte\Documents\Unity\LogRogue\Packages\System.Net.Primitives.4.3.0\ref\netcore50\de\System.Net.Primitives.xml", "XML", 0, 0, 0, 0, -1410, 0, 0, 0, 0, 0, 0, 0, 0, 0, 0, -1410
"c:\Users\Torte\Documents\Unity\LogRogue\Packages\System.Net.Primitives.4.3.0\ref\netcore50\es\System.Net.Primitives.xml", "XML", 0, 0, 0, 0, -1421, 0, 0, 0, 0, 0, 0, 0, 0, 0, 0, -1421
"c:\Users\Torte\Documents\Unity\LogRogue\Packages\System.Net.Primitives.4.3.0\ref\netcore50\fr\System.Net.Primitives.xml", "XML", 0, 0, 0, 0, -1446, 0, 0, 0, 0, 0, 0, 0, 0, 0, 0, -1446
"c:\Users\Torte\Documents\Unity\LogRogue\Packages\System.Net.Primitives.4.3.0\ref\netcore50\it\System.Net.Primitives.xml", "XML", 0, 0, 0, 0, -1411, 0, 0, 0, 0, 0, 0, 0, 0, 0, 0, -1411
"c:\Users\Torte\Documents\Unity\LogRogue\Packages\System.Net.Primitives.4.3.0\ref\netcore50\ja\System.Net.Primitives.xml", "XML", 0, 0, 0, 0, -1569, 0, 0, 0, 0, 0, 0, 0, 0, 0, 0, -1569
"c:\Users\Torte\Documents\Unity\LogRogue\Packages\System.Net.Primitives.4.3.0\ref\netcore50\ko\System.Net.Primitives.xml", "XML", 0, 0, 0, 0, -1564, 0, 0, 0, 0, 0, 0, 0, 0, 0, 0, -1564
"c:\Users\Torte\Documents\Unity\LogRogue\Packages\System.Net.Primitives.4.3.0\ref\netcore50\ru\System.Net.Primitives.xml", "XML", 0, 0, 0, 0, -1377, 0, 0, 0, 0, 0, 0, 0, 0, 0, 0, -1377
"c:\Users\Torte\Documents\Unity\LogRogue\Packages\System.Net.Primitives.4.3.0\ref\netcore50\zh-hans\System.Net.Primitives.xml", "XML", 0, 0, 0, 0, -1466, 0, 0, 0, 0, 0, 0, 0, 0, 0, 0, -1466
"c:\Users\Torte\Documents\Unity\LogRogue\Packages\System.Net.Primitives.4.3.0\ref\netcore50\zh-hant\System.Net.Primitives.xml", "XML", 0, 0, 0, 0, -1477, 0, 0, 0, 0, 0, 0, 0, 0, 0, 0, -1477
"c:\Users\Torte\Documents\Unity\LogRogue\Packages\System.Net.Primitives.4.3.0\ref\netstandard1.0\System.Net.Primitives.xml", "XML", 0, 0, 0, 0, -1408, 0, 0, 0, 0, 0, 0, 0, 0, 0, 0, -1408
"c:\Users\Torte\Documents\Unity\LogRogue\Packages\System.Net.Primitives.4.3.0\ref\netstandard1.0\de\System.Net.Primitives.xml", "XML", 0, 0, 0, 0, -1410, 0, 0, 0, 0, 0, 0, 0, 0, 0, 0, -1410
"c:\Users\Torte\Documents\Unity\LogRogue\Packages\System.Net.Primitives.4.3.0\ref\netstandard1.0\es\System.Net.Primitives.xml", "XML", 0, 0, 0, 0, -1421, 0, 0, 0, 0, 0, 0, 0, 0, 0, 0, -1421
"c:\Users\Torte\Documents\Unity\LogRogue\Packages\System.Net.Primitives.4.3.0\ref\netstandard1.0\fr\System.Net.Primitives.xml", "XML", 0, 0, 0, 0, -1446, 0, 0, 0, 0, 0, 0, 0, 0, 0, 0, -1446
"c:\Users\Torte\Documents\Unity\LogRogue\Packages\System.Net.Primitives.4.3.0\ref\netstandard1.0\it\System.Net.Primitives.xml", "XML", 0, 0, 0, 0, -1411, 0, 0, 0, 0, 0, 0, 0, 0, 0, 0, -1411
"c:\Users\Torte\Documents\Unity\LogRogue\Packages\System.Net.Primitives.4.3.0\ref\netstandard1.0\ja\System.Net.Primitives.xml", "XML", 0, 0, 0, 0, -1569, 0, 0, 0, 0, 0, 0, 0, 0, 0, 0, -1569
"c:\Users\Torte\Documents\Unity\LogRogue\Packages\System.Net.Primitives.4.3.0\ref\netstandard1.0\ko\System.Net.Primitives.xml", "XML", 0, 0, 0, 0, -1564, 0, 0, 0, 0, 0, 0, 0, 0, 0, 0, -1564
"c:\Users\Torte\Documents\Unity\LogRogue\Packages\System.Net.Primitives.4.3.0\ref\netstandard1.0\ru\System.Net.Primitives.xml", "XML", 0, 0, 0, 0, -1377, 0, 0, 0, 0, 0, 0, 0, 0, 0, 0, -1377
"c:\Users\Torte\Documents\Unity\LogRogue\Packages\System.Net.Primitives.4.3.0\ref\netstandard1.0\zh-hans\System.Net.Primitives.xml", "XML", 0, 0, 0, 0, -1466, 0, 0, 0, 0, 0, 0, 0, 0, 0, 0, -1466
"c:\Users\Torte\Documents\Unity\LogRogue\Packages\System.Net.Primitives.4.3.0\ref\netstandard1.0\zh-hant\System.Net.Primitives.xml", "XML", 0, 0, 0, 0, -1477, 0, 0, 0, 0, 0, 0, 0, 0, 0, 0, -1477
"c:\Users\Torte\Documents\Unity\LogRogue\Packages\System.Net.Primitives.4.3.0\ref\netstandard1.1\System.Net.Primitives.xml", "XML", 0, 0, 0, 0, -1408, 0, 0, 0, 0, 0, 0, 0, 0, 0, 0, -1408
"c:\Users\Torte\Documents\Unity\LogRogue\Packages\System.Net.Primitives.4.3.0\ref\netstandard1.1\de\System.Net.Primitives.xml", "XML", 0, 0, 0, 0, -1410, 0, 0, 0, 0, 0, 0, 0, 0, 0, 0, -1410
"c:\Users\Torte\Documents\Unity\LogRogue\Packages\System.Net.Primitives.4.3.0\ref\netstandard1.1\es\System.Net.Primitives.xml", "XML", 0, 0, 0, 0, -1421, 0, 0, 0, 0, 0, 0, 0, 0, 0, 0, -1421
"c:\Users\Torte\Documents\Unity\LogRogue\Packages\System.Net.Primitives.4.3.0\ref\netstandard1.1\fr\System.Net.Primitives.xml", "XML", 0, 0, 0, 0, -1446, 0, 0, 0, 0, 0, 0, 0, 0, 0, 0, -1446
"c:\Users\Torte\Documents\Unity\LogRogue\Packages\System.Net.Primitives.4.3.0\ref\netstandard1.1\it\System.Net.Primitives.xml", "XML", 0, 0, 0, 0, -1411, 0, 0, 0, 0, 0, 0, 0, 0, 0, 0, -1411
"c:\Users\Torte\Documents\Unity\LogRogue\Packages\System.Net.Primitives.4.3.0\ref\netstandard1.1\ja\System.Net.Primitives.xml", "XML", 0, 0, 0, 0, -1569, 0, 0, 0, 0, 0, 0, 0, 0, 0, 0, -1569
"c:\Users\Torte\Documents\Unity\LogRogue\Packages\System.Net.Primitives.4.3.0\ref\netstandard1.1\ko\System.Net.Primitives.xml", "XML", 0, 0, 0, 0, -1564, 0, 0, 0, 0, 0, 0, 0, 0, 0, 0, -1564
"c:\Users\Torte\Documents\Unity\LogRogue\Packages\System.Net.Primitives.4.3.0\ref\netstandard1.1\ru\System.Net.Primitives.xml", "XML", 0, 0, 0, 0, -1377, 0, 0, 0, 0, 0, 0, 0, 0, 0, 0, -1377
"c:\Users\Torte\Documents\Unity\LogRogue\Packages\System.Net.Primitives.4.3.0\ref\netstandard1.1\zh-hans\System.Net.Primitives.xml", "XML", 0, 0, 0, 0, -1466, 0, 0, 0, 0, 0, 0, 0, 0, 0, 0, -1466
"c:\Users\Torte\Documents\Unity\LogRogue\Packages\System.Net.Primitives.4.3.0\ref\netstandard1.1\zh-hant\System.Net.Primitives.xml", "XML", 0, 0, 0, 0, -1477, 0, 0, 0, 0, 0, 0, 0, 0, 0, 0, -1477
"c:\Users\Torte\Documents\Unity\LogRogue\Packages\System.Net.Primitives.4.3.0\ref\netstandard1.3\System.Net.Primitives.xml", "XML", 0, 0, 0, 0, -1408, 0, 0, 0, 0, 0, 0, 0, 0, 0, 0, -1408
"c:\Users\Torte\Documents\Unity\LogRogue\Packages\System.Net.Primitives.4.3.0\ref\netstandard1.3\de\System.Net.Primitives.xml", "XML", 0, 0, 0, 0, -1410, 0, 0, 0, 0, 0, 0, 0, 0, 0, 0, -1410
"c:\Users\Torte\Documents\Unity\LogRogue\Packages\System.Net.Primitives.4.3.0\ref\netstandard1.3\es\System.Net.Primitives.xml", "XML", 0, 0, 0, 0, -1421, 0, 0, 0, 0, 0, 0, 0, 0, 0, 0, -1421
"c:\Users\Torte\Documents\Unity\LogRogue\Packages\System.Net.Primitives.4.3.0\ref\netstandard1.3\fr\System.Net.Primitives.xml", "XML", 0, 0, 0, 0, -1446, 0, 0, 0, 0, 0, 0, 0, 0, 0, 0, -1446
"c:\Users\Torte\Documents\Unity\LogRogue\Packages\System.Net.Primitives.4.3.0\ref\netstandard1.3\it\System.Net.Primitives.xml", "XML", 0, 0, 0, 0, -1411, 0, 0, 0, 0, 0, 0, 0, 0, 0, 0, -1411
"c:\Users\Torte\Documents\Unity\LogRogue\Packages\System.Net.Primitives.4.3.0\ref\netstandard1.3\ja\System.Net.Primitives.xml", "XML", 0, 0, 0, 0, -1569, 0, 0, 0, 0, 0, 0, 0, 0, 0, 0, -1569
"c:\Users\Torte\Documents\Unity\LogRogue\Packages\System.Net.Primitives.4.3.0\ref\netstandard1.3\ko\System.Net.Primitives.xml", "XML", 0, 0, 0, 0, -1564, 0, 0, 0, 0, 0, 0, 0, 0, 0, 0, -1564
"c:\Users\Torte\Documents\Unity\LogRogue\Packages\System.Net.Primitives.4.3.0\ref\netstandard1.3\ru\System.Net.Primitives.xml", "XML", 0, 0, 0, 0, -1377, 0, 0, 0, 0, 0, 0, 0, 0, 0, 0, -1377
"c:\Users\Torte\Documents\Unity\LogRogue\Packages\System.Net.Primitives.4.3.0\ref\netstandard1.3\zh-hans\System.Net.Primitives.xml", "XML", 0, 0, 0, 0, -1466, 0, 0, 0, 0, 0, 0, 0, 0, 0, 0, -1466
"c:\Users\Torte\Documents\Unity\LogRogue\Packages\System.Net.Primitives.4.3.0\ref\netstandard1.3\zh-hant\System.Net.Primitives.xml", "XML", 0, 0, 0, 0, -1477, 0, 0, 0, 0, 0, 0, 0, 0, 0, 0, -1477
"c:\Users\Torte\Documents\Unity\LogRogue\Packages\System.Net.Sockets.4.3.0\ref\netstandard1.3\System.Net.Sockets.xml", "XML", 0, 0, 0, 0, -392, 0, 0, 0, 0, 0, 0, 0, 0, 0, 0, -392
"c:\Users\Torte\Documents\Unity\LogRogue\Packages\System.Net.Sockets.4.3.0\ref\netstandard1.3\de\System.Net.Sockets.xml", "XML", 0, 0, 0, 0, -394, 0, 0, 0, 0, 0, 0, 0, 0, 0, 0, -394
"c:\Users\Torte\Documents\Unity\LogRogue\Packages\System.Net.Sockets.4.3.0\ref\netstandard1.3\es\System.Net.Sockets.xml", "XML", 0, 0, 0, 0, -406, 0, 0, 0, 0, 0, 0, 0, 0, 0, 0, -406
"c:\Users\Torte\Documents\Unity\LogRogue\Packages\System.Net.Sockets.4.3.0\ref\netstandard1.3\fr\System.Net.Sockets.xml", "XML", 0, 0, 0, 0, -426, 0, 0, 0, 0, 0, 0, 0, 0, 0, 0, -426
"c:\Users\Torte\Documents\Unity\LogRogue\Packages\System.Net.Sockets.4.3.0\ref\netstandard1.3\it\System.Net.Sockets.xml", "XML", 0, 0, 0, 0, -398, 0, 0, 0, 0, 0, 0, 0, 0, 0, 0, -398
"c:\Users\Torte\Documents\Unity\LogRogue\Packages\System.Net.Sockets.4.3.0\ref\netstandard1.3\ja\System.Net.Sockets.xml", "XML", 0, 0, 0, 0, -460, 0, 0, 0, 0, 0, 0, 0, 0, 0, 0, -460
"c:\Users\Torte\Documents\Unity\LogRogue\Packages\System.Net.Sockets.4.3.0\ref\netstandard1.3\ko\System.Net.Sockets.xml", "XML", 0, 0, 0, 0, -466, 0, 0, 0, 0, 0, 0, 0, 0, 0, 0, -466
"c:\Users\Torte\Documents\Unity\LogRogue\Packages\System.Net.Sockets.4.3.0\ref\netstandard1.3\ru\System.Net.Sockets.xml", "XML", 0, 0, 0, 0, -393, 0, 0, 0, 0, 0, 0, 0, 0, 0, 0, -393
"c:\Users\Torte\Documents\Unity\LogRogue\Packages\System.Net.Sockets.4.3.0\ref\netstandard1.3\zh-hans\System.Net.Sockets.xml", "XML", 0, 0, 0, 0, -434, 0, 0, 0, 0, 0, 0, 0, 0, 0, 0, -434
"c:\Users\Torte\Documents\Unity\LogRogue\Packages\System.Net.Sockets.4.3.0\ref\netstandard1.3\zh-hant\System.Net.Sockets.xml", "XML", 0, 0, 0, 0, -441, 0, 0, 0, 0, 0, 0, 0, 0, 0, 0, -441
"c:\Users\Torte\Documents\Unity\LogRogue\Packages\System.ObjectModel.4.3.0\ref\netcore50\System.ObjectModel.xml", "XML", 0, 0, 0, 0, -730, 0, 0, 0, 0, 0, 0, 0, 0, 0, 0, -730
"c:\Users\Torte\Documents\Unity\LogRogue\Packages\System.ObjectModel.4.3.0\ref\netcore50\de\System.ObjectModel.xml", "XML", 0, 0, 0, 0, -730, 0, 0, 0, 0, 0, 0, 0, 0, 0, 0, -730
"c:\Users\Torte\Documents\Unity\LogRogue\Packages\System.ObjectModel.4.3.0\ref\netcore50\es\System.ObjectModel.xml", "XML", 0, 0, 0, 0, -726, 0, 0, 0, 0, 0, 0, 0, 0, 0, 0, -726
"c:\Users\Torte\Documents\Unity\LogRogue\Packages\System.ObjectModel.4.3.0\ref\netcore50\fr\System.ObjectModel.xml", "XML", 0, 0, 0, 0, -733, 0, 0, 0, 0, 0, 0, 0, 0, 0, 0, -733
"c:\Users\Torte\Documents\Unity\LogRogue\Packages\System.ObjectModel.4.3.0\ref\netcore50\it\System.ObjectModel.xml", "XML", 0, 0, 0, 0, -730, 0, 0, 0, 0, 0, 0, 0, 0, 0, 0, -730
"c:\Users\Torte\Documents\Unity\LogRogue\Packages\System.ObjectModel.4.3.0\ref\netcore50\ja\System.ObjectModel.xml", "XML", 0, 0, 0, 0, -786, 0, 0, 0, 0, 0, 0, 0, 0, 0, 0, -786
"c:\Users\Torte\Documents\Unity\LogRogue\Packages\System.ObjectModel.4.3.0\ref\netcore50\ko\System.ObjectModel.xml", "XML", 0, 0, 0, 0, -788, 0, 0, 0, 0, 0, 0, 0, 0, 0, 0, -788
"c:\Users\Torte\Documents\Unity\LogRogue\Packages\System.ObjectModel.4.3.0\ref\netcore50\ru\System.ObjectModel.xml", "XML", 0, 0, 0, 0, -707, 0, 0, 0, 0, 0, 0, 0, 0, 0, 0, -707
"c:\Users\Torte\Documents\Unity\LogRogue\Packages\System.ObjectModel.4.3.0\ref\netcore50\zh-hans\System.ObjectModel.xml", "XML", 0, 0, 0, 0, -740, 0, 0, 0, 0, 0, 0, 0, 0, 0, 0, -740
"c:\Users\Torte\Documents\Unity\LogRogue\Packages\System.ObjectModel.4.3.0\ref\netcore50\zh-hant\System.ObjectModel.xml", "XML", 0, 0, 0, 0, -742, 0, 0, 0, 0, 0, 0, 0, 0, 0, 0, -742
"c:\Users\Torte\Documents\Unity\LogRogue\Packages\System.ObjectModel.4.3.0\ref\netstandard1.0\System.ObjectModel.xml", "XML", 0, 0, 0, 0, -730, 0, 0, 0, 0, 0, 0, 0, 0, 0, 0, -730
"c:\Users\Torte\Documents\Unity\LogRogue\Packages\System.ObjectModel.4.3.0\ref\netstandard1.0\de\System.ObjectModel.xml", "XML", 0, 0, 0, 0, -730, 0, 0, 0, 0, 0, 0, 0, 0, 0, 0, -730
"c:\Users\Torte\Documents\Unity\LogRogue\Packages\System.ObjectModel.4.3.0\ref\netstandard1.0\es\System.ObjectModel.xml", "XML", 0, 0, 0, 0, -726, 0, 0, 0, 0, 0, 0, 0, 0, 0, 0, -726
"c:\Users\Torte\Documents\Unity\LogRogue\Packages\System.ObjectModel.4.3.0\ref\netstandard1.0\fr\System.ObjectModel.xml", "XML", 0, 0, 0, 0, -733, 0, 0, 0, 0, 0, 0, 0, 0, 0, 0, -733
"c:\Users\Torte\Documents\Unity\LogRogue\Packages\System.ObjectModel.4.3.0\ref\netstandard1.0\it\System.ObjectModel.xml", "XML", 0, 0, 0, 0, -730, 0, 0, 0, 0, 0, 0, 0, 0, 0, 0, -730
"c:\Users\Torte\Documents\Unity\LogRogue\Packages\System.ObjectModel.4.3.0\ref\netstandard1.0\ja\System.ObjectModel.xml", "XML", 0, 0, 0, 0, -786, 0, 0, 0, 0, 0, 0, 0, 0, 0, 0, -786
"c:\Users\Torte\Documents\Unity\LogRogue\Packages\System.ObjectModel.4.3.0\ref\netstandard1.0\ko\System.ObjectModel.xml", "XML", 0, 0, 0, 0, -788, 0, 0, 0, 0, 0, 0, 0, 0, 0, 0, -788
"c:\Users\Torte\Documents\Unity\LogRogue\Packages\System.ObjectModel.4.3.0\ref\netstandard1.0\ru\System.ObjectModel.xml", "XML", 0, 0, 0, 0, -707, 0, 0, 0, 0, 0, 0, 0, 0, 0, 0, -707
"c:\Users\Torte\Documents\Unity\LogRogue\Packages\System.ObjectModel.4.3.0\ref\netstandard1.0\zh-hans\System.ObjectModel.xml", "XML", 0, 0, 0, 0, -740, 0, 0, 0, 0, 0, 0, 0, 0, 0, 0, -740
"c:\Users\Torte\Documents\Unity\LogRogue\Packages\System.ObjectModel.4.3.0\ref\netstandard1.0\zh-hant\System.ObjectModel.xml", "XML", 0, 0, 0, 0, -742, 0, 0, 0, 0, 0, 0, 0, 0, 0, 0, -742
"c:\Users\Torte\Documents\Unity\LogRogue\Packages\System.ObjectModel.4.3.0\ref\netstandard1.3\System.ObjectModel.xml", "XML", 0, 0, 0, 0, -730, 0, 0, 0, 0, 0, 0, 0, 0, 0, 0, -730
"c:\Users\Torte\Documents\Unity\LogRogue\Packages\System.ObjectModel.4.3.0\ref\netstandard1.3\de\System.ObjectModel.xml", "XML", 0, 0, 0, 0, -730, 0, 0, 0, 0, 0, 0, 0, 0, 0, 0, -730
"c:\Users\Torte\Documents\Unity\LogRogue\Packages\System.ObjectModel.4.3.0\ref\netstandard1.3\es\System.ObjectModel.xml", "XML", 0, 0, 0, 0, -726, 0, 0, 0, 0, 0, 0, 0, 0, 0, 0, -726
"c:\Users\Torte\Documents\Unity\LogRogue\Packages\System.ObjectModel.4.3.0\ref\netstandard1.3\fr\System.ObjectModel.xml", "XML", 0, 0, 0, 0, -733, 0, 0, 0, 0, 0, 0, 0, 0, 0, 0, -733
"c:\Users\Torte\Documents\Unity\LogRogue\Packages\System.ObjectModel.4.3.0\ref\netstandard1.3\it\System.ObjectModel.xml", "XML", 0, 0, 0, 0, -730, 0, 0, 0, 0, 0, 0, 0, 0, 0, 0, -730
"c:\Users\Torte\Documents\Unity\LogRogue\Packages\System.ObjectModel.4.3.0\ref\netstandard1.3\ja\System.ObjectModel.xml", "XML", 0, 0, 0, 0, -786, 0, 0, 0, 0, 0, 0, 0, 0, 0, 0, -786
"c:\Users\Torte\Documents\Unity\LogRogue\Packages\System.ObjectModel.4.3.0\ref\netstandard1.3\ko\System.ObjectModel.xml", "XML", 0, 0, 0, 0, -788, 0, 0, 0, 0, 0, 0, 0, 0, 0, 0, -788
"c:\Users\Torte\Documents\Unity\LogRogue\Packages\System.ObjectModel.4.3.0\ref\netstandard1.3\ru\System.ObjectModel.xml", "XML", 0, 0, 0, 0, -707, 0, 0, 0, 0, 0, 0, 0, 0, 0, 0, -707
"c:\Users\Torte\Documents\Unity\LogRogue\Packages\System.ObjectModel.4.3.0\ref\netstandard1.3\zh-hans\System.ObjectModel.xml", "XML", 0, 0, 0, 0, -740, 0, 0, 0, 0, 0, 0, 0, 0, 0, 0, -740
"c:\Users\Torte\Documents\Unity\LogRogue\Packages\System.ObjectModel.4.3.0\ref\netstandard1.3\zh-hant\System.ObjectModel.xml", "XML", 0, 0, 0, 0, -742, 0, 0, 0, 0, 0, 0, 0, 0, 0, 0, -742
"c:\Users\Torte\Documents\Unity\LogRogue\Packages\System.Reflection.4.3.0\ref\netcore50\System.Reflection.xml", "XML", 0, 0, 0, 0, -1131, 0, 0, 0, 0, 0, 0, 0, 0, 0, 0, -1131
"c:\Users\Torte\Documents\Unity\LogRogue\Packages\System.Reflection.4.3.0\ref\netcore50\de\System.Reflection.xml", "XML", 0, 0, 0, 0, -1129, 0, 0, 0, 0, 0, 0, 0, 0, 0, 0, -1129
"c:\Users\Torte\Documents\Unity\LogRogue\Packages\System.Reflection.4.3.0\ref\netcore50\es\System.Reflection.xml", "XML", 0, 0, 0, 0, -1123, 0, 0, 0, 0, 0, 0, 0, 0, 0, 0, -1123
"c:\Users\Torte\Documents\Unity\LogRogue\Packages\System.Reflection.4.3.0\ref\netcore50\fr\System.Reflection.xml", "XML", 0, 0, 0, 0, -1134, 0, 0, 0, 0, 0, 0, 0, 0, 0, 0, -1134
"c:\Users\Torte\Documents\Unity\LogRogue\Packages\System.Reflection.4.3.0\ref\netcore50\it\System.Reflection.xml", "XML", 0, 0, 0, 0, -1131, 0, 0, 0, 0, 0, 0, 0, 0, 0, 0, -1131
"c:\Users\Torte\Documents\Unity\LogRogue\Packages\System.Reflection.4.3.0\ref\netcore50\ja\System.Reflection.xml", "XML", 0, 0, 0, 0, -1167, 0, 0, 0, 0, 0, 0, 0, 0, 0, 0, -1167
"c:\Users\Torte\Documents\Unity\LogRogue\Packages\System.Reflection.4.3.0\ref\netcore50\ko\System.Reflection.xml", "XML", 0, 0, 0, 0, -1180, 0, 0, 0, 0, 0, 0, 0, 0, 0, 0, -1180
"c:\Users\Torte\Documents\Unity\LogRogue\Packages\System.Reflection.4.3.0\ref\netcore50\ru\System.Reflection.xml", "XML", 0, 0, 0, 0, -1103, 0, 0, 0, 0, 0, 0, 0, 0, 0, 0, -1103
"c:\Users\Torte\Documents\Unity\LogRogue\Packages\System.Reflection.4.3.0\ref\netcore50\zh-hans\System.Reflection.xml", "XML", 0, 0, 0, 0, -1154, 0, 0, 0, 0, 0, 0, 0, 0, 0, 0, -1154
"c:\Users\Torte\Documents\Unity\LogRogue\Packages\System.Reflection.4.3.0\ref\netcore50\zh-hant\System.Reflection.xml", "XML", 0, 0, 0, 0, -1153, 0, 0, 0, 0, 0, 0, 0, 0, 0, 0, -1153
"c:\Users\Torte\Documents\Unity\LogRogue\Packages\System.Reflection.4.3.0\ref\netstandard1.0\System.Reflection.xml", "XML", 0, 0, 0, 0, -1131, 0, 0, 0, 0, 0, 0, 0, 0, 0, 0, -1131
"c:\Users\Torte\Documents\Unity\LogRogue\Packages\System.Reflection.4.3.0\ref\netstandard1.0\de\System.Reflection.xml", "XML", 0, 0, 0, 0, -1129, 0, 0, 0, 0, 0, 0, 0, 0, 0, 0, -1129
"c:\Users\Torte\Documents\Unity\LogRogue\Packages\System.Reflection.4.3.0\ref\netstandard1.0\es\System.Reflection.xml", "XML", 0, 0, 0, 0, -1123, 0, 0, 0, 0, 0, 0, 0, 0, 0, 0, -1123
"c:\Users\Torte\Documents\Unity\LogRogue\Packages\System.Reflection.4.3.0\ref\netstandard1.0\fr\System.Reflection.xml", "XML", 0, 0, 0, 0, -1134, 0, 0, 0, 0, 0, 0, 0, 0, 0, 0, -1134
"c:\Users\Torte\Documents\Unity\LogRogue\Packages\System.Reflection.4.3.0\ref\netstandard1.0\it\System.Reflection.xml", "XML", 0, 0, 0, 0, -1131, 0, 0, 0, 0, 0, 0, 0, 0, 0, 0, -1131
"c:\Users\Torte\Documents\Unity\LogRogue\Packages\System.Reflection.4.3.0\ref\netstandard1.0\ja\System.Reflection.xml", "XML", 0, 0, 0, 0, -1167, 0, 0, 0, 0, 0, 0, 0, 0, 0, 0, -1167
"c:\Users\Torte\Documents\Unity\LogRogue\Packages\System.Reflection.4.3.0\ref\netstandard1.0\ko\System.Reflection.xml", "XML", 0, 0, 0, 0, -1180, 0, 0, 0, 0, 0, 0, 0, 0, 0, 0, -1180
"c:\Users\Torte\Documents\Unity\LogRogue\Packages\System.Reflection.4.3.0\ref\netstandard1.0\ru\System.Reflection.xml", "XML", 0, 0, 0, 0, -1103, 0, 0, 0, 0, 0, 0, 0, 0, 0, 0, -1103
"c:\Users\Torte\Documents\Unity\LogRogue\Packages\System.Reflection.4.3.0\ref\netstandard1.0\zh-hans\System.Reflection.xml", "XML", 0, 0, 0, 0, -1154, 0, 0, 0, 0, 0, 0, 0, 0, 0, 0, -1154
"c:\Users\Torte\Documents\Unity\LogRogue\Packages\System.Reflection.4.3.0\ref\netstandard1.0\zh-hant\System.Reflection.xml", "XML", 0, 0, 0, 0, -1153, 0, 0, 0, 0, 0, 0, 0, 0, 0, 0, -1153
"c:\Users\Torte\Documents\Unity\LogRogue\Packages\System.Reflection.4.3.0\ref\netstandard1.3\System.Reflection.xml", "XML", 0, 0, 0, 0, -1131, 0, 0, 0, 0, 0, 0, 0, 0, 0, 0, -1131
"c:\Users\Torte\Documents\Unity\LogRogue\Packages\System.Reflection.4.3.0\ref\netstandard1.3\de\System.Reflection.xml", "XML", 0, 0, 0, 0, -1129, 0, 0, 0, 0, 0, 0, 0, 0, 0, 0, -1129
"c:\Users\Torte\Documents\Unity\LogRogue\Packages\System.Reflection.4.3.0\ref\netstandard1.3\es\System.Reflection.xml", "XML", 0, 0, 0, 0, -1123, 0, 0, 0, 0, 0, 0, 0, 0, 0, 0, -1123
"c:\Users\Torte\Documents\Unity\LogRogue\Packages\System.Reflection.4.3.0\ref\netstandard1.3\fr\System.Reflection.xml", "XML", 0, 0, 0, 0, -1134, 0, 0, 0, 0, 0, 0, 0, 0, 0, 0, -1134
"c:\Users\Torte\Documents\Unity\LogRogue\Packages\System.Reflection.4.3.0\ref\netstandard1.3\it\System.Reflection.xml", "XML", 0, 0, 0, 0, -1131, 0, 0, 0, 0, 0, 0, 0, 0, 0, 0, -1131
"c:\Users\Torte\Documents\Unity\LogRogue\Packages\System.Reflection.4.3.0\ref\netstandard1.3\ja\System.Reflection.xml", "XML", 0, 0, 0, 0, -1167, 0, 0, 0, 0, 0, 0, 0, 0, 0, 0, -1167
"c:\Users\Torte\Documents\Unity\LogRogue\Packages\System.Reflection.4.3.0\ref\netstandard1.3\ko\System.Reflection.xml", "XML", 0, 0, 0, 0, -1180, 0, 0, 0, 0, 0, 0, 0, 0, 0, 0, -1180
"c:\Users\Torte\Documents\Unity\LogRogue\Packages\System.Reflection.4.3.0\ref\netstandard1.3\ru\System.Reflection.xml", "XML", 0, 0, 0, 0, -1103, 0, 0, 0, 0, 0, 0, 0, 0, 0, 0, -1103
"c:\Users\Torte\Documents\Unity\LogRogue\Packages\System.Reflection.4.3.0\ref\netstandard1.3\zh-hans\System.Reflection.xml", "XML", 0, 0, 0, 0, -1154, 0, 0, 0, 0, 0, 0, 0, 0, 0, 0, -1154
"c:\Users\Torte\Documents\Unity\LogRogue\Packages\System.Reflection.4.3.0\ref\netstandard1.3\zh-hant\System.Reflection.xml", "XML", 0, 0, 0, 0, -1153, 0, 0, 0, 0, 0, 0, 0, 0, 0, 0, -1153
"c:\Users\Torte\Documents\Unity\LogRogue\Packages\System.Reflection.4.3.0\ref\netstandard1.5\System.Reflection.xml", "XML", 0, 0, 0, 0, -1131, 0, 0, 0, 0, 0, 0, 0, 0, 0, 0, -1131
"c:\Users\Torte\Documents\Unity\LogRogue\Packages\System.Reflection.4.3.0\ref\netstandard1.5\de\System.Reflection.xml", "XML", 0, 0, 0, 0, -1129, 0, 0, 0, 0, 0, 0, 0, 0, 0, 0, -1129
"c:\Users\Torte\Documents\Unity\LogRogue\Packages\System.Reflection.4.3.0\ref\netstandard1.5\es\System.Reflection.xml", "XML", 0, 0, 0, 0, -1123, 0, 0, 0, 0, 0, 0, 0, 0, 0, 0, -1123
"c:\Users\Torte\Documents\Unity\LogRogue\Packages\System.Reflection.4.3.0\ref\netstandard1.5\fr\System.Reflection.xml", "XML", 0, 0, 0, 0, -1134, 0, 0, 0, 0, 0, 0, 0, 0, 0, 0, -1134
"c:\Users\Torte\Documents\Unity\LogRogue\Packages\System.Reflection.4.3.0\ref\netstandard1.5\it\System.Reflection.xml", "XML", 0, 0, 0, 0, -1131, 0, 0, 0, 0, 0, 0, 0, 0, 0, 0, -1131
"c:\Users\Torte\Documents\Unity\LogRogue\Packages\System.Reflection.4.3.0\ref\netstandard1.5\ja\System.Reflection.xml", "XML", 0, 0, 0, 0, -1167, 0, 0, 0, 0, 0, 0, 0, 0, 0, 0, -1167
"c:\Users\Torte\Documents\Unity\LogRogue\Packages\System.Reflection.4.3.0\ref\netstandard1.5\ko\System.Reflection.xml", "XML", 0, 0, 0, 0, -1180, 0, 0, 0, 0, 0, 0, 0, 0, 0, 0, -1180
"c:\Users\Torte\Documents\Unity\LogRogue\Packages\System.Reflection.4.3.0\ref\netstandard1.5\ru\System.Reflection.xml", "XML", 0, 0, 0, 0, -1103, 0, 0, 0, 0, 0, 0, 0, 0, 0, 0, -1103
"c:\Users\Torte\Documents\Unity\LogRogue\Packages\System.Reflection.4.3.0\ref\netstandard1.5\zh-hans\System.Reflection.xml", "XML", 0, 0, 0, 0, -1154, 0, 0, 0, 0, 0, 0, 0, 0, 0, 0, -1154
"c:\Users\Torte\Documents\Unity\LogRogue\Packages\System.Reflection.4.3.0\ref\netstandard1.5\zh-hant\System.Reflection.xml", "XML", 0, 0, 0, 0, -1153, 0, 0, 0, 0, 0, 0, 0, 0, 0, 0, -1153
"c:\Users\Torte\Documents\Unity\LogRogue\Packages\System.Reflection.Extensions.4.3.0\ref\netcore50\System.Reflection.Extensions.xml", "XML", 0, 0, 0, 0, -492, 0, 0, 0, 0, 0, 0, 0, 0, 0, 0, -492
"c:\Users\Torte\Documents\Unity\LogRogue\Packages\System.Reflection.Extensions.4.3.0\ref\netcore50\de\System.Reflection.Extensions.xml", "XML", 0, 0, 0, 0, -492, 0, 0, 0, 0, 0, 0, 0, 0, 0, 0, -492
"c:\Users\Torte\Documents\Unity\LogRogue\Packages\System.Reflection.Extensions.4.3.0\ref\netcore50\es\System.Reflection.Extensions.xml", "XML", 0, 0, 0, 0, -474, 0, 0, 0, 0, 0, 0, 0, 0, 0, 0, -474
"c:\Users\Torte\Documents\Unity\LogRogue\Packages\System.Reflection.Extensions.4.3.0\ref\netcore50\fr\System.Reflection.Extensions.xml", "XML", 0, 0, 0, 0, -492, 0, 0, 0, 0, 0, 0, 0, 0, 0, 0, -492
"c:\Users\Torte\Documents\Unity\LogRogue\Packages\System.Reflection.Extensions.4.3.0\ref\netcore50\it\System.Reflection.Extensions.xml", "XML", 0, 0, 0, 0, -492, 0, 0, 0, 0, 0, 0, 0, 0, 0, 0, -492
"c:\Users\Torte\Documents\Unity\LogRogue\Packages\System.Reflection.Extensions.4.3.0\ref\netcore50\ja\System.Reflection.Extensions.xml", "XML", 0, 0, 0, 0, -534, 0, 0, 0, 0, 0, 0, 0, 0, 0, 0, -534
"c:\Users\Torte\Documents\Unity\LogRogue\Packages\System.Reflection.Extensions.4.3.0\ref\netcore50\ko\System.Reflection.Extensions.xml", "XML", 0, 0, 0, 0, -522, 0, 0, 0, 0, 0, 0, 0, 0, 0, 0, -522
"c:\Users\Torte\Documents\Unity\LogRogue\Packages\System.Reflection.Extensions.4.3.0\ref\netcore50\ru\System.Reflection.Extensions.xml", "XML", 0, 0, 0, 0, -438, 0, 0, 0, 0, 0, 0, 0, 0, 0, 0, -438
"c:\Users\Torte\Documents\Unity\LogRogue\Packages\System.Reflection.Extensions.4.3.0\ref\netcore50\zh-hans\System.Reflection.Extensions.xml", "XML", 0, 0, 0, 0, -492, 0, 0, 0, 0, 0, 0, 0, 0, 0, 0, -492
"c:\Users\Torte\Documents\Unity\LogRogue\Packages\System.Reflection.Extensions.4.3.0\ref\netcore50\zh-hant\System.Reflection.Extensions.xml", "XML", 0, 0, 0, 0, -492, 0, 0, 0, 0, 0, 0, 0, 0, 0, 0, -492
"c:\Users\Torte\Documents\Unity\LogRogue\Packages\System.Reflection.Extensions.4.3.0\ref\netstandard1.0\System.Reflection.Extensions.xml", "XML", 0, 0, 0, 0, -492, 0, 0, 0, 0, 0, 0, 0, 0, 0, 0, -492
"c:\Users\Torte\Documents\Unity\LogRogue\Packages\System.Reflection.Extensions.4.3.0\ref\netstandard1.0\de\System.Reflection.Extensions.xml", "XML", 0, 0, 0, 0, -492, 0, 0, 0, 0, 0, 0, 0, 0, 0, 0, -492
"c:\Users\Torte\Documents\Unity\LogRogue\Packages\System.Reflection.Extensions.4.3.0\ref\netstandard1.0\es\System.Reflection.Extensions.xml", "XML", 0, 0, 0, 0, -474, 0, 0, 0, 0, 0, 0, 0, 0, 0, 0, -474
"c:\Users\Torte\Documents\Unity\LogRogue\Packages\System.Reflection.Extensions.4.3.0\ref\netstandard1.0\fr\System.Reflection.Extensions.xml", "XML", 0, 0, 0, 0, -492, 0, 0, 0, 0, 0, 0, 0, 0, 0, 0, -492
"c:\Users\Torte\Documents\Unity\LogRogue\Packages\System.Reflection.Extensions.4.3.0\ref\netstandard1.0\it\System.Reflection.Extensions.xml", "XML", 0, 0, 0, 0, -492, 0, 0, 0, 0, 0, 0, 0, 0, 0, 0, -492
"c:\Users\Torte\Documents\Unity\LogRogue\Packages\System.Reflection.Extensions.4.3.0\ref\netstandard1.0\ja\System.Reflection.Extensions.xml", "XML", 0, 0, 0, 0, -534, 0, 0, 0, 0, 0, 0, 0, 0, 0, 0, -534
"c:\Users\Torte\Documents\Unity\LogRogue\Packages\System.Reflection.Extensions.4.3.0\ref\netstandard1.0\ko\System.Reflection.Extensions.xml", "XML", 0, 0, 0, 0, -522, 0, 0, 0, 0, 0, 0, 0, 0, 0, 0, -522
"c:\Users\Torte\Documents\Unity\LogRogue\Packages\System.Reflection.Extensions.4.3.0\ref\netstandard1.0\ru\System.Reflection.Extensions.xml", "XML", 0, 0, 0, 0, -438, 0, 0, 0, 0, 0, 0, 0, 0, 0, 0, -438
"c:\Users\Torte\Documents\Unity\LogRogue\Packages\System.Reflection.Extensions.4.3.0\ref\netstandard1.0\zh-hans\System.Reflection.Extensions.xml", "XML", 0, 0, 0, 0, -492, 0, 0, 0, 0, 0, 0, 0, 0, 0, 0, -492
"c:\Users\Torte\Documents\Unity\LogRogue\Packages\System.Reflection.Extensions.4.3.0\ref\netstandard1.0\zh-hant\System.Reflection.Extensions.xml", "XML", 0, 0, 0, 0, -492, 0, 0, 0, 0, 0, 0, 0, 0, 0, 0, -492
"c:\Users\Torte\Documents\Unity\LogRogue\Packages\System.Reflection.Primitives.4.3.0\ref\netcore50\System.Reflection.Primitives.xml", "XML", 0, 0, 0, 0, -1350, 0, 0, 0, 0, 0, 0, 0, 0, 0, 0, -1350
"c:\Users\Torte\Documents\Unity\LogRogue\Packages\System.Reflection.Primitives.4.3.0\ref\netcore50\de\System.Reflection.Primitives.xml", "XML", 0, 0, 0, 0, -1350, 0, 0, 0, 0, 0, 0, 0, 0, 0, 0, -1350
"c:\Users\Torte\Documents\Unity\LogRogue\Packages\System.Reflection.Primitives.4.3.0\ref\netcore50\es\System.Reflection.Primitives.xml", "XML", 0, 0, 0, 0, -1355, 0, 0, 0, 0, 0, 0, 0, 0, 0, 0, -1355
"c:\Users\Torte\Documents\Unity\LogRogue\Packages\System.Reflection.Primitives.4.3.0\ref\netcore50\fr\System.Reflection.Primitives.xml", "XML", 0, 0, 0, 0, -1355, 0, 0, 0, 0, 0, 0, 0, 0, 0, 0, -1355
"c:\Users\Torte\Documents\Unity\LogRogue\Packages\System.Reflection.Primitives.4.3.0\ref\netcore50\it\System.Reflection.Primitives.xml", "XML", 0, 0, 0, 0, -1350, 0, 0, 0, 0, 0, 0, 0, 0, 0, 0, -1350
"c:\Users\Torte\Documents\Unity\LogRogue\Packages\System.Reflection.Primitives.4.3.0\ref\netcore50\ja\System.Reflection.Primitives.xml", "XML", 0, 0, 0, 0, -1362, 0, 0, 0, 0, 0, 0, 0, 0, 0, 0, -1362
"c:\Users\Torte\Documents\Unity\LogRogue\Packages\System.Reflection.Primitives.4.3.0\ref\netcore50\ko\System.Reflection.Primitives.xml", "XML", 0, 0, 0, 0, -1362, 0, 0, 0, 0, 0, 0, 0, 0, 0, 0, -1362
"c:\Users\Torte\Documents\Unity\LogRogue\Packages\System.Reflection.Primitives.4.3.0\ref\netcore50\ru\System.Reflection.Primitives.xml", "XML", 0, 0, 0, 0, -1351, 0, 0, 0, 0, 0, 0, 0, 0, 0, 0, -1351
"c:\Users\Torte\Documents\Unity\LogRogue\Packages\System.Reflection.Primitives.4.3.0\ref\netcore50\zh-hans\System.Reflection.Primitives.xml", "XML", 0, 0, 0, 0, -1350, 0, 0, 0, 0, 0, 0, 0, 0, 0, 0, -1350
"c:\Users\Torte\Documents\Unity\LogRogue\Packages\System.Reflection.Primitives.4.3.0\ref\netcore50\zh-hant\System.Reflection.Primitives.xml", "XML", 0, 0, 0, 0, -1350, 0, 0, 0, 0, 0, 0, 0, 0, 0, 0, -1350
"c:\Users\Torte\Documents\Unity\LogRogue\Packages\System.Reflection.Primitives.4.3.0\ref\netstandard1.0\System.Reflection.Primitives.xml", "XML", 0, 0, 0, 0, -1350, 0, 0, 0, 0, 0, 0, 0, 0, 0, 0, -1350
"c:\Users\Torte\Documents\Unity\LogRogue\Packages\System.Reflection.Primitives.4.3.0\ref\netstandard1.0\de\System.Reflection.Primitives.xml", "XML", 0, 0, 0, 0, -1350, 0, 0, 0, 0, 0, 0, 0, 0, 0, 0, -1350
"c:\Users\Torte\Documents\Unity\LogRogue\Packages\System.Reflection.Primitives.4.3.0\ref\netstandard1.0\es\System.Reflection.Primitives.xml", "XML", 0, 0, 0, 0, -1355, 0, 0, 0, 0, 0, 0, 0, 0, 0, 0, -1355
"c:\Users\Torte\Documents\Unity\LogRogue\Packages\System.Reflection.Primitives.4.3.0\ref\netstandard1.0\fr\System.Reflection.Primitives.xml", "XML", 0, 0, 0, 0, -1355, 0, 0, 0, 0, 0, 0, 0, 0, 0, 0, -1355
"c:\Users\Torte\Documents\Unity\LogRogue\Packages\System.Reflection.Primitives.4.3.0\ref\netstandard1.0\it\System.Reflection.Primitives.xml", "XML", 0, 0, 0, 0, -1350, 0, 0, 0, 0, 0, 0, 0, 0, 0, 0, -1350
"c:\Users\Torte\Documents\Unity\LogRogue\Packages\System.Reflection.Primitives.4.3.0\ref\netstandard1.0\ja\System.Reflection.Primitives.xml", "XML", 0, 0, 0, 0, -1362, 0, 0, 0, 0, 0, 0, 0, 0, 0, 0, -1362
"c:\Users\Torte\Documents\Unity\LogRogue\Packages\System.Reflection.Primitives.4.3.0\ref\netstandard1.0\ko\System.Reflection.Primitives.xml", "XML", 0, 0, 0, 0, -1362, 0, 0, 0, 0, 0, 0, 0, 0, 0, 0, -1362
"c:\Users\Torte\Documents\Unity\LogRogue\Packages\System.Reflection.Primitives.4.3.0\ref\netstandard1.0\ru\System.Reflection.Primitives.xml", "XML", 0, 0, 0, 0, -1351, 0, 0, 0, 0, 0, 0, 0, 0, 0, 0, -1351
"c:\Users\Torte\Documents\Unity\LogRogue\Packages\System.Reflection.Primitives.4.3.0\ref\netstandard1.0\zh-hans\System.Reflection.Primitives.xml", "XML", 0, 0, 0, 0, -1350, 0, 0, 0, 0, 0, 0, 0, 0, 0, 0, -1350
"c:\Users\Torte\Documents\Unity\LogRogue\Packages\System.Reflection.Primitives.4.3.0\ref\netstandard1.0\zh-hant\System.Reflection.Primitives.xml", "XML", 0, 0, 0, 0, -1350, 0, 0, 0, 0, 0, 0, 0, 0, 0, 0, -1350
"c:\Users\Torte\Documents\Unity\LogRogue\Packages\System.Resources.ResourceManager.4.3.0\ref\netcore50\System.Resources.ResourceManager.xml", "XML", 0, 0, 0, 0, -80, 0, 0, 0, 0, 0, 0, 0, 0, 0, 0, -80
"c:\Users\Torte\Documents\Unity\LogRogue\Packages\System.Resources.ResourceManager.4.3.0\ref\netcore50\de\System.Resources.ResourceManager.xml", "XML", 0, 0, 0, 0, -80, 0, 0, 0, 0, 0, 0, 0, 0, 0, 0, -80
"c:\Users\Torte\Documents\Unity\LogRogue\Packages\System.Resources.ResourceManager.4.3.0\ref\netcore50\es\System.Resources.ResourceManager.xml", "XML", 0, 0, 0, 0, -80, 0, 0, 0, 0, 0, 0, 0, 0, 0, 0, -80
"c:\Users\Torte\Documents\Unity\LogRogue\Packages\System.Resources.ResourceManager.4.3.0\ref\netcore50\fr\System.Resources.ResourceManager.xml", "XML", 0, 0, 0, 0, -80, 0, 0, 0, 0, 0, 0, 0, 0, 0, 0, -80
"c:\Users\Torte\Documents\Unity\LogRogue\Packages\System.Resources.ResourceManager.4.3.0\ref\netcore50\it\System.Resources.ResourceManager.xml", "XML", 0, 0, 0, 0, -80, 0, 0, 0, 0, 0, 0, 0, 0, 0, 0, -80
"c:\Users\Torte\Documents\Unity\LogRogue\Packages\System.Resources.ResourceManager.4.3.0\ref\netcore50\ja\System.Resources.ResourceManager.xml", "XML", 0, 0, 0, 0, -91, 0, 0, 0, 0, 0, 0, 0, 0, 0, 0, -91
"c:\Users\Torte\Documents\Unity\LogRogue\Packages\System.Resources.ResourceManager.4.3.0\ref\netcore50\ko\System.Resources.ResourceManager.xml", "XML", 0, 0, 0, 0, -89, 0, 0, 0, 0, 0, 0, 0, 0, 0, 0, -89
"c:\Users\Torte\Documents\Unity\LogRogue\Packages\System.Resources.ResourceManager.4.3.0\ref\netcore50\ru\System.Resources.ResourceManager.xml", "XML", 0, 0, 0, 0, -80, 0, 0, 0, 0, 0, 0, 0, 0, 0, 0, -80
"c:\Users\Torte\Documents\Unity\LogRogue\Packages\System.Resources.ResourceManager.4.3.0\ref\netcore50\zh-hans\System.Resources.ResourceManager.xml", "XML", 0, 0, 0, 0, -86, 0, 0, 0, 0, 0, 0, 0, 0, 0, 0, -86
"c:\Users\Torte\Documents\Unity\LogRogue\Packages\System.Resources.ResourceManager.4.3.0\ref\netcore50\zh-hant\System.Resources.ResourceManager.xml", "XML", 0, 0, 0, 0, -86, 0, 0, 0, 0, 0, 0, 0, 0, 0, 0, -86
"c:\Users\Torte\Documents\Unity\LogRogue\Packages\System.Resources.ResourceManager.4.3.0\ref\netstandard1.0\System.Resources.ResourceManager.xml", "XML", 0, 0, 0, 0, -80, 0, 0, 0, 0, 0, 0, 0, 0, 0, 0, -80
"c:\Users\Torte\Documents\Unity\LogRogue\Packages\System.Resources.ResourceManager.4.3.0\ref\netstandard1.0\de\System.Resources.ResourceManager.xml", "XML", 0, 0, 0, 0, -80, 0, 0, 0, 0, 0, 0, 0, 0, 0, 0, -80
"c:\Users\Torte\Documents\Unity\LogRogue\Packages\System.Resources.ResourceManager.4.3.0\ref\netstandard1.0\es\System.Resources.ResourceManager.xml", "XML", 0, 0, 0, 0, -80, 0, 0, 0, 0, 0, 0, 0, 0, 0, 0, -80
"c:\Users\Torte\Documents\Unity\LogRogue\Packages\System.Resources.ResourceManager.4.3.0\ref\netstandard1.0\fr\System.Resources.ResourceManager.xml", "XML", 0, 0, 0, 0, -80, 0, 0, 0, 0, 0, 0, 0, 0, 0, 0, -80
"c:\Users\Torte\Documents\Unity\LogRogue\Packages\System.Resources.ResourceManager.4.3.0\ref\netstandard1.0\it\System.Resources.ResourceManager.xml", "XML", 0, 0, 0, 0, -80, 0, 0, 0, 0, 0, 0, 0, 0, 0, 0, -80
"c:\Users\Torte\Documents\Unity\LogRogue\Packages\System.Resources.ResourceManager.4.3.0\ref\netstandard1.0\ja\System.Resources.ResourceManager.xml", "XML", 0, 0, 0, 0, -91, 0, 0, 0, 0, 0, 0, 0, 0, 0, 0, -91
"c:\Users\Torte\Documents\Unity\LogRogue\Packages\System.Resources.ResourceManager.4.3.0\ref\netstandard1.0\ko\System.Resources.ResourceManager.xml", "XML", 0, 0, 0, 0, -89, 0, 0, 0, 0, 0, 0, 0, 0, 0, 0, -89
"c:\Users\Torte\Documents\Unity\LogRogue\Packages\System.Resources.ResourceManager.4.3.0\ref\netstandard1.0\ru\System.Resources.ResourceManager.xml", "XML", 0, 0, 0, 0, -80, 0, 0, 0, 0, 0, 0, 0, 0, 0, 0, -80
"c:\Users\Torte\Documents\Unity\LogRogue\Packages\System.Resources.ResourceManager.4.3.0\ref\netstandard1.0\zh-hans\System.Resources.ResourceManager.xml", "XML", 0, 0, 0, 0, -86, 0, 0, 0, 0, 0, 0, 0, 0, 0, 0, -86
"c:\Users\Torte\Documents\Unity\LogRogue\Packages\System.Resources.ResourceManager.4.3.0\ref\netstandard1.0\zh-hant\System.Resources.ResourceManager.xml", "XML", 0, 0, 0, 0, -86, 0, 0, 0, 0, 0, 0, 0, 0, 0, 0, -86
"c:\Users\Torte\Documents\Unity\LogRogue\Packages\System.Runtime.4.3.0\ref\netcore50\System.Runtime.xml", "XML", 0, 0, 0, 0, -15642, 0, 0, 0, 0, 0, 0, 0, 0, 0, 0, -15642
"c:\Users\Torte\Documents\Unity\LogRogue\Packages\System.Runtime.4.3.0\ref\netcore50\de\System.Runtime.xml", "XML", 0, 0, 0, 0, -15647, 0, 0, 0, 0, 0, 0, 0, 0, 0, 0, -15647
"c:\Users\Torte\Documents\Unity\LogRogue\Packages\System.Runtime.4.3.0\ref\netcore50\es\System.Runtime.xml", "XML", 0, 0, 0, 0, -15620, 0, 0, 0, 0, 0, 0, 0, 0, 0, 0, -15620
"c:\Users\Torte\Documents\Unity\LogRogue\Packages\System.Runtime.4.3.0\ref\netcore50\fr\System.Runtime.xml", "XML", 0, 0, 0, 0, -15856, 0, 0, 0, 0, 0, 0, 0, 0, 0, 0, -15856
"c:\Users\Torte\Documents\Unity\LogRogue\Packages\System.Runtime.4.3.0\ref\netcore50\it\System.Runtime.xml", "XML", 0, 0, 0, 0, -15649, 0, 0, 0, 0, 0, 0, 0, 0, 0, 0, -15649
"c:\Users\Torte\Documents\Unity\LogRogue\Packages\System.Runtime.4.3.0\ref\netcore50\ja\System.Runtime.xml", "XML", 0, 0, 0, 0, -16970, 0, 0, 0, 0, 0, 0, 0, 0, 0, 0, -16970
"c:\Users\Torte\Documents\Unity\LogRogue\Packages\System.Runtime.4.3.0\ref\netcore50\ko\System.Runtime.xml", "XML", 0, 0, 0, 0, -16922, 0, 0, 0, 0, 0, 0, 0, 0, 0, 0, -16922
"c:\Users\Torte\Documents\Unity\LogRogue\Packages\System.Runtime.4.3.0\ref\netcore50\ru\System.Runtime.xml", "XML", 0, 0, 0, 0, -15262, 0, 0, 0, 0, 0, 0, 0, 0, 0, 0, -15262
"c:\Users\Torte\Documents\Unity\LogRogue\Packages\System.Runtime.4.3.0\ref\netcore50\zh-hans\System.Runtime.xml", "XML", 0, 0, 0, 0, -15922, 0, 0, 0, 0, 0, 0, 0, 0, 0, 0, -15922
"c:\Users\Torte\Documents\Unity\LogRogue\Packages\System.Runtime.4.3.0\ref\netcore50\zh-hant\System.Runtime.xml", "XML", 0, 0, 0, 0, -15977, 0, 0, 0, 0, 0, 0, 0, 0, 0, 0, -15977
"c:\Users\Torte\Documents\Unity\LogRogue\Packages\System.Runtime.4.3.0\ref\netstandard1.0\System.Runtime.xml", "XML", 0, 0, 0, 0, -15642, 0, 0, 0, 0, 0, 0, 0, 0, 0, 0, -15642
"c:\Users\Torte\Documents\Unity\LogRogue\Packages\System.Runtime.4.3.0\ref\netstandard1.0\de\System.Runtime.xml", "XML", 0, 0, 0, 0, -15647, 0, 0, 0, 0, 0, 0, 0, 0, 0, 0, -15647
"c:\Users\Torte\Documents\Unity\LogRogue\Packages\System.Runtime.4.3.0\ref\netstandard1.0\es\System.Runtime.xml", "XML", 0, 0, 0, 0, -15620, 0, 0, 0, 0, 0, 0, 0, 0, 0, 0, -15620
"c:\Users\Torte\Documents\Unity\LogRogue\Packages\System.Runtime.4.3.0\ref\netstandard1.0\fr\System.Runtime.xml", "XML", 0, 0, 0, 0, -15856, 0, 0, 0, 0, 0, 0, 0, 0, 0, 0, -15856
"c:\Users\Torte\Documents\Unity\LogRogue\Packages\System.Runtime.4.3.0\ref\netstandard1.0\it\System.Runtime.xml", "XML", 0, 0, 0, 0, -15649, 0, 0, 0, 0, 0, 0, 0, 0, 0, 0, -15649
"c:\Users\Torte\Documents\Unity\LogRogue\Packages\System.Runtime.4.3.0\ref\netstandard1.0\ja\System.Runtime.xml", "XML", 0, 0, 0, 0, -16970, 0, 0, 0, 0, 0, 0, 0, 0, 0, 0, -16970
"c:\Users\Torte\Documents\Unity\LogRogue\Packages\System.Runtime.4.3.0\ref\netstandard1.0\ko\System.Runtime.xml", "XML", 0, 0, 0, 0, -16922, 0, 0, 0, 0, 0, 0, 0, 0, 0, 0, -16922
"c:\Users\Torte\Documents\Unity\LogRogue\Packages\System.Runtime.4.3.0\ref\netstandard1.0\ru\System.Runtime.xml", "XML", 0, 0, 0, 0, -15262, 0, 0, 0, 0, 0, 0, 0, 0, 0, 0, -15262
"c:\Users\Torte\Documents\Unity\LogRogue\Packages\System.Runtime.4.3.0\ref\netstandard1.0\zh-hans\System.Runtime.xml", "XML", 0, 0, 0, 0, -15922, 0, 0, 0, 0, 0, 0, 0, 0, 0, 0, -15922
"c:\Users\Torte\Documents\Unity\LogRogue\Packages\System.Runtime.4.3.0\ref\netstandard1.0\zh-hant\System.Runtime.xml", "XML", 0, 0, 0, 0, -15977, 0, 0, 0, 0, 0, 0, 0, 0, 0, 0, -15977
"c:\Users\Torte\Documents\Unity\LogRogue\Packages\System.Runtime.4.3.0\ref\netstandard1.2\System.Runtime.xml", "XML", 0, 0, 0, 0, -15642, 0, 0, 0, 0, 0, 0, 0, 0, 0, 0, -15642
"c:\Users\Torte\Documents\Unity\LogRogue\Packages\System.Runtime.4.3.0\ref\netstandard1.2\de\System.Runtime.xml", "XML", 0, 0, 0, 0, -15647, 0, 0, 0, 0, 0, 0, 0, 0, 0, 0, -15647
"c:\Users\Torte\Documents\Unity\LogRogue\Packages\System.Runtime.4.3.0\ref\netstandard1.2\es\System.Runtime.xml", "XML", 0, 0, 0, 0, -15620, 0, 0, 0, 0, 0, 0, 0, 0, 0, 0, -15620
"c:\Users\Torte\Documents\Unity\LogRogue\Packages\System.Runtime.4.3.0\ref\netstandard1.2\fr\System.Runtime.xml", "XML", 0, 0, 0, 0, -15856, 0, 0, 0, 0, 0, 0, 0, 0, 0, 0, -15856
"c:\Users\Torte\Documents\Unity\LogRogue\Packages\System.Runtime.4.3.0\ref\netstandard1.2\it\System.Runtime.xml", "XML", 0, 0, 0, 0, -15649, 0, 0, 0, 0, 0, 0, 0, 0, 0, 0, -15649
"c:\Users\Torte\Documents\Unity\LogRogue\Packages\System.Runtime.4.3.0\ref\netstandard1.2\ja\System.Runtime.xml", "XML", 0, 0, 0, 0, -16970, 0, 0, 0, 0, 0, 0, 0, 0, 0, 0, -16970
"c:\Users\Torte\Documents\Unity\LogRogue\Packages\System.Runtime.4.3.0\ref\netstandard1.2\ko\System.Runtime.xml", "XML", 0, 0, 0, 0, -16922, 0, 0, 0, 0, 0, 0, 0, 0, 0, 0, -16922
"c:\Users\Torte\Documents\Unity\LogRogue\Packages\System.Runtime.4.3.0\ref\netstandard1.2\ru\System.Runtime.xml", "XML", 0, 0, 0, 0, -15262, 0, 0, 0, 0, 0, 0, 0, 0, 0, 0, -15262
"c:\Users\Torte\Documents\Unity\LogRogue\Packages\System.Runtime.4.3.0\ref\netstandard1.2\zh-hans\System.Runtime.xml", "XML", 0, 0, 0, 0, -15922, 0, 0, 0, 0, 0, 0, 0, 0, 0, 0, -15922
"c:\Users\Torte\Documents\Unity\LogRogue\Packages\System.Runtime.4.3.0\ref\netstandard1.2\zh-hant\System.Runtime.xml", "XML", 0, 0, 0, 0, -15977, 0, 0, 0, 0, 0, 0, 0, 0, 0, 0, -15977
"c:\Users\Torte\Documents\Unity\LogRogue\Packages\System.Runtime.4.3.0\ref\netstandard1.3\System.Runtime.xml", "XML", 0, 0, 0, 0, -15642, 0, 0, 0, 0, 0, 0, 0, 0, 0, 0, -15642
"c:\Users\Torte\Documents\Unity\LogRogue\Packages\System.Runtime.4.3.0\ref\netstandard1.3\de\System.Runtime.xml", "XML", 0, 0, 0, 0, -15647, 0, 0, 0, 0, 0, 0, 0, 0, 0, 0, -15647
"c:\Users\Torte\Documents\Unity\LogRogue\Packages\System.Runtime.4.3.0\ref\netstandard1.3\es\System.Runtime.xml", "XML", 0, 0, 0, 0, -15620, 0, 0, 0, 0, 0, 0, 0, 0, 0, 0, -15620
"c:\Users\Torte\Documents\Unity\LogRogue\Packages\System.Runtime.4.3.0\ref\netstandard1.3\fr\System.Runtime.xml", "XML", 0, 0, 0, 0, -15856, 0, 0, 0, 0, 0, 0, 0, 0, 0, 0, -15856
"c:\Users\Torte\Documents\Unity\LogRogue\Packages\System.Runtime.4.3.0\ref\netstandard1.3\it\System.Runtime.xml", "XML", 0, 0, 0, 0, -15649, 0, 0, 0, 0, 0, 0, 0, 0, 0, 0, -15649
"c:\Users\Torte\Documents\Unity\LogRogue\Packages\System.Runtime.4.3.0\ref\netstandard1.3\ja\System.Runtime.xml", "XML", 0, 0, 0, 0, -16970, 0, 0, 0, 0, 0, 0, 0, 0, 0, 0, -16970
"c:\Users\Torte\Documents\Unity\LogRogue\Packages\System.Runtime.4.3.0\ref\netstandard1.3\ko\System.Runtime.xml", "XML", 0, 0, 0, 0, -16922, 0, 0, 0, 0, 0, 0, 0, 0, 0, 0, -16922
"c:\Users\Torte\Documents\Unity\LogRogue\Packages\System.Runtime.4.3.0\ref\netstandard1.3\ru\System.Runtime.xml", "XML", 0, 0, 0, 0, -15262, 0, 0, 0, 0, 0, 0, 0, 0, 0, 0, -15262
"c:\Users\Torte\Documents\Unity\LogRogue\Packages\System.Runtime.4.3.0\ref\netstandard1.3\zh-hans\System.Runtime.xml", "XML", 0, 0, 0, 0, -15922, 0, 0, 0, 0, 0, 0, 0, 0, 0, 0, -15922
"c:\Users\Torte\Documents\Unity\LogRogue\Packages\System.Runtime.4.3.0\ref\netstandard1.3\zh-hant\System.Runtime.xml", "XML", 0, 0, 0, 0, -15977, 0, 0, 0, 0, 0, 0, 0, 0, 0, 0, -15977
"c:\Users\Torte\Documents\Unity\LogRogue\Packages\System.Runtime.4.3.0\ref\netstandard1.5\System.Runtime.xml", "XML", 0, 0, 0, 0, -15642, 0, 0, 0, 0, 0, 0, 0, 0, 0, 0, -15642
"c:\Users\Torte\Documents\Unity\LogRogue\Packages\System.Runtime.4.3.0\ref\netstandard1.5\de\System.Runtime.xml", "XML", 0, 0, 0, 0, -15647, 0, 0, 0, 0, 0, 0, 0, 0, 0, 0, -15647
"c:\Users\Torte\Documents\Unity\LogRogue\Packages\System.Runtime.4.3.0\ref\netstandard1.5\es\System.Runtime.xml", "XML", 0, 0, 0, 0, -15620, 0, 0, 0, 0, 0, 0, 0, 0, 0, 0, -15620
"c:\Users\Torte\Documents\Unity\LogRogue\Packages\System.Runtime.4.3.0\ref\netstandard1.5\fr\System.Runtime.xml", "XML", 0, 0, 0, 0, -15856, 0, 0, 0, 0, 0, 0, 0, 0, 0, 0, -15856
"c:\Users\Torte\Documents\Unity\LogRogue\Packages\System.Runtime.4.3.0\ref\netstandard1.5\it\System.Runtime.xml", "XML", 0, 0, 0, 0, -15649, 0, 0, 0, 0, 0, 0, 0, 0, 0, 0, -15649
"c:\Users\Torte\Documents\Unity\LogRogue\Packages\System.Runtime.4.3.0\ref\netstandard1.5\ja\System.Runtime.xml", "XML", 0, 0, 0, 0, -16970, 0, 0, 0, 0, 0, 0, 0, 0, 0, 0, -16970
"c:\Users\Torte\Documents\Unity\LogRogue\Packages\System.Runtime.4.3.0\ref\netstandard1.5\ko\System.Runtime.xml", "XML", 0, 0, 0, 0, -16922, 0, 0, 0, 0, 0, 0, 0, 0, 0, 0, -16922
"c:\Users\Torte\Documents\Unity\LogRogue\Packages\System.Runtime.4.3.0\ref\netstandard1.5\ru\System.Runtime.xml", "XML", 0, 0, 0, 0, -15262, 0, 0, 0, 0, 0, 0, 0, 0, 0, 0, -15262
"c:\Users\Torte\Documents\Unity\LogRogue\Packages\System.Runtime.4.3.0\ref\netstandard1.5\zh-hans\System.Runtime.xml", "XML", 0, 0, 0, 0, -15922, 0, 0, 0, 0, 0, 0, 0, 0, 0, 0, -15922
"c:\Users\Torte\Documents\Unity\LogRogue\Packages\System.Runtime.4.3.0\ref\netstandard1.5\zh-hant\System.Runtime.xml", "XML", 0, 0, 0, 0, -15977, 0, 0, 0, 0, 0, 0, 0, 0, 0, 0, -15977
"c:\Users\Torte\Documents\Unity\LogRogue\Packages\System.Runtime.Extensions.4.3.0\ref\netcore50\System.Runtime.Extensions.xml", "XML", 0, 0, 0, 0, -3674, 0, 0, 0, 0, 0, 0, 0, 0, 0, 0, -3674
"c:\Users\Torte\Documents\Unity\LogRogue\Packages\System.Runtime.Extensions.4.3.0\ref\netcore50\de\System.Runtime.Extensions.xml", "XML", 0, 0, 0, 0, -3674, 0, 0, 0, 0, 0, 0, 0, 0, 0, 0, -3674
"c:\Users\Torte\Documents\Unity\LogRogue\Packages\System.Runtime.Extensions.4.3.0\ref\netcore50\es\System.Runtime.Extensions.xml", "XML", 0, 0, 0, 0, -3637, 0, 0, 0, 0, 0, 0, 0, 0, 0, 0, -3637
"c:\Users\Torte\Documents\Unity\LogRogue\Packages\System.Runtime.Extensions.4.3.0\ref\netcore50\fr\System.Runtime.Extensions.xml", "XML", 0, 0, 0, 0, -3678, 0, 0, 0, 0, 0, 0, 0, 0, 0, 0, -3678
"c:\Users\Torte\Documents\Unity\LogRogue\Packages\System.Runtime.Extensions.4.3.0\ref\netcore50\it\System.Runtime.Extensions.xml", "XML", 0, 0, 0, 0, -3673, 0, 0, 0, 0, 0, 0, 0, 0, 0, 0, -3673
"c:\Users\Torte\Documents\Unity\LogRogue\Packages\System.Runtime.Extensions.4.3.0\ref\netcore50\ja\System.Runtime.Extensions.xml", "XML", 0, 0, 0, 0, -4016, 0, 0, 0, 0, 0, 0, 0, 0, 0, 0, -4016
"c:\Users\Torte\Documents\Unity\LogRogue\Packages\System.Runtime.Extensions.4.3.0\ref\netcore50\ko\System.Runtime.Extensions.xml", "XML", 0, 0, 0, 0, -4026, 0, 0, 0, 0, 0, 0, 0, 0, 0, 0, -4026
"c:\Users\Torte\Documents\Unity\LogRogue\Packages\System.Runtime.Extensions.4.3.0\ref\netcore50\ru\System.Runtime.Extensions.xml", "XML", 0, 0, 0, 0, -3436, 0, 0, 0, 0, 0, 0, 0, 0, 0, 0, -3436
"c:\Users\Torte\Documents\Unity\LogRogue\Packages\System.Runtime.Extensions.4.3.0\ref\netcore50\zh-hans\System.Runtime.Extensions.xml", "XML", 0, 0, 0, 0, -3780, 0, 0, 0, 0, 0, 0, 0, 0, 0, 0, -3780
"c:\Users\Torte\Documents\Unity\LogRogue\Packages\System.Runtime.Extensions.4.3.0\ref\netcore50\zh-hant\System.Runtime.Extensions.xml", "XML", 0, 0, 0, 0, -3735, 0, 0, 0, 0, 0, 0, 0, 0, 0, 0, -3735
"c:\Users\Torte\Documents\Unity\LogRogue\Packages\System.Runtime.Extensions.4.3.0\ref\netstandard1.0\System.Runtime.Extensions.xml", "XML", 0, 0, 0, 0, -3674, 0, 0, 0, 0, 0, 0, 0, 0, 0, 0, -3674
"c:\Users\Torte\Documents\Unity\LogRogue\Packages\System.Runtime.Extensions.4.3.0\ref\netstandard1.0\de\System.Runtime.Extensions.xml", "XML", 0, 0, 0, 0, -3674, 0, 0, 0, 0, 0, 0, 0, 0, 0, 0, -3674
"c:\Users\Torte\Documents\Unity\LogRogue\Packages\System.Runtime.Extensions.4.3.0\ref\netstandard1.0\es\System.Runtime.Extensions.xml", "XML", 0, 0, 0, 0, -3637, 0, 0, 0, 0, 0, 0, 0, 0, 0, 0, -3637
"c:\Users\Torte\Documents\Unity\LogRogue\Packages\System.Runtime.Extensions.4.3.0\ref\netstandard1.0\fr\System.Runtime.Extensions.xml", "XML", 0, 0, 0, 0, -3678, 0, 0, 0, 0, 0, 0, 0, 0, 0, 0, -3678
"c:\Users\Torte\Documents\Unity\LogRogue\Packages\System.Runtime.Extensions.4.3.0\ref\netstandard1.0\it\System.Runtime.Extensions.xml", "XML", 0, 0, 0, 0, -3673, 0, 0, 0, 0, 0, 0, 0, 0, 0, 0, -3673
"c:\Users\Torte\Documents\Unity\LogRogue\Packages\System.Runtime.Extensions.4.3.0\ref\netstandard1.0\ja\System.Runtime.Extensions.xml", "XML", 0, 0, 0, 0, -4016, 0, 0, 0, 0, 0, 0, 0, 0, 0, 0, -4016
"c:\Users\Torte\Documents\Unity\LogRogue\Packages\System.Runtime.Extensions.4.3.0\ref\netstandard1.0\ko\System.Runtime.Extensions.xml", "XML", 0, 0, 0, 0, -4026, 0, 0, 0, 0, 0, 0, 0, 0, 0, 0, -4026
"c:\Users\Torte\Documents\Unity\LogRogue\Packages\System.Runtime.Extensions.4.3.0\ref\netstandard1.0\ru\System.Runtime.Extensions.xml", "XML", 0, 0, 0, 0, -3436, 0, 0, 0, 0, 0, 0, 0, 0, 0, 0, -3436
"c:\Users\Torte\Documents\Unity\LogRogue\Packages\System.Runtime.Extensions.4.3.0\ref\netstandard1.0\zh-hans\System.Runtime.Extensions.xml", "XML", 0, 0, 0, 0, -3780, 0, 0, 0, 0, 0, 0, 0, 0, 0, 0, -3780
"c:\Users\Torte\Documents\Unity\LogRogue\Packages\System.Runtime.Extensions.4.3.0\ref\netstandard1.0\zh-hant\System.Runtime.Extensions.xml", "XML", 0, 0, 0, 0, -3735, 0, 0, 0, 0, 0, 0, 0, 0, 0, 0, -3735
"c:\Users\Torte\Documents\Unity\LogRogue\Packages\System.Runtime.Extensions.4.3.0\ref\netstandard1.3\System.Runtime.Extensions.xml", "XML", 0, 0, 0, 0, -3674, 0, 0, 0, 0, 0, 0, 0, 0, 0, 0, -3674
"c:\Users\Torte\Documents\Unity\LogRogue\Packages\System.Runtime.Extensions.4.3.0\ref\netstandard1.3\de\System.Runtime.Extensions.xml", "XML", 0, 0, 0, 0, -3674, 0, 0, 0, 0, 0, 0, 0, 0, 0, 0, -3674
"c:\Users\Torte\Documents\Unity\LogRogue\Packages\System.Runtime.Extensions.4.3.0\ref\netstandard1.3\es\System.Runtime.Extensions.xml", "XML", 0, 0, 0, 0, -3637, 0, 0, 0, 0, 0, 0, 0, 0, 0, 0, -3637
"c:\Users\Torte\Documents\Unity\LogRogue\Packages\System.Runtime.Extensions.4.3.0\ref\netstandard1.3\fr\System.Runtime.Extensions.xml", "XML", 0, 0, 0, 0, -3678, 0, 0, 0, 0, 0, 0, 0, 0, 0, 0, -3678
"c:\Users\Torte\Documents\Unity\LogRogue\Packages\System.Runtime.Extensions.4.3.0\ref\netstandard1.3\it\System.Runtime.Extensions.xml", "XML", 0, 0, 0, 0, -3673, 0, 0, 0, 0, 0, 0, 0, 0, 0, 0, -3673
"c:\Users\Torte\Documents\Unity\LogRogue\Packages\System.Runtime.Extensions.4.3.0\ref\netstandard1.3\ja\System.Runtime.Extensions.xml", "XML", 0, 0, 0, 0, -4016, 0, 0, 0, 0, 0, 0, 0, 0, 0, 0, -4016
"c:\Users\Torte\Documents\Unity\LogRogue\Packages\System.Runtime.Extensions.4.3.0\ref\netstandard1.3\ko\System.Runtime.Extensions.xml", "XML", 0, 0, 0, 0, -4026, 0, 0, 0, 0, 0, 0, 0, 0, 0, 0, -4026
"c:\Users\Torte\Documents\Unity\LogRogue\Packages\System.Runtime.Extensions.4.3.0\ref\netstandard1.3\ru\System.Runtime.Extensions.xml", "XML", 0, 0, 0, 0, -3436, 0, 0, 0, 0, 0, 0, 0, 0, 0, 0, -3436
"c:\Users\Torte\Documents\Unity\LogRogue\Packages\System.Runtime.Extensions.4.3.0\ref\netstandard1.3\zh-hans\System.Runtime.Extensions.xml", "XML", 0, 0, 0, 0, -3780, 0, 0, 0, 0, 0, 0, 0, 0, 0, 0, -3780
"c:\Users\Torte\Documents\Unity\LogRogue\Packages\System.Runtime.Extensions.4.3.0\ref\netstandard1.3\zh-hant\System.Runtime.Extensions.xml", "XML", 0, 0, 0, 0, -3735, 0, 0, 0, 0, 0, 0, 0, 0, 0, 0, -3735
"c:\Users\Torte\Documents\Unity\LogRogue\Packages\System.Runtime.Extensions.4.3.0\ref\netstandard1.5\System.Runtime.Extensions.xml", "XML", 0, 0, 0, 0, -3674, 0, 0, 0, 0, 0, 0, 0, 0, 0, 0, -3674
"c:\Users\Torte\Documents\Unity\LogRogue\Packages\System.Runtime.Extensions.4.3.0\ref\netstandard1.5\de\System.Runtime.Extensions.xml", "XML", 0, 0, 0, 0, -3674, 0, 0, 0, 0, 0, 0, 0, 0, 0, 0, -3674
"c:\Users\Torte\Documents\Unity\LogRogue\Packages\System.Runtime.Extensions.4.3.0\ref\netstandard1.5\es\System.Runtime.Extensions.xml", "XML", 0, 0, 0, 0, -3637, 0, 0, 0, 0, 0, 0, 0, 0, 0, 0, -3637
"c:\Users\Torte\Documents\Unity\LogRogue\Packages\System.Runtime.Extensions.4.3.0\ref\netstandard1.5\fr\System.Runtime.Extensions.xml", "XML", 0, 0, 0, 0, -3678, 0, 0, 0, 0, 0, 0, 0, 0, 0, 0, -3678
"c:\Users\Torte\Documents\Unity\LogRogue\Packages\System.Runtime.Extensions.4.3.0\ref\netstandard1.5\it\System.Runtime.Extensions.xml", "XML", 0, 0, 0, 0, -3673, 0, 0, 0, 0, 0, 0, 0, 0, 0, 0, -3673
"c:\Users\Torte\Documents\Unity\LogRogue\Packages\System.Runtime.Extensions.4.3.0\ref\netstandard1.5\ja\System.Runtime.Extensions.xml", "XML", 0, 0, 0, 0, -4016, 0, 0, 0, 0, 0, 0, 0, 0, 0, 0, -4016
"c:\Users\Torte\Documents\Unity\LogRogue\Packages\System.Runtime.Extensions.4.3.0\ref\netstandard1.5\ko\System.Runtime.Extensions.xml", "XML", 0, 0, 0, 0, -4026, 0, 0, 0, 0, 0, 0, 0, 0, 0, 0, -4026
"c:\Users\Torte\Documents\Unity\LogRogue\Packages\System.Runtime.Extensions.4.3.0\ref\netstandard1.5\ru\System.Runtime.Extensions.xml", "XML", 0, 0, 0, 0, -3436, 0, 0, 0, 0, 0, 0, 0, 0, 0, 0, -3436
"c:\Users\Torte\Documents\Unity\LogRogue\Packages\System.Runtime.Extensions.4.3.0\ref\netstandard1.5\zh-hans\System.Runtime.Extensions.xml", "XML", 0, 0, 0, 0, -3780, 0, 0, 0, 0, 0, 0, 0, 0, 0, 0, -3780
"c:\Users\Torte\Documents\Unity\LogRogue\Packages\System.Runtime.Extensions.4.3.0\ref\netstandard1.5\zh-hant\System.Runtime.Extensions.xml", "XML", 0, 0, 0, 0, -3735, 0, 0, 0, 0, 0, 0, 0, 0, 0, 0, -3735
"c:\Users\Torte\Documents\Unity\LogRogue\Packages\System.Runtime.Handles.4.3.0\ref\netstandard1.3\System.Runtime.Handles.xml", "XML", 0, 0, 0, 0, -168, 0, 0, 0, 0, 0, 0, 0, 0, 0, 0, -168
"c:\Users\Torte\Documents\Unity\LogRogue\Packages\System.Runtime.Handles.4.3.0\ref\netstandard1.3\de\System.Runtime.Handles.xml", "XML", 0, 0, 0, 0, -168, 0, 0, 0, 0, 0, 0, 0, 0, 0, 0, -168
"c:\Users\Torte\Documents\Unity\LogRogue\Packages\System.Runtime.Handles.4.3.0\ref\netstandard1.3\es\System.Runtime.Handles.xml", "XML", 0, 0, 0, 0, -168, 0, 0, 0, 0, 0, 0, 0, 0, 0, 0, -168
"c:\Users\Torte\Documents\Unity\LogRogue\Packages\System.Runtime.Handles.4.3.0\ref\netstandard1.3\fr\System.Runtime.Handles.xml", "XML", 0, 0, 0, 0, -168, 0, 0, 0, 0, 0, 0, 0, 0, 0, 0, -168
"c:\Users\Torte\Documents\Unity\LogRogue\Packages\System.Runtime.Handles.4.3.0\ref\netstandard1.3\it\System.Runtime.Handles.xml", "XML", 0, 0, 0, 0, -168, 0, 0, 0, 0, 0, 0, 0, 0, 0, 0, -168
"c:\Users\Torte\Documents\Unity\LogRogue\Packages\System.Runtime.Handles.4.3.0\ref\netstandard1.3\ja\System.Runtime.Handles.xml", "XML", 0, 0, 0, 0, -174, 0, 0, 0, 0, 0, 0, 0, 0, 0, 0, -174
"c:\Users\Torte\Documents\Unity\LogRogue\Packages\System.Runtime.Handles.4.3.0\ref\netstandard1.3\ko\System.Runtime.Handles.xml", "XML", 0, 0, 0, 0, -174, 0, 0, 0, 0, 0, 0, 0, 0, 0, 0, -174
"c:\Users\Torte\Documents\Unity\LogRogue\Packages\System.Runtime.Handles.4.3.0\ref\netstandard1.3\ru\System.Runtime.Handles.xml", "XML", 0, 0, 0, 0, -168, 0, 0, 0, 0, 0, 0, 0, 0, 0, 0, -168
"c:\Users\Torte\Documents\Unity\LogRogue\Packages\System.Runtime.Handles.4.3.0\ref\netstandard1.3\zh-hans\System.Runtime.Handles.xml", "XML", 0, 0, 0, 0, -169, 0, 0, 0, 0, 0, 0, 0, 0, 0, 0, -169
"c:\Users\Torte\Documents\Unity\LogRogue\Packages\System.Runtime.Handles.4.3.0\ref\netstandard1.3\zh-hant\System.Runtime.Handles.xml", "XML", 0, 0, 0, 0, -169, 0, 0, 0, 0, 0, 0, 0, 0, 0, 0, -169
"c:\Users\Torte\Documents\Unity\LogRogue\Packages\System.Runtime.InteropServices.4.3.0\ref\netcore50\System.Runtime.InteropServices.xml", "XML", 0, 0, 0, 0, -4204, 0, 0, 0, 0, 0, 0, 0, 0, 0, 0, -4204
"c:\Users\Torte\Documents\Unity\LogRogue\Packages\System.Runtime.InteropServices.4.3.0\ref\netcore50\de\System.Runtime.InteropServices.xml", "XML", 0, 0, 0, 0, -4204, 0, 0, 0, 0, 0, 0, 0, 0, 0, 0, -4204
"c:\Users\Torte\Documents\Unity\LogRogue\Packages\System.Runtime.InteropServices.4.3.0\ref\netcore50\es\System.Runtime.InteropServices.xml", "XML", 0, 0, 0, 0, -4223, 0, 0, 0, 0, 0, 0, 0, 0, 0, 0, -4223
"c:\Users\Torte\Documents\Unity\LogRogue\Packages\System.Runtime.InteropServices.4.3.0\ref\netcore50\fr\System.Runtime.InteropServices.xml", "XML", 0, 0, 0, 0, -4219, 0, 0, 0, 0, 0, 0, 0, 0, 0, 0, -4219
"c:\Users\Torte\Documents\Unity\LogRogue\Packages\System.Runtime.InteropServices.4.3.0\ref\netcore50\it\System.Runtime.InteropServices.xml", "XML", 0, 0, 0, 0, -4207, 0, 0, 0, 0, 0, 0, 0, 0, 0, 0, -4207
"c:\Users\Torte\Documents\Unity\LogRogue\Packages\System.Runtime.InteropServices.4.3.0\ref\netcore50\ja\System.Runtime.InteropServices.xml", "XML", 0, 0, 0, 0, -4408, 0, 0, 0, 0, 0, 0, 0, 0, 0, 0, -4408
"c:\Users\Torte\Documents\Unity\LogRogue\Packages\System.Runtime.InteropServices.4.3.0\ref\netcore50\ko\System.Runtime.InteropServices.xml", "XML", 0, 0, 0, 0, -4399, 0, 0, 0, 0, 0, 0, 0, 0, 0, 0, -4399
"c:\Users\Torte\Documents\Unity\LogRogue\Packages\System.Runtime.InteropServices.4.3.0\ref\netcore50\ru\System.Runtime.InteropServices.xml", "XML", 0, 0, 0, 0, -4157, 0, 0, 0, 0, 0, 0, 0, 0, 0, 0, -4157
"c:\Users\Torte\Documents\Unity\LogRogue\Packages\System.Runtime.InteropServices.4.3.0\ref\netcore50\zh-hans\System.Runtime.InteropServices.xml", "XML", 0, 0, 0, 0, -4276, 0, 0, 0, 0, 0, 0, 0, 0, 0, 0, -4276
"c:\Users\Torte\Documents\Unity\LogRogue\Packages\System.Runtime.InteropServices.4.3.0\ref\netcore50\zh-hant\System.Runtime.InteropServices.xml", "XML", 0, 0, 0, 0, -4284, 0, 0, 0, 0, 0, 0, 0, 0, 0, 0, -4284
"c:\Users\Torte\Documents\Unity\LogRogue\Packages\System.Runtime.InteropServices.4.3.0\ref\netstandard1.1\System.Runtime.InteropServices.xml", "XML", 0, 0, 0, 0, -4204, 0, 0, 0, 0, 0, 0, 0, 0, 0, 0, -4204
"c:\Users\Torte\Documents\Unity\LogRogue\Packages\System.Runtime.InteropServices.4.3.0\ref\netstandard1.1\de\System.Runtime.InteropServices.xml", "XML", 0, 0, 0, 0, -4204, 0, 0, 0, 0, 0, 0, 0, 0, 0, 0, -4204
"c:\Users\Torte\Documents\Unity\LogRogue\Packages\System.Runtime.InteropServices.4.3.0\ref\netstandard1.1\es\System.Runtime.InteropServices.xml", "XML", 0, 0, 0, 0, -4223, 0, 0, 0, 0, 0, 0, 0, 0, 0, 0, -4223
"c:\Users\Torte\Documents\Unity\LogRogue\Packages\System.Runtime.InteropServices.4.3.0\ref\netstandard1.1\fr\System.Runtime.InteropServices.xml", "XML", 0, 0, 0, 0, -4219, 0, 0, 0, 0, 0, 0, 0, 0, 0, 0, -4219
"c:\Users\Torte\Documents\Unity\LogRogue\Packages\System.Runtime.InteropServices.4.3.0\ref\netstandard1.1\it\System.Runtime.InteropServices.xml", "XML", 0, 0, 0, 0, -4207, 0, 0, 0, 0, 0, 0, 0, 0, 0, 0, -4207
"c:\Users\Torte\Documents\Unity\LogRogue\Packages\System.Runtime.InteropServices.4.3.0\ref\netstandard1.1\ja\System.Runtime.InteropServices.xml", "XML", 0, 0, 0, 0, -4408, 0, 0, 0, 0, 0, 0, 0, 0, 0, 0, -4408
"c:\Users\Torte\Documents\Unity\LogRogue\Packages\System.Runtime.InteropServices.4.3.0\ref\netstandard1.1\ko\System.Runtime.InteropServices.xml", "XML", 0, 0, 0, 0, -4399, 0, 0, 0, 0, 0, 0, 0, 0, 0, 0, -4399
"c:\Users\Torte\Documents\Unity\LogRogue\Packages\System.Runtime.InteropServices.4.3.0\ref\netstandard1.1\ru\System.Runtime.InteropServices.xml", "XML", 0, 0, 0, 0, -4157, 0, 0, 0, 0, 0, 0, 0, 0, 0, 0, -4157
"c:\Users\Torte\Documents\Unity\LogRogue\Packages\System.Runtime.InteropServices.4.3.0\ref\netstandard1.1\zh-hans\System.Runtime.InteropServices.xml", "XML", 0, 0, 0, 0, -4276, 0, 0, 0, 0, 0, 0, 0, 0, 0, 0, -4276
"c:\Users\Torte\Documents\Unity\LogRogue\Packages\System.Runtime.InteropServices.4.3.0\ref\netstandard1.1\zh-hant\System.Runtime.InteropServices.xml", "XML", 0, 0, 0, 0, -4284, 0, 0, 0, 0, 0, 0, 0, 0, 0, 0, -4284
"c:\Users\Torte\Documents\Unity\LogRogue\Packages\System.Runtime.InteropServices.4.3.0\ref\netstandard1.2\System.Runtime.InteropServices.xml", "XML", 0, 0, 0, 0, -4204, 0, 0, 0, 0, 0, 0, 0, 0, 0, 0, -4204
"c:\Users\Torte\Documents\Unity\LogRogue\Packages\System.Runtime.InteropServices.4.3.0\ref\netstandard1.2\de\System.Runtime.InteropServices.xml", "XML", 0, 0, 0, 0, -4204, 0, 0, 0, 0, 0, 0, 0, 0, 0, 0, -4204
"c:\Users\Torte\Documents\Unity\LogRogue\Packages\System.Runtime.InteropServices.4.3.0\ref\netstandard1.2\es\System.Runtime.InteropServices.xml", "XML", 0, 0, 0, 0, -4223, 0, 0, 0, 0, 0, 0, 0, 0, 0, 0, -4223
"c:\Users\Torte\Documents\Unity\LogRogue\Packages\System.Runtime.InteropServices.4.3.0\ref\netstandard1.2\fr\System.Runtime.InteropServices.xml", "XML", 0, 0, 0, 0, -4219, 0, 0, 0, 0, 0, 0, 0, 0, 0, 0, -4219
"c:\Users\Torte\Documents\Unity\LogRogue\Packages\System.Runtime.InteropServices.4.3.0\ref\netstandard1.2\it\System.Runtime.InteropServices.xml", "XML", 0, 0, 0, 0, -4207, 0, 0, 0, 0, 0, 0, 0, 0, 0, 0, -4207
"c:\Users\Torte\Documents\Unity\LogRogue\Packages\System.Runtime.InteropServices.4.3.0\ref\netstandard1.2\ja\System.Runtime.InteropServices.xml", "XML", 0, 0, 0, 0, -4408, 0, 0, 0, 0, 0, 0, 0, 0, 0, 0, -4408
"c:\Users\Torte\Documents\Unity\LogRogue\Packages\System.Runtime.InteropServices.4.3.0\ref\netstandard1.2\ko\System.Runtime.InteropServices.xml", "XML", 0, 0, 0, 0, -4399, 0, 0, 0, 0, 0, 0, 0, 0, 0, 0, -4399
"c:\Users\Torte\Documents\Unity\LogRogue\Packages\System.Runtime.InteropServices.4.3.0\ref\netstandard1.2\ru\System.Runtime.InteropServices.xml", "XML", 0, 0, 0, 0, -4157, 0, 0, 0, 0, 0, 0, 0, 0, 0, 0, -4157
"c:\Users\Torte\Documents\Unity\LogRogue\Packages\System.Runtime.InteropServices.4.3.0\ref\netstandard1.2\zh-hans\System.Runtime.InteropServices.xml", "XML", 0, 0, 0, 0, -4276, 0, 0, 0, 0, 0, 0, 0, 0, 0, 0, -4276
"c:\Users\Torte\Documents\Unity\LogRogue\Packages\System.Runtime.InteropServices.4.3.0\ref\netstandard1.2\zh-hant\System.Runtime.InteropServices.xml", "XML", 0, 0, 0, 0, -4284, 0, 0, 0, 0, 0, 0, 0, 0, 0, 0, -4284
"c:\Users\Torte\Documents\Unity\LogRogue\Packages\System.Runtime.InteropServices.4.3.0\ref\netstandard1.3\System.Runtime.InteropServices.xml", "XML", 0, 0, 0, 0, -4204, 0, 0, 0, 0, 0, 0, 0, 0, 0, 0, -4204
"c:\Users\Torte\Documents\Unity\LogRogue\Packages\System.Runtime.InteropServices.4.3.0\ref\netstandard1.3\de\System.Runtime.InteropServices.xml", "XML", 0, 0, 0, 0, -4204, 0, 0, 0, 0, 0, 0, 0, 0, 0, 0, -4204
"c:\Users\Torte\Documents\Unity\LogRogue\Packages\System.Runtime.InteropServices.4.3.0\ref\netstandard1.3\es\System.Runtime.InteropServices.xml", "XML", 0, 0, 0, 0, -4223, 0, 0, 0, 0, 0, 0, 0, 0, 0, 0, -4223
"c:\Users\Torte\Documents\Unity\LogRogue\Packages\System.Runtime.InteropServices.4.3.0\ref\netstandard1.3\fr\System.Runtime.InteropServices.xml", "XML", 0, 0, 0, 0, -4219, 0, 0, 0, 0, 0, 0, 0, 0, 0, 0, -4219
"c:\Users\Torte\Documents\Unity\LogRogue\Packages\System.Runtime.InteropServices.4.3.0\ref\netstandard1.3\it\System.Runtime.InteropServices.xml", "XML", 0, 0, 0, 0, -4207, 0, 0, 0, 0, 0, 0, 0, 0, 0, 0, -4207
"c:\Users\Torte\Documents\Unity\LogRogue\Packages\System.Runtime.InteropServices.4.3.0\ref\netstandard1.3\ja\System.Runtime.InteropServices.xml", "XML", 0, 0, 0, 0, -4408, 0, 0, 0, 0, 0, 0, 0, 0, 0, 0, -4408
"c:\Users\Torte\Documents\Unity\LogRogue\Packages\System.Runtime.InteropServices.4.3.0\ref\netstandard1.3\ko\System.Runtime.InteropServices.xml", "XML", 0, 0, 0, 0, -4399, 0, 0, 0, 0, 0, 0, 0, 0, 0, 0, -4399
"c:\Users\Torte\Documents\Unity\LogRogue\Packages\System.Runtime.InteropServices.4.3.0\ref\netstandard1.3\ru\System.Runtime.InteropServices.xml", "XML", 0, 0, 0, 0, -4157, 0, 0, 0, 0, 0, 0, 0, 0, 0, 0, -4157
"c:\Users\Torte\Documents\Unity\LogRogue\Packages\System.Runtime.InteropServices.4.3.0\ref\netstandard1.3\zh-hans\System.Runtime.InteropServices.xml", "XML", 0, 0, 0, 0, -4276, 0, 0, 0, 0, 0, 0, 0, 0, 0, 0, -4276
"c:\Users\Torte\Documents\Unity\LogRogue\Packages\System.Runtime.InteropServices.4.3.0\ref\netstandard1.3\zh-hant\System.Runtime.InteropServices.xml", "XML", 0, 0, 0, 0, -4284, 0, 0, 0, 0, 0, 0, 0, 0, 0, 0, -4284
"c:\Users\Torte\Documents\Unity\LogRogue\Packages\System.Runtime.InteropServices.4.3.0\ref\netstandard1.5\System.Runtime.InteropServices.xml", "XML", 0, 0, 0, 0, -4204, 0, 0, 0, 0, 0, 0, 0, 0, 0, 0, -4204
"c:\Users\Torte\Documents\Unity\LogRogue\Packages\System.Runtime.InteropServices.4.3.0\ref\netstandard1.5\de\System.Runtime.InteropServices.xml", "XML", 0, 0, 0, 0, -4204, 0, 0, 0, 0, 0, 0, 0, 0, 0, 0, -4204
"c:\Users\Torte\Documents\Unity\LogRogue\Packages\System.Runtime.InteropServices.4.3.0\ref\netstandard1.5\es\System.Runtime.InteropServices.xml", "XML", 0, 0, 0, 0, -4223, 0, 0, 0, 0, 0, 0, 0, 0, 0, 0, -4223
"c:\Users\Torte\Documents\Unity\LogRogue\Packages\System.Runtime.InteropServices.4.3.0\ref\netstandard1.5\fr\System.Runtime.InteropServices.xml", "XML", 0, 0, 0, 0, -4219, 0, 0, 0, 0, 0, 0, 0, 0, 0, 0, -4219
"c:\Users\Torte\Documents\Unity\LogRogue\Packages\System.Runtime.InteropServices.4.3.0\ref\netstandard1.5\it\System.Runtime.InteropServices.xml", "XML", 0, 0, 0, 0, -4207, 0, 0, 0, 0, 0, 0, 0, 0, 0, 0, -4207
"c:\Users\Torte\Documents\Unity\LogRogue\Packages\System.Runtime.InteropServices.4.3.0\ref\netstandard1.5\ja\System.Runtime.InteropServices.xml", "XML", 0, 0, 0, 0, -4408, 0, 0, 0, 0, 0, 0, 0, 0, 0, 0, -4408
"c:\Users\Torte\Documents\Unity\LogRogue\Packages\System.Runtime.InteropServices.4.3.0\ref\netstandard1.5\ko\System.Runtime.InteropServices.xml", "XML", 0, 0, 0, 0, -4399, 0, 0, 0, 0, 0, 0, 0, 0, 0, 0, -4399
"c:\Users\Torte\Documents\Unity\LogRogue\Packages\System.Runtime.InteropServices.4.3.0\ref\netstandard1.5\ru\System.Runtime.InteropServices.xml", "XML", 0, 0, 0, 0, -4157, 0, 0, 0, 0, 0, 0, 0, 0, 0, 0, -4157
"c:\Users\Torte\Documents\Unity\LogRogue\Packages\System.Runtime.InteropServices.4.3.0\ref\netstandard1.5\zh-hans\System.Runtime.InteropServices.xml", "XML", 0, 0, 0, 0, -4276, 0, 0, 0, 0, 0, 0, 0, 0, 0, 0, -4276
"c:\Users\Torte\Documents\Unity\LogRogue\Packages\System.Runtime.InteropServices.4.3.0\ref\netstandard1.5\zh-hant\System.Runtime.InteropServices.xml", "XML", 0, 0, 0, 0, -4284, 0, 0, 0, 0, 0, 0, 0, 0, 0, 0, -4284
"c:\Users\Torte\Documents\Unity\LogRogue\Packages\System.Runtime.Numerics.4.3.0\ref\netcore50\System.Runtime.Numerics.xml", "XML", 0, 0, 0, 0, -1035, 0, 0, 0, 0, 0, 0, 0, 0, 0, 0, -1035
"c:\Users\Torte\Documents\Unity\LogRogue\Packages\System.Runtime.Numerics.4.3.0\ref\netcore50\de\System.Runtime.Numerics.xml", "XML", 0, 0, 0, 0, -1035, 0, 0, 0, 0, 0, 0, 0, 0, 0, 0, -1035
"c:\Users\Torte\Documents\Unity\LogRogue\Packages\System.Runtime.Numerics.4.3.0\ref\netcore50\es\System.Runtime.Numerics.xml", "XML", 0, 0, 0, 0, -1036, 0, 0, 0, 0, 0, 0, 0, 0, 0, 0, -1036
"c:\Users\Torte\Documents\Unity\LogRogue\Packages\System.Runtime.Numerics.4.3.0\ref\netcore50\fr\System.Runtime.Numerics.xml", "XML", 0, 0, 0, 0, -1035, 0, 0, 0, 0, 0, 0, 0, 0, 0, 0, -1035
"c:\Users\Torte\Documents\Unity\LogRogue\Packages\System.Runtime.Numerics.4.3.0\ref\netcore50\it\System.Runtime.Numerics.xml", "XML", 0, 0, 0, 0, -1035, 0, 0, 0, 0, 0, 0, 0, 0, 0, 0, -1035
"c:\Users\Torte\Documents\Unity\LogRogue\Packages\System.Runtime.Numerics.4.3.0\ref\netcore50\ja\System.Runtime.Numerics.xml", "XML", 0, 0, 0, 0, -1227, 0, 0, 0, 0, 0, 0, 0, 0, 0, 0, -1227
"c:\Users\Torte\Documents\Unity\LogRogue\Packages\System.Runtime.Numerics.4.3.0\ref\netcore50\ko\System.Runtime.Numerics.xml", "XML", 0, 0, 0, 0, -1229, 0, 0, 0, 0, 0, 0, 0, 0, 0, 0, -1229
"c:\Users\Torte\Documents\Unity\LogRogue\Packages\System.Runtime.Numerics.4.3.0\ref\netcore50\ru\System.Runtime.Numerics.xml", "XML", 0, 0, 0, 0, -1034, 0, 0, 0, 0, 0, 0, 0, 0, 0, 0, -1034
"c:\Users\Torte\Documents\Unity\LogRogue\Packages\System.Runtime.Numerics.4.3.0\ref\netcore50\zh-hans\System.Runtime.Numerics.xml", "XML", 0, 0, 0, 0, -1078, 0, 0, 0, 0, 0, 0, 0, 0, 0, 0, -1078
"c:\Users\Torte\Documents\Unity\LogRogue\Packages\System.Runtime.Numerics.4.3.0\ref\netcore50\zh-hant\System.Runtime.Numerics.xml", "XML", 0, 0, 0, 0, -1084, 0, 0, 0, 0, 0, 0, 0, 0, 0, 0, -1084
"c:\Users\Torte\Documents\Unity\LogRogue\Packages\System.Runtime.Numerics.4.3.0\ref\netstandard1.1\System.Runtime.Numerics.xml", "XML", 0, 0, 0, 0, -1035, 0, 0, 0, 0, 0, 0, 0, 0, 0, 0, -1035
"c:\Users\Torte\Documents\Unity\LogRogue\Packages\System.Runtime.Numerics.4.3.0\ref\netstandard1.1\de\System.Runtime.Numerics.xml", "XML", 0, 0, 0, 0, -1035, 0, 0, 0, 0, 0, 0, 0, 0, 0, 0, -1035
"c:\Users\Torte\Documents\Unity\LogRogue\Packages\System.Runtime.Numerics.4.3.0\ref\netstandard1.1\es\System.Runtime.Numerics.xml", "XML", 0, 0, 0, 0, -1036, 0, 0, 0, 0, 0, 0, 0, 0, 0, 0, -1036
"c:\Users\Torte\Documents\Unity\LogRogue\Packages\System.Runtime.Numerics.4.3.0\ref\netstandard1.1\fr\System.Runtime.Numerics.xml", "XML", 0, 0, 0, 0, -1035, 0, 0, 0, 0, 0, 0, 0, 0, 0, 0, -1035
"c:\Users\Torte\Documents\Unity\LogRogue\Packages\System.Runtime.Numerics.4.3.0\ref\netstandard1.1\it\System.Runtime.Numerics.xml", "XML", 0, 0, 0, 0, -1035, 0, 0, 0, 0, 0, 0, 0, 0, 0, 0, -1035
"c:\Users\Torte\Documents\Unity\LogRogue\Packages\System.Runtime.Numerics.4.3.0\ref\netstandard1.1\ja\System.Runtime.Numerics.xml", "XML", 0, 0, 0, 0, -1227, 0, 0, 0, 0, 0, 0, 0, 0, 0, 0, -1227
"c:\Users\Torte\Documents\Unity\LogRogue\Packages\System.Runtime.Numerics.4.3.0\ref\netstandard1.1\ko\System.Runtime.Numerics.xml", "XML", 0, 0, 0, 0, -1229, 0, 0, 0, 0, 0, 0, 0, 0, 0, 0, -1229
"c:\Users\Torte\Documents\Unity\LogRogue\Packages\System.Runtime.Numerics.4.3.0\ref\netstandard1.1\ru\System.Runtime.Numerics.xml", "XML", 0, 0, 0, 0, -1034, 0, 0, 0, 0, 0, 0, 0, 0, 0, 0, -1034
"c:\Users\Torte\Documents\Unity\LogRogue\Packages\System.Runtime.Numerics.4.3.0\ref\netstandard1.1\zh-hans\System.Runtime.Numerics.xml", "XML", 0, 0, 0, 0, -1078, 0, 0, 0, 0, 0, 0, 0, 0, 0, 0, -1078
"c:\Users\Torte\Documents\Unity\LogRogue\Packages\System.Runtime.Numerics.4.3.0\ref\netstandard1.1\zh-hant\System.Runtime.Numerics.xml", "XML", 0, 0, 0, 0, -1084, 0, 0, 0, 0, 0, 0, 0, 0, 0, 0, -1084
"c:\Users\Torte\Documents\Unity\LogRogue\Packages\System.Security.Cryptography.Encoding.4.3.0\ref\netstandard1.3\System.Security.Cryptography.Encoding.xml", "XML", 0, 0, 0, 0, -204, 0, 0, 0, 0, 0, 0, 0, 0, 0, 0, -204
"c:\Users\Torte\Documents\Unity\LogRogue\Packages\System.Security.Cryptography.Encoding.4.3.0\ref\netstandard1.3\de\System.Security.Cryptography.Encoding.xml", "XML", 0, 0, 0, 0, -204, 0, 0, 0, 0, 0, 0, 0, 0, 0, 0, -204
"c:\Users\Torte\Documents\Unity\LogRogue\Packages\System.Security.Cryptography.Encoding.4.3.0\ref\netstandard1.3\es\System.Security.Cryptography.Encoding.xml", "XML", 0, 0, 0, 0, -202, 0, 0, 0, 0, 0, 0, 0, 0, 0, 0, -202
"c:\Users\Torte\Documents\Unity\LogRogue\Packages\System.Security.Cryptography.Encoding.4.3.0\ref\netstandard1.3\fr\System.Security.Cryptography.Encoding.xml", "XML", 0, 0, 0, 0, -204, 0, 0, 0, 0, 0, 0, 0, 0, 0, 0, -204
"c:\Users\Torte\Documents\Unity\LogRogue\Packages\System.Security.Cryptography.Encoding.4.3.0\ref\netstandard1.3\it\System.Security.Cryptography.Encoding.xml", "XML", 0, 0, 0, 0, -204, 0, 0, 0, 0, 0, 0, 0, 0, 0, 0, -204
"c:\Users\Torte\Documents\Unity\LogRogue\Packages\System.Security.Cryptography.Encoding.4.3.0\ref\netstandard1.3\ja\System.Security.Cryptography.Encoding.xml", "XML", 0, 0, 0, 0, -236, 0, 0, 0, 0, 0, 0, 0, 0, 0, 0, -236
"c:\Users\Torte\Documents\Unity\LogRogue\Packages\System.Security.Cryptography.Encoding.4.3.0\ref\netstandard1.3\ko\System.Security.Cryptography.Encoding.xml", "XML", 0, 0, 0, 0, -235, 0, 0, 0, 0, 0, 0, 0, 0, 0, 0, -235
"c:\Users\Torte\Documents\Unity\LogRogue\Packages\System.Security.Cryptography.Encoding.4.3.0\ref\netstandard1.3\ru\System.Security.Cryptography.Encoding.xml", "XML", 0, 0, 0, 0, -197, 0, 0, 0, 0, 0, 0, 0, 0, 0, 0, -197
"c:\Users\Torte\Documents\Unity\LogRogue\Packages\System.Security.Cryptography.Encoding.4.3.0\ref\netstandard1.3\zh-hans\System.Security.Cryptography.Encoding.xml", "XML", 0, 0, 0, 0, -214, 0, 0, 0, 0, 0, 0, 0, 0, 0, 0, -214
"c:\Users\Torte\Documents\Unity\LogRogue\Packages\System.Security.Cryptography.Encoding.4.3.0\ref\netstandard1.3\zh-hant\System.Security.Cryptography.Encoding.xml", "XML", 0, 0, 0, 0, -212, 0, 0, 0, 0, 0, 0, 0, 0, 0, 0, -212
"c:\Users\Torte\Documents\Unity\LogRogue\Packages\System.Security.Cryptography.X509Certificates.4.3.0\ref\netstandard1.3\System.Security.Cryptography.X509Certificates.xml", "XML", 0, 0, 0, 0, -1556, 0, 0, 0, 0, 0, 0, 0, 0, 0, 0, -1556
"c:\Users\Torte\Documents\Unity\LogRogue\Packages\System.Security.Cryptography.X509Certificates.4.3.0\ref\netstandard1.3\de\System.Security.Cryptography.X509Certificates.xml", "XML", 0, 0, 0, 0, -1558, 0, 0, 0, 0, 0, 0, 0, 0, 0, 0, -1558
"c:\Users\Torte\Documents\Unity\LogRogue\Packages\System.Security.Cryptography.X509Certificates.4.3.0\ref\netstandard1.3\es\System.Security.Cryptography.X509Certificates.xml", "XML", 0, 0, 0, 0, -1563, 0, 0, 0, 0, 0, 0, 0, 0, 0, 0, -1563
"c:\Users\Torte\Documents\Unity\LogRogue\Packages\System.Security.Cryptography.X509Certificates.4.3.0\ref\netstandard1.3\fr\System.Security.Cryptography.X509Certificates.xml", "XML", 0, 0, 0, 0, -1570, 0, 0, 0, 0, 0, 0, 0, 0, 0, 0, -1570
"c:\Users\Torte\Documents\Unity\LogRogue\Packages\System.Security.Cryptography.X509Certificates.4.3.0\ref\netstandard1.3\it\System.Security.Cryptography.X509Certificates.xml", "XML", 0, 0, 0, 0, -1559, 0, 0, 0, 0, 0, 0, 0, 0, 0, 0, -1559
"c:\Users\Torte\Documents\Unity\LogRogue\Packages\System.Security.Cryptography.X509Certificates.4.3.0\ref\netstandard1.3\ja\System.Security.Cryptography.X509Certificates.xml", "XML", 0, 0, 0, 0, -1723, 0, 0, 0, 0, 0, 0, 0, 0, 0, 0, -1723
"c:\Users\Torte\Documents\Unity\LogRogue\Packages\System.Security.Cryptography.X509Certificates.4.3.0\ref\netstandard1.3\ko\System.Security.Cryptography.X509Certificates.xml", "XML", 0, 0, 0, 0, -1726, 0, 0, 0, 0, 0, 0, 0, 0, 0, 0, -1726
"c:\Users\Torte\Documents\Unity\LogRogue\Packages\System.Security.Cryptography.X509Certificates.4.3.0\ref\netstandard1.3\ru\System.Security.Cryptography.X509Certificates.xml", "XML", 0, 0, 0, 0, -1523, 0, 0, 0, 0, 0, 0, 0, 0, 0, 0, -1523
"c:\Users\Torte\Documents\Unity\LogRogue\Packages\System.Security.Cryptography.X509Certificates.4.3.0\ref\netstandard1.3\zh-hans\System.Security.Cryptography.X509Certificates.xml", "XML", 0, 0, 0, 0, -1633, 0, 0, 0, 0, 0, 0, 0, 0, 0, 0, -1633
"c:\Users\Torte\Documents\Unity\LogRogue\Packages\System.Security.Cryptography.X509Certificates.4.3.0\ref\netstandard1.3\zh-hant\System.Security.Cryptography.X509Certificates.xml", "XML", 0, 0, 0, 0, -1646, 0, 0, 0, 0, 0, 0, 0, 0, 0, 0, -1646
"c:\Users\Torte\Documents\Unity\LogRogue\Packages\System.Security.Cryptography.X509Certificates.4.3.0\ref\netstandard1.4\System.Security.Cryptography.X509Certificates.xml", "XML", 0, 0, 0, 0, -1556, 0, 0, 0, 0, 0, 0, 0, 0, 0, 0, -1556
"c:\Users\Torte\Documents\Unity\LogRogue\Packages\System.Security.Cryptography.X509Certificates.4.3.0\ref\netstandard1.4\de\System.Security.Cryptography.X509Certificates.xml", "XML", 0, 0, 0, 0, -1558, 0, 0, 0, 0, 0, 0, 0, 0, 0, 0, -1558
"c:\Users\Torte\Documents\Unity\LogRogue\Packages\System.Security.Cryptography.X509Certificates.4.3.0\ref\netstandard1.4\es\System.Security.Cryptography.X509Certificates.xml", "XML", 0, 0, 0, 0, -1563, 0, 0, 0, 0, 0, 0, 0, 0, 0, 0, -1563
"c:\Users\Torte\Documents\Unity\LogRogue\Packages\System.Security.Cryptography.X509Certificates.4.3.0\ref\netstandard1.4\fr\System.Security.Cryptography.X509Certificates.xml", "XML", 0, 0, 0, 0, -1570, 0, 0, 0, 0, 0, 0, 0, 0, 0, 0, -1570
"c:\Users\Torte\Documents\Unity\LogRogue\Packages\System.Security.Cryptography.X509Certificates.4.3.0\ref\netstandard1.4\it\System.Security.Cryptography.X509Certificates.xml", "XML", 0, 0, 0, 0, -1559, 0, 0, 0, 0, 0, 0, 0, 0, 0, 0, -1559
"c:\Users\Torte\Documents\Unity\LogRogue\Packages\System.Security.Cryptography.X509Certificates.4.3.0\ref\netstandard1.4\ja\System.Security.Cryptography.X509Certificates.xml", "XML", 0, 0, 0, 0, -1723, 0, 0, 0, 0, 0, 0, 0, 0, 0, 0, -1723
"c:\Users\Torte\Documents\Unity\LogRogue\Packages\System.Security.Cryptography.X509Certificates.4.3.0\ref\netstandard1.4\ko\System.Security.Cryptography.X509Certificates.xml", "XML", 0, 0, 0, 0, -1726, 0, 0, 0, 0, 0, 0, 0, 0, 0, 0, -1726
"c:\Users\Torte\Documents\Unity\LogRogue\Packages\System.Security.Cryptography.X509Certificates.4.3.0\ref\netstandard1.4\ru\System.Security.Cryptography.X509Certificates.xml", "XML", 0, 0, 0, 0, -1523, 0, 0, 0, 0, 0, 0, 0, 0, 0, 0, -1523
"c:\Users\Torte\Documents\Unity\LogRogue\Packages\System.Security.Cryptography.X509Certificates.4.3.0\ref\netstandard1.4\zh-hans\System.Security.Cryptography.X509Certificates.xml", "XML", 0, 0, 0, 0, -1633, 0, 0, 0, 0, 0, 0, 0, 0, 0, 0, -1633
"c:\Users\Torte\Documents\Unity\LogRogue\Packages\System.Security.Cryptography.X509Certificates.4.3.0\ref\netstandard1.4\zh-hant\System.Security.Cryptography.X509Certificates.xml", "XML", 0, 0, 0, 0, -1646, 0, 0, 0, 0, 0, 0, 0, 0, 0, 0, -1646
"c:\Users\Torte\Documents\Unity\LogRogue\Packages\System.Text.Encoding.4.3.0\ref\netcore50\System.Text.Encoding.xml", "XML", 0, 0, 0, 0, -1018, 0, 0, 0, 0, 0, 0, 0, 0, 0, 0, -1018
"c:\Users\Torte\Documents\Unity\LogRogue\Packages\System.Text.Encoding.4.3.0\ref\netcore50\de\System.Text.Encoding.xml", "XML", 0, 0, 0, 0, -1018, 0, 0, 0, 0, 0, 0, 0, 0, 0, 0, -1018
"c:\Users\Torte\Documents\Unity\LogRogue\Packages\System.Text.Encoding.4.3.0\ref\netcore50\es\System.Text.Encoding.xml", "XML", 0, 0, 0, 0, -972, 0, 0, 0, 0, 0, 0, 0, 0, 0, 0, -972
"c:\Users\Torte\Documents\Unity\LogRogue\Packages\System.Text.Encoding.4.3.0\ref\netcore50\fr\System.Text.Encoding.xml", "XML", 0, 0, 0, 0, -1021, 0, 0, 0, 0, 0, 0, 0, 0, 0, 0, -1021
"c:\Users\Torte\Documents\Unity\LogRogue\Packages\System.Text.Encoding.4.3.0\ref\netcore50\it\System.Text.Encoding.xml", "XML", 0, 0, 0, 0, -1009, 0, 0, 0, 0, 0, 0, 0, 0, 0, 0, -1009
"c:\Users\Torte\Documents\Unity\LogRogue\Packages\System.Text.Encoding.4.3.0\ref\netcore50\ja\System.Text.Encoding.xml", "XML", 0, 0, 0, 0, -1075, 0, 0, 0, 0, 0, 0, 0, 0, 0, 0, -1075
"c:\Users\Torte\Documents\Unity\LogRogue\Packages\System.Text.Encoding.4.3.0\ref\netcore50\ko\System.Text.Encoding.xml", "XML", 0, 0, 0, 0, -1076, 0, 0, 0, 0, 0, 0, 0, 0, 0, 0, -1076
"c:\Users\Torte\Documents\Unity\LogRogue\Packages\System.Text.Encoding.4.3.0\ref\netcore50\ru\System.Text.Encoding.xml", "XML", 0, 0, 0, 0, -956, 0, 0, 0, 0, 0, 0, 0, 0, 0, 0, -956
"c:\Users\Torte\Documents\Unity\LogRogue\Packages\System.Text.Encoding.4.3.0\ref\netcore50\zh-hans\System.Text.Encoding.xml", "XML", 0, 0, 0, 0, -1019, 0, 0, 0, 0, 0, 0, 0, 0, 0, 0, -1019
"c:\Users\Torte\Documents\Unity\LogRogue\Packages\System.Text.Encoding.4.3.0\ref\netcore50\zh-hant\System.Text.Encoding.xml", "XML", 0, 0, 0, 0, -1026, 0, 0, 0, 0, 0, 0, 0, 0, 0, 0, -1026
"c:\Users\Torte\Documents\Unity\LogRogue\Packages\System.Text.Encoding.4.3.0\ref\netstandard1.0\System.Text.Encoding.xml", "XML", 0, 0, 0, 0, -1018, 0, 0, 0, 0, 0, 0, 0, 0, 0, 0, -1018
"c:\Users\Torte\Documents\Unity\LogRogue\Packages\System.Text.Encoding.4.3.0\ref\netstandard1.0\de\System.Text.Encoding.xml", "XML", 0, 0, 0, 0, -1018, 0, 0, 0, 0, 0, 0, 0, 0, 0, 0, -1018
"c:\Users\Torte\Documents\Unity\LogRogue\Packages\System.Text.Encoding.4.3.0\ref\netstandard1.0\es\System.Text.Encoding.xml", "XML", 0, 0, 0, 0, -972, 0, 0, 0, 0, 0, 0, 0, 0, 0, 0, -972
"c:\Users\Torte\Documents\Unity\LogRogue\Packages\System.Text.Encoding.4.3.0\ref\netstandard1.0\fr\System.Text.Encoding.xml", "XML", 0, 0, 0, 0, -1021, 0, 0, 0, 0, 0, 0, 0, 0, 0, 0, -1021
"c:\Users\Torte\Documents\Unity\LogRogue\Packages\System.Text.Encoding.4.3.0\ref\netstandard1.0\it\System.Text.Encoding.xml", "XML", 0, 0, 0, 0, -1009, 0, 0, 0, 0, 0, 0, 0, 0, 0, 0, -1009
"c:\Users\Torte\Documents\Unity\LogRogue\Packages\System.Text.Encoding.4.3.0\ref\netstandard1.0\ja\System.Text.Encoding.xml", "XML", 0, 0, 0, 0, -1075, 0, 0, 0, 0, 0, 0, 0, 0, 0, 0, -1075
"c:\Users\Torte\Documents\Unity\LogRogue\Packages\System.Text.Encoding.4.3.0\ref\netstandard1.0\ko\System.Text.Encoding.xml", "XML", 0, 0, 0, 0, -1076, 0, 0, 0, 0, 0, 0, 0, 0, 0, 0, -1076
"c:\Users\Torte\Documents\Unity\LogRogue\Packages\System.Text.Encoding.4.3.0\ref\netstandard1.0\ru\System.Text.Encoding.xml", "XML", 0, 0, 0, 0, -956, 0, 0, 0, 0, 0, 0, 0, 0, 0, 0, -956
"c:\Users\Torte\Documents\Unity\LogRogue\Packages\System.Text.Encoding.4.3.0\ref\netstandard1.0\zh-hans\System.Text.Encoding.xml", "XML", 0, 0, 0, 0, -1019, 0, 0, 0, 0, 0, 0, 0, 0, 0, 0, -1019
"c:\Users\Torte\Documents\Unity\LogRogue\Packages\System.Text.Encoding.4.3.0\ref\netstandard1.0\zh-hant\System.Text.Encoding.xml", "XML", 0, 0, 0, 0, -1026, 0, 0, 0, 0, 0, 0, 0, 0, 0, 0, -1026
"c:\Users\Torte\Documents\Unity\LogRogue\Packages\System.Text.Encoding.4.3.0\ref\netstandard1.3\System.Text.Encoding.xml", "XML", 0, 0, 0, 0, -1018, 0, 0, 0, 0, 0, 0, 0, 0, 0, 0, -1018
"c:\Users\Torte\Documents\Unity\LogRogue\Packages\System.Text.Encoding.4.3.0\ref\netstandard1.3\de\System.Text.Encoding.xml", "XML", 0, 0, 0, 0, -1018, 0, 0, 0, 0, 0, 0, 0, 0, 0, 0, -1018
"c:\Users\Torte\Documents\Unity\LogRogue\Packages\System.Text.Encoding.4.3.0\ref\netstandard1.3\es\System.Text.Encoding.xml", "XML", 0, 0, 0, 0, -972, 0, 0, 0, 0, 0, 0, 0, 0, 0, 0, -972
"c:\Users\Torte\Documents\Unity\LogRogue\Packages\System.Text.Encoding.4.3.0\ref\netstandard1.3\fr\System.Text.Encoding.xml", "XML", 0, 0, 0, 0, -1021, 0, 0, 0, 0, 0, 0, 0, 0, 0, 0, -1021
"c:\Users\Torte\Documents\Unity\LogRogue\Packages\System.Text.Encoding.4.3.0\ref\netstandard1.3\it\System.Text.Encoding.xml", "XML", 0, 0, 0, 0, -1009, 0, 0, 0, 0, 0, 0, 0, 0, 0, 0, -1009
"c:\Users\Torte\Documents\Unity\LogRogue\Packages\System.Text.Encoding.4.3.0\ref\netstandard1.3\ja\System.Text.Encoding.xml", "XML", 0, 0, 0, 0, -1075, 0, 0, 0, 0, 0, 0, 0, 0, 0, 0, -1075
"c:\Users\Torte\Documents\Unity\LogRogue\Packages\System.Text.Encoding.4.3.0\ref\netstandard1.3\ko\System.Text.Encoding.xml", "XML", 0, 0, 0, 0, -1076, 0, 0, 0, 0, 0, 0, 0, 0, 0, 0, -1076
"c:\Users\Torte\Documents\Unity\LogRogue\Packages\System.Text.Encoding.4.3.0\ref\netstandard1.3\ru\System.Text.Encoding.xml", "XML", 0, 0, 0, 0, -956, 0, 0, 0, 0, 0, 0, 0, 0, 0, 0, -956
"c:\Users\Torte\Documents\Unity\LogRogue\Packages\System.Text.Encoding.4.3.0\ref\netstandard1.3\zh-hans\System.Text.Encoding.xml", "XML", 0, 0, 0, 0, -1019, 0, 0, 0, 0, 0, 0, 0, 0, 0, 0, -1019
"c:\Users\Torte\Documents\Unity\LogRogue\Packages\System.Text.Encoding.4.3.0\ref\netstandard1.3\zh-hant\System.Text.Encoding.xml", "XML", 0, 0, 0, 0, -1026, 0, 0, 0, 0, 0, 0, 0, 0, 0, 0, -1026
"c:\Users\Torte\Documents\Unity\LogRogue\Packages\System.Text.Encoding.Extensions.4.3.0\ref\netcore50\System.Text.Encoding.Extensions.xml", "XML", 0, 0, 0, 0, -1007, 0, 0, 0, 0, 0, 0, 0, 0, 0, 0, -1007
"c:\Users\Torte\Documents\Unity\LogRogue\Packages\System.Text.Encoding.Extensions.4.3.0\ref\netcore50\de\System.Text.Encoding.Extensions.xml", "XML", 0, 0, 0, 0, -1007, 0, 0, 0, 0, 0, 0, 0, 0, 0, 0, -1007
"c:\Users\Torte\Documents\Unity\LogRogue\Packages\System.Text.Encoding.Extensions.4.3.0\ref\netcore50\es\System.Text.Encoding.Extensions.xml", "XML", 0, 0, 0, 0, -986, 0, 0, 0, 0, 0, 0, 0, 0, 0, 0, -986
"c:\Users\Torte\Documents\Unity\LogRogue\Packages\System.Text.Encoding.Extensions.4.3.0\ref\netcore50\fr\System.Text.Encoding.Extensions.xml", "XML", 0, 0, 0, 0, -1023, 0, 0, 0, 0, 0, 0, 0, 0, 0, 0, -1023
"c:\Users\Torte\Documents\Unity\LogRogue\Packages\System.Text.Encoding.Extensions.4.3.0\ref\netcore50\it\System.Text.Encoding.Extensions.xml", "XML", 0, 0, 0, 0, -1002, 0, 0, 0, 0, 0, 0, 0, 0, 0, 0, -1002
"c:\Users\Torte\Documents\Unity\LogRogue\Packages\System.Text.Encoding.Extensions.4.3.0\ref\netcore50\ja\System.Text.Encoding.Extensions.xml", "XML", 0, 0, 0, 0, -1052, 0, 0, 0, 0, 0, 0, 0, 0, 0, 0, -1052
"c:\Users\Torte\Documents\Unity\LogRogue\Packages\System.Text.Encoding.Extensions.4.3.0\ref\netcore50\ko\System.Text.Encoding.Extensions.xml", "XML", 0, 0, 0, 0, -1053, 0, 0, 0, 0, 0, 0, 0, 0, 0, 0, -1053
"c:\Users\Torte\Documents\Unity\LogRogue\Packages\System.Text.Encoding.Extensions.4.3.0\ref\netcore50\ru\System.Text.Encoding.Extensions.xml", "XML", 0, 0, 0, 0, -959, 0, 0, 0, 0, 0, 0, 0, 0, 0, 0, -959
"c:\Users\Torte\Documents\Unity\LogRogue\Packages\System.Text.Encoding.Extensions.4.3.0\ref\netcore50\zh-hans\System.Text.Encoding.Extensions.xml", "XML", 0, 0, 0, 0, -1009, 0, 0, 0, 0, 0, 0, 0, 0, 0, 0, -1009
"c:\Users\Torte\Documents\Unity\LogRogue\Packages\System.Text.Encoding.Extensions.4.3.0\ref\netcore50\zh-hant\System.Text.Encoding.Extensions.xml", "XML", 0, 0, 0, 0, -1024, 0, 0, 0, 0, 0, 0, 0, 0, 0, 0, -1024
"c:\Users\Torte\Documents\Unity\LogRogue\Packages\System.Text.Encoding.Extensions.4.3.0\ref\netstandard1.0\System.Text.Encoding.Extensions.xml", "XML", 0, 0, 0, 0, -1007, 0, 0, 0, 0, 0, 0, 0, 0, 0, 0, -1007
"c:\Users\Torte\Documents\Unity\LogRogue\Packages\System.Text.Encoding.Extensions.4.3.0\ref\netstandard1.0\de\System.Text.Encoding.Extensions.xml", "XML", 0, 0, 0, 0, -1007, 0, 0, 0, 0, 0, 0, 0, 0, 0, 0, -1007
"c:\Users\Torte\Documents\Unity\LogRogue\Packages\System.Text.Encoding.Extensions.4.3.0\ref\netstandard1.0\es\System.Text.Encoding.Extensions.xml", "XML", 0, 0, 0, 0, -986, 0, 0, 0, 0, 0, 0, 0, 0, 0, 0, -986
"c:\Users\Torte\Documents\Unity\LogRogue\Packages\System.Text.Encoding.Extensions.4.3.0\ref\netstandard1.0\fr\System.Text.Encoding.Extensions.xml", "XML", 0, 0, 0, 0, -1023, 0, 0, 0, 0, 0, 0, 0, 0, 0, 0, -1023
"c:\Users\Torte\Documents\Unity\LogRogue\Packages\System.Text.Encoding.Extensions.4.3.0\ref\netstandard1.0\it\System.Text.Encoding.Extensions.xml", "XML", 0, 0, 0, 0, -1002, 0, 0, 0, 0, 0, 0, 0, 0, 0, 0, -1002
"c:\Users\Torte\Documents\Unity\LogRogue\Packages\System.Text.Encoding.Extensions.4.3.0\ref\netstandard1.0\ja\System.Text.Encoding.Extensions.xml", "XML", 0, 0, 0, 0, -1052, 0, 0, 0, 0, 0, 0, 0, 0, 0, 0, -1052
"c:\Users\Torte\Documents\Unity\LogRogue\Packages\System.Text.Encoding.Extensions.4.3.0\ref\netstandard1.0\ko\System.Text.Encoding.Extensions.xml", "XML", 0, 0, 0, 0, -1053, 0, 0, 0, 0, 0, 0, 0, 0, 0, 0, -1053
"c:\Users\Torte\Documents\Unity\LogRogue\Packages\System.Text.Encoding.Extensions.4.3.0\ref\netstandard1.0\ru\System.Text.Encoding.Extensions.xml", "XML", 0, 0, 0, 0, -959, 0, 0, 0, 0, 0, 0, 0, 0, 0, 0, -959
"c:\Users\Torte\Documents\Unity\LogRogue\Packages\System.Text.Encoding.Extensions.4.3.0\ref\netstandard1.0\zh-hans\System.Text.Encoding.Extensions.xml", "XML", 0, 0, 0, 0, -1009, 0, 0, 0, 0, 0, 0, 0, 0, 0, 0, -1009
"c:\Users\Torte\Documents\Unity\LogRogue\Packages\System.Text.Encoding.Extensions.4.3.0\ref\netstandard1.0\zh-hant\System.Text.Encoding.Extensions.xml", "XML", 0, 0, 0, 0, -1024, 0, 0, 0, 0, 0, 0, 0, 0, 0, 0, -1024
"c:\Users\Torte\Documents\Unity\LogRogue\Packages\System.Text.Encoding.Extensions.4.3.0\ref\netstandard1.3\System.Text.Encoding.Extensions.xml", "XML", 0, 0, 0, 0, -1007, 0, 0, 0, 0, 0, 0, 0, 0, 0, 0, -1007
"c:\Users\Torte\Documents\Unity\LogRogue\Packages\System.Text.Encoding.Extensions.4.3.0\ref\netstandard1.3\de\System.Text.Encoding.Extensions.xml", "XML", 0, 0, 0, 0, -1007, 0, 0, 0, 0, 0, 0, 0, 0, 0, 0, -1007
"c:\Users\Torte\Documents\Unity\LogRogue\Packages\System.Text.Encoding.Extensions.4.3.0\ref\netstandard1.3\es\System.Text.Encoding.Extensions.xml", "XML", 0, 0, 0, 0, -986, 0, 0, 0, 0, 0, 0, 0, 0, 0, 0, -986
"c:\Users\Torte\Documents\Unity\LogRogue\Packages\System.Text.Encoding.Extensions.4.3.0\ref\netstandard1.3\fr\System.Text.Encoding.Extensions.xml", "XML", 0, 0, 0, 0, -1023, 0, 0, 0, 0, 0, 0, 0, 0, 0, 0, -1023
"c:\Users\Torte\Documents\Unity\LogRogue\Packages\System.Text.Encoding.Extensions.4.3.0\ref\netstandard1.3\it\System.Text.Encoding.Extensions.xml", "XML", 0, 0, 0, 0, -1002, 0, 0, 0, 0, 0, 0, 0, 0, 0, 0, -1002
"c:\Users\Torte\Documents\Unity\LogRogue\Packages\System.Text.Encoding.Extensions.4.3.0\ref\netstandard1.3\ja\System.Text.Encoding.Extensions.xml", "XML", 0, 0, 0, 0, -1052, 0, 0, 0, 0, 0, 0, 0, 0, 0, 0, -1052
"c:\Users\Torte\Documents\Unity\LogRogue\Packages\System.Text.Encoding.Extensions.4.3.0\ref\netstandard1.3\ko\System.Text.Encoding.Extensions.xml", "XML", 0, 0, 0, 0, -1053, 0, 0, 0, 0, 0, 0, 0, 0, 0, 0, -1053
"c:\Users\Torte\Documents\Unity\LogRogue\Packages\System.Text.Encoding.Extensions.4.3.0\ref\netstandard1.3\ru\System.Text.Encoding.Extensions.xml", "XML", 0, 0, 0, 0, -959, 0, 0, 0, 0, 0, 0, 0, 0, 0, 0, -959
"c:\Users\Torte\Documents\Unity\LogRogue\Packages\System.Text.Encoding.Extensions.4.3.0\ref\netstandard1.3\zh-hans\System.Text.Encoding.Extensions.xml", "XML", 0, 0, 0, 0, -1009, 0, 0, 0, 0, 0, 0, 0, 0, 0, 0, -1009
"c:\Users\Torte\Documents\Unity\LogRogue\Packages\System.Text.Encoding.Extensions.4.3.0\ref\netstandard1.3\zh-hant\System.Text.Encoding.Extensions.xml", "XML", 0, 0, 0, 0, -1024, 0, 0, 0, 0, 0, 0, 0, 0, 0, 0, -1024
"c:\Users\Torte\Documents\Unity\LogRogue\Packages\System.Text.RegularExpressions.4.3.0\ref\netcore50\System.Text.RegularExpressions.xml", "XML", 0, 0, 0, 0, -844, 0, 0, 0, 0, 0, 0, 0, 0, 0, 0, -844
"c:\Users\Torte\Documents\Unity\LogRogue\Packages\System.Text.RegularExpressions.4.3.0\ref\netcore50\de\System.Text.RegularExpressions.xml", "XML", 0, 0, 0, 0, -844, 0, 0, 0, 0, 0, 0, 0, 0, 0, 0, -844
"c:\Users\Torte\Documents\Unity\LogRogue\Packages\System.Text.RegularExpressions.4.3.0\ref\netcore50\es\System.Text.RegularExpressions.xml", "XML", 0, 0, 0, 0, -808, 0, 0, 0, 0, 0, 0, 0, 0, 0, 0, -808
"c:\Users\Torte\Documents\Unity\LogRogue\Packages\System.Text.RegularExpressions.4.3.0\ref\netcore50\fr\System.Text.RegularExpressions.xml", "XML", 0, 0, 0, 0, -844, 0, 0, 0, 0, 0, 0, 0, 0, 0, 0, -844
"c:\Users\Torte\Documents\Unity\LogRogue\Packages\System.Text.RegularExpressions.4.3.0\ref\netcore50\it\System.Text.RegularExpressions.xml", "XML", 0, 0, 0, 0, -843, 0, 0, 0, 0, 0, 0, 0, 0, 0, 0, -843
"c:\Users\Torte\Documents\Unity\LogRogue\Packages\System.Text.RegularExpressions.4.3.0\ref\netcore50\ja\System.Text.RegularExpressions.xml", "XML", 0, 0, 0, 0, -864, 0, 0, 0, 0, 0, 0, 0, 0, 0, 0, -864
"c:\Users\Torte\Documents\Unity\LogRogue\Packages\System.Text.RegularExpressions.4.3.0\ref\netcore50\ko\System.Text.RegularExpressions.xml", "XML", 0, 0, 0, 0, -863, 0, 0, 0, 0, 0, 0, 0, 0, 0, 0, -863
"c:\Users\Torte\Documents\Unity\LogRogue\Packages\System.Text.RegularExpressions.4.3.0\ref\netcore50\ru\System.Text.RegularExpressions.xml", "XML", 0, 0, 0, 0, -777, 0, 0, 0, 0, 0, 0, 0, 0, 0, 0, -777
"c:\Users\Torte\Documents\Unity\LogRogue\Packages\System.Text.RegularExpressions.4.3.0\ref\netcore50\zh-hans\System.Text.RegularExpressions.xml", "XML", 0, 0, 0, 0, -849, 0, 0, 0, 0, 0, 0, 0, 0, 0, 0, -849
"c:\Users\Torte\Documents\Unity\LogRogue\Packages\System.Text.RegularExpressions.4.3.0\ref\netcore50\zh-hant\System.Text.RegularExpressions.xml", "XML", 0, 0, 0, 0, -852, 0, 0, 0, 0, 0, 0, 0, 0, 0, 0, -852
"c:\Users\Torte\Documents\Unity\LogRogue\Packages\System.Text.RegularExpressions.4.3.0\ref\netstandard1.0\System.Text.RegularExpressions.xml", "XML", 0, 0, 0, 0, -844, 0, 0, 0, 0, 0, 0, 0, 0, 0, 0, -844
"c:\Users\Torte\Documents\Unity\LogRogue\Packages\System.Text.RegularExpressions.4.3.0\ref\netstandard1.0\de\System.Text.RegularExpressions.xml", "XML", 0, 0, 0, 0, -844, 0, 0, 0, 0, 0, 0, 0, 0, 0, 0, -844
"c:\Users\Torte\Documents\Unity\LogRogue\Packages\System.Text.RegularExpressions.4.3.0\ref\netstandard1.0\es\System.Text.RegularExpressions.xml", "XML", 0, 0, 0, 0, -808, 0, 0, 0, 0, 0, 0, 0, 0, 0, 0, -808
"c:\Users\Torte\Documents\Unity\LogRogue\Packages\System.Text.RegularExpressions.4.3.0\ref\netstandard1.0\fr\System.Text.RegularExpressions.xml", "XML", 0, 0, 0, 0, -844, 0, 0, 0, 0, 0, 0, 0, 0, 0, 0, -844
"c:\Users\Torte\Documents\Unity\LogRogue\Packages\System.Text.RegularExpressions.4.3.0\ref\netstandard1.0\it\System.Text.RegularExpressions.xml", "XML", 0, 0, 0, 0, -843, 0, 0, 0, 0, 0, 0, 0, 0, 0, 0, -843
"c:\Users\Torte\Documents\Unity\LogRogue\Packages\System.Text.RegularExpressions.4.3.0\ref\netstandard1.0\ja\System.Text.RegularExpressions.xml", "XML", 0, 0, 0, 0, -864, 0, 0, 0, 0, 0, 0, 0, 0, 0, 0, -864
"c:\Users\Torte\Documents\Unity\LogRogue\Packages\System.Text.RegularExpressions.4.3.0\ref\netstandard1.0\ko\System.Text.RegularExpressions.xml", "XML", 0, 0, 0, 0, -863, 0, 0, 0, 0, 0, 0, 0, 0, 0, 0, -863
"c:\Users\Torte\Documents\Unity\LogRogue\Packages\System.Text.RegularExpressions.4.3.0\ref\netstandard1.0\ru\System.Text.RegularExpressions.xml", "XML", 0, 0, 0, 0, -777, 0, 0, 0, 0, 0, 0, 0, 0, 0, 0, -777
"c:\Users\Torte\Documents\Unity\LogRogue\Packages\System.Text.RegularExpressions.4.3.0\ref\netstandard1.0\zh-hans\System.Text.RegularExpressions.xml", "XML", 0, 0, 0, 0, -849, 0, 0, 0, 0, 0, 0, 0, 0, 0, 0, -849
"c:\Users\Torte\Documents\Unity\LogRogue\Packages\System.Text.RegularExpressions.4.3.0\ref\netstandard1.0\zh-hant\System.Text.RegularExpressions.xml", "XML", 0, 0, 0, 0, -852, 0, 0, 0, 0, 0, 0, 0, 0, 0, 0, -852
"c:\Users\Torte\Documents\Unity\LogRogue\Packages\System.Text.RegularExpressions.4.3.0\ref\netstandard1.3\System.Text.RegularExpressions.xml", "XML", 0, 0, 0, 0, -844, 0, 0, 0, 0, 0, 0, 0, 0, 0, 0, -844
"c:\Users\Torte\Documents\Unity\LogRogue\Packages\System.Text.RegularExpressions.4.3.0\ref\netstandard1.3\de\System.Text.RegularExpressions.xml", "XML", 0, 0, 0, 0, -844, 0, 0, 0, 0, 0, 0, 0, 0, 0, 0, -844
"c:\Users\Torte\Documents\Unity\LogRogue\Packages\System.Text.RegularExpressions.4.3.0\ref\netstandard1.3\es\System.Text.RegularExpressions.xml", "XML", 0, 0, 0, 0, -808, 0, 0, 0, 0, 0, 0, 0, 0, 0, 0, -808
"c:\Users\Torte\Documents\Unity\LogRogue\Packages\System.Text.RegularExpressions.4.3.0\ref\netstandard1.3\fr\System.Text.RegularExpressions.xml", "XML", 0, 0, 0, 0, -844, 0, 0, 0, 0, 0, 0, 0, 0, 0, 0, -844
"c:\Users\Torte\Documents\Unity\LogRogue\Packages\System.Text.RegularExpressions.4.3.0\ref\netstandard1.3\it\System.Text.RegularExpressions.xml", "XML", 0, 0, 0, 0, -843, 0, 0, 0, 0, 0, 0, 0, 0, 0, 0, -843
"c:\Users\Torte\Documents\Unity\LogRogue\Packages\System.Text.RegularExpressions.4.3.0\ref\netstandard1.3\ja\System.Text.RegularExpressions.xml", "XML", 0, 0, 0, 0, -864, 0, 0, 0, 0, 0, 0, 0, 0, 0, 0, -864
"c:\Users\Torte\Documents\Unity\LogRogue\Packages\System.Text.RegularExpressions.4.3.0\ref\netstandard1.3\ko\System.Text.RegularExpressions.xml", "XML", 0, 0, 0, 0, -863, 0, 0, 0, 0, 0, 0, 0, 0, 0, 0, -863
"c:\Users\Torte\Documents\Unity\LogRogue\Packages\System.Text.RegularExpressions.4.3.0\ref\netstandard1.3\ru\System.Text.RegularExpressions.xml", "XML", 0, 0, 0, 0, -777, 0, 0, 0, 0, 0, 0, 0, 0, 0, 0, -777
"c:\Users\Torte\Documents\Unity\LogRogue\Packages\System.Text.RegularExpressions.4.3.0\ref\netstandard1.3\zh-hans\System.Text.RegularExpressions.xml", "XML", 0, 0, 0, 0, -849, 0, 0, 0, 0, 0, 0, 0, 0, 0, 0, -849
"c:\Users\Torte\Documents\Unity\LogRogue\Packages\System.Text.RegularExpressions.4.3.0\ref\netstandard1.3\zh-hant\System.Text.RegularExpressions.xml", "XML", 0, 0, 0, 0, -852, 0, 0, 0, 0, 0, 0, 0, 0, 0, 0, -852
"c:\Users\Torte\Documents\Unity\LogRogue\Packages\System.Text.RegularExpressions.4.3.0\ref\netstandard1.6\System.Text.RegularExpressions.xml", "XML", 0, 0, 0, 0, -844, 0, 0, 0, 0, 0, 0, 0, 0, 0, 0, -844
"c:\Users\Torte\Documents\Unity\LogRogue\Packages\System.Text.RegularExpressions.4.3.0\ref\netstandard1.6\de\System.Text.RegularExpressions.xml", "XML", 0, 0, 0, 0, -844, 0, 0, 0, 0, 0, 0, 0, 0, 0, 0, -844
"c:\Users\Torte\Documents\Unity\LogRogue\Packages\System.Text.RegularExpressions.4.3.0\ref\netstandard1.6\es\System.Text.RegularExpressions.xml", "XML", 0, 0, 0, 0, -808, 0, 0, 0, 0, 0, 0, 0, 0, 0, 0, -808
"c:\Users\Torte\Documents\Unity\LogRogue\Packages\System.Text.RegularExpressions.4.3.0\ref\netstandard1.6\fr\System.Text.RegularExpressions.xml", "XML", 0, 0, 0, 0, -844, 0, 0, 0, 0, 0, 0, 0, 0, 0, 0, -844
"c:\Users\Torte\Documents\Unity\LogRogue\Packages\System.Text.RegularExpressions.4.3.0\ref\netstandard1.6\it\System.Text.RegularExpressions.xml", "XML", 0, 0, 0, 0, -843, 0, 0, 0, 0, 0, 0, 0, 0, 0, 0, -843
"c:\Users\Torte\Documents\Unity\LogRogue\Packages\System.Text.RegularExpressions.4.3.0\ref\netstandard1.6\ja\System.Text.RegularExpressions.xml", "XML", 0, 0, 0, 0, -864, 0, 0, 0, 0, 0, 0, 0, 0, 0, 0, -864
"c:\Users\Torte\Documents\Unity\LogRogue\Packages\System.Text.RegularExpressions.4.3.0\ref\netstandard1.6\ko\System.Text.RegularExpressions.xml", "XML", 0, 0, 0, 0, -863, 0, 0, 0, 0, 0, 0, 0, 0, 0, 0, -863
"c:\Users\Torte\Documents\Unity\LogRogue\Packages\System.Text.RegularExpressions.4.3.0\ref\netstandard1.6\ru\System.Text.RegularExpressions.xml", "XML", 0, 0, 0, 0, -777, 0, 0, 0, 0, 0, 0, 0, 0, 0, 0, -777
"c:\Users\Torte\Documents\Unity\LogRogue\Packages\System.Text.RegularExpressions.4.3.0\ref\netstandard1.6\zh-hans\System.Text.RegularExpressions.xml", "XML", 0, 0, 0, 0, -849, 0, 0, 0, 0, 0, 0, 0, 0, 0, 0, -849
"c:\Users\Torte\Documents\Unity\LogRogue\Packages\System.Text.RegularExpressions.4.3.0\ref\netstandard1.6\zh-hant\System.Text.RegularExpressions.xml", "XML", 0, 0, 0, 0, -852, 0, 0, 0, 0, 0, 0, 0, 0, 0, 0, -852
"c:\Users\Torte\Documents\Unity\LogRogue\Packages\System.Threading.4.3.0\ref\netcore50\System.Threading.xml", "XML", 0, 0, 0, 0, -1797, 0, 0, 0, 0, 0, 0, 0, 0, 0, 0, -1797
"c:\Users\Torte\Documents\Unity\LogRogue\Packages\System.Threading.4.3.0\ref\netcore50\de\System.Threading.xml", "XML", 0, 0, 0, 0, -1799, 0, 0, 0, 0, 0, 0, 0, 0, 0, 0, -1799
"c:\Users\Torte\Documents\Unity\LogRogue\Packages\System.Threading.4.3.0\ref\netcore50\es\System.Threading.xml", "XML", 0, 0, 0, 0, -1803, 0, 0, 0, 0, 0, 0, 0, 0, 0, 0, -1803
"c:\Users\Torte\Documents\Unity\LogRogue\Packages\System.Threading.4.3.0\ref\netcore50\fr\System.Threading.xml", "XML", 0, 0, 0, 0, -1833, 0, 0, 0, 0, 0, 0, 0, 0, 0, 0, -1833
"c:\Users\Torte\Documents\Unity\LogRogue\Packages\System.Threading.4.3.0\ref\netcore50\it\System.Threading.xml", "XML", 0, 0, 0, 0, -1800, 0, 0, 0, 0, 0, 0, 0, 0, 0, 0, -1800
"c:\Users\Torte\Documents\Unity\LogRogue\Packages\System.Threading.4.3.0\ref\netcore50\ja\System.Threading.xml", "XML", 0, 0, 0, 0, -1950, 0, 0, 0, 0, 0, 0, 0, 0, 0, 0, -1950
"c:\Users\Torte\Documents\Unity\LogRogue\Packages\System.Threading.4.3.0\ref\netcore50\ko\System.Threading.xml", "XML", 0, 0, 0, 0, -1952, 0, 0, 0, 0, 0, 0, 0, 0, 0, 0, -1952
"c:\Users\Torte\Documents\Unity\LogRogue\Packages\System.Threading.4.3.0\ref\netcore50\ru\System.Threading.xml", "XML", 0, 0, 0, 0, -1761, 0, 0, 0, 0, 0, 0, 0, 0, 0, 0, -1761
"c:\Users\Torte\Documents\Unity\LogRogue\Packages\System.Threading.4.3.0\ref\netcore50\zh-hans\System.Threading.xml", "XML", 0, 0, 0, 0, -1854, 0, 0, 0, 0, 0, 0, 0, 0, 0, 0, -1854
"c:\Users\Torte\Documents\Unity\LogRogue\Packages\System.Threading.4.3.0\ref\netcore50\zh-hant\System.Threading.xml", "XML", 0, 0, 0, 0, -1885, 0, 0, 0, 0, 0, 0, 0, 0, 0, 0, -1885
"c:\Users\Torte\Documents\Unity\LogRogue\Packages\System.Threading.4.3.0\ref\netstandard1.0\System.Threading.xml", "XML", 0, 0, 0, 0, -1797, 0, 0, 0, 0, 0, 0, 0, 0, 0, 0, -1797
"c:\Users\Torte\Documents\Unity\LogRogue\Packages\System.Threading.4.3.0\ref\netstandard1.0\de\System.Threading.xml", "XML", 0, 0, 0, 0, -1799, 0, 0, 0, 0, 0, 0, 0, 0, 0, 0, -1799
"c:\Users\Torte\Documents\Unity\LogRogue\Packages\System.Threading.4.3.0\ref\netstandard1.0\es\System.Threading.xml", "XML", 0, 0, 0, 0, -1803, 0, 0, 0, 0, 0, 0, 0, 0, 0, 0, -1803
"c:\Users\Torte\Documents\Unity\LogRogue\Packages\System.Threading.4.3.0\ref\netstandard1.0\fr\System.Threading.xml", "XML", 0, 0, 0, 0, -1833, 0, 0, 0, 0, 0, 0, 0, 0, 0, 0, -1833
"c:\Users\Torte\Documents\Unity\LogRogue\Packages\System.Threading.4.3.0\ref\netstandard1.0\it\System.Threading.xml", "XML", 0, 0, 0, 0, -1800, 0, 0, 0, 0, 0, 0, 0, 0, 0, 0, -1800
"c:\Users\Torte\Documents\Unity\LogRogue\Packages\System.Threading.4.3.0\ref\netstandard1.0\ja\System.Threading.xml", "XML", 0, 0, 0, 0, -1950, 0, 0, 0, 0, 0, 0, 0, 0, 0, 0, -1950
"c:\Users\Torte\Documents\Unity\LogRogue\Packages\System.Threading.4.3.0\ref\netstandard1.0\ko\System.Threading.xml", "XML", 0, 0, 0, 0, -1952, 0, 0, 0, 0, 0, 0, 0, 0, 0, 0, -1952
"c:\Users\Torte\Documents\Unity\LogRogue\Packages\System.Threading.4.3.0\ref\netstandard1.0\ru\System.Threading.xml", "XML", 0, 0, 0, 0, -1761, 0, 0, 0, 0, 0, 0, 0, 0, 0, 0, -1761
"c:\Users\Torte\Documents\Unity\LogRogue\Packages\System.Threading.4.3.0\ref\netstandard1.0\zh-hans\System.Threading.xml", "XML", 0, 0, 0, 0, -1854, 0, 0, 0, 0, 0, 0, 0, 0, 0, 0, -1854
"c:\Users\Torte\Documents\Unity\LogRogue\Packages\System.Threading.4.3.0\ref\netstandard1.0\zh-hant\System.Threading.xml", "XML", 0, 0, 0, 0, -1885, 0, 0, 0, 0, 0, 0, 0, 0, 0, 0, -1885
"c:\Users\Torte\Documents\Unity\LogRogue\Packages\System.Threading.4.3.0\ref\netstandard1.3\System.Threading.xml", "XML", 0, 0, 0, 0, -1797, 0, 0, 0, 0, 0, 0, 0, 0, 0, 0, -1797
"c:\Users\Torte\Documents\Unity\LogRogue\Packages\System.Threading.4.3.0\ref\netstandard1.3\de\System.Threading.xml", "XML", 0, 0, 0, 0, -1799, 0, 0, 0, 0, 0, 0, 0, 0, 0, 0, -1799
"c:\Users\Torte\Documents\Unity\LogRogue\Packages\System.Threading.4.3.0\ref\netstandard1.3\es\System.Threading.xml", "XML", 0, 0, 0, 0, -1803, 0, 0, 0, 0, 0, 0, 0, 0, 0, 0, -1803
"c:\Users\Torte\Documents\Unity\LogRogue\Packages\System.Threading.4.3.0\ref\netstandard1.3\fr\System.Threading.xml", "XML", 0, 0, 0, 0, -1833, 0, 0, 0, 0, 0, 0, 0, 0, 0, 0, -1833
"c:\Users\Torte\Documents\Unity\LogRogue\Packages\System.Threading.4.3.0\ref\netstandard1.3\it\System.Threading.xml", "XML", 0, 0, 0, 0, -1800, 0, 0, 0, 0, 0, 0, 0, 0, 0, 0, -1800
"c:\Users\Torte\Documents\Unity\LogRogue\Packages\System.Threading.4.3.0\ref\netstandard1.3\ja\System.Threading.xml", "XML", 0, 0, 0, 0, -1950, 0, 0, 0, 0, 0, 0, 0, 0, 0, 0, -1950
"c:\Users\Torte\Documents\Unity\LogRogue\Packages\System.Threading.4.3.0\ref\netstandard1.3\ko\System.Threading.xml", "XML", 0, 0, 0, 0, -1952, 0, 0, 0, 0, 0, 0, 0, 0, 0, 0, -1952
"c:\Users\Torte\Documents\Unity\LogRogue\Packages\System.Threading.4.3.0\ref\netstandard1.3\ru\System.Threading.xml", "XML", 0, 0, 0, 0, -1761, 0, 0, 0, 0, 0, 0, 0, 0, 0, 0, -1761
"c:\Users\Torte\Documents\Unity\LogRogue\Packages\System.Threading.4.3.0\ref\netstandard1.3\zh-hans\System.Threading.xml", "XML", 0, 0, 0, 0, -1854, 0, 0, 0, 0, 0, 0, 0, 0, 0, 0, -1854
"c:\Users\Torte\Documents\Unity\LogRogue\Packages\System.Threading.4.3.0\ref\netstandard1.3\zh-hant\System.Threading.xml", "XML", 0, 0, 0, 0, -1885, 0, 0, 0, 0, 0, 0, 0, 0, 0, 0, -1885
"c:\Users\Torte\Documents\Unity\LogRogue\Packages\System.Threading.Tasks.4.3.0\ref\netcore50\System.Threading.Tasks.xml", "XML", 0, 0, 0, 0, -3163, 0, 0, 0, 0, 0, 0, 0, 0, 0, 0, -3163
"c:\Users\Torte\Documents\Unity\LogRogue\Packages\System.Threading.Tasks.4.3.0\ref\netcore50\de\System.Threading.Tasks.xml", "XML", 0, 0, 0, 0, -3168, 0, 0, 0, 0, 0, 0, 0, 0, 0, 0, -3168
"c:\Users\Torte\Documents\Unity\LogRogue\Packages\System.Threading.Tasks.4.3.0\ref\netcore50\es\System.Threading.Tasks.xml", "XML", 0, 0, 0, 0, -3175, 0, 0, 0, 0, 0, 0, 0, 0, 0, 0, -3175
"c:\Users\Torte\Documents\Unity\LogRogue\Packages\System.Threading.Tasks.4.3.0\ref\netcore50\fr\System.Threading.Tasks.xml", "XML", 0, 0, 0, 0, -3309, 0, 0, 0, 0, 0, 0, 0, 0, 0, 0, -3309
"c:\Users\Torte\Documents\Unity\LogRogue\Packages\System.Threading.Tasks.4.3.0\ref\netcore50\it\System.Threading.Tasks.xml", "XML", 0, 0, 0, 0, -3172, 0, 0, 0, 0, 0, 0, 0, 0, 0, 0, -3172
"c:\Users\Torte\Documents\Unity\LogRogue\Packages\System.Threading.Tasks.4.3.0\ref\netcore50\ja\System.Threading.Tasks.xml", "XML", 0, 0, 0, 0, -3758, 0, 0, 0, 0, 0, 0, 0, 0, 0, 0, -3758
"c:\Users\Torte\Documents\Unity\LogRogue\Packages\System.Threading.Tasks.4.3.0\ref\netcore50\ko\System.Threading.Tasks.xml", "XML", 0, 0, 0, 0, -3760, 0, 0, 0, 0, 0, 0, 0, 0, 0, 0, -3760
"c:\Users\Torte\Documents\Unity\LogRogue\Packages\System.Threading.Tasks.4.3.0\ref\netcore50\ru\System.Threading.Tasks.xml", "XML", 0, 0, 0, 0, -3156, 0, 0, 0, 0, 0, 0, 0, 0, 0, 0, -3156
"c:\Users\Torte\Documents\Unity\LogRogue\Packages\System.Threading.Tasks.4.3.0\ref\netcore50\zh-hans\System.Threading.Tasks.xml", "XML", 0, 0, 0, 0, -3378, 0, 0, 0, 0, 0, 0, 0, 0, 0, 0, -3378
"c:\Users\Torte\Documents\Unity\LogRogue\Packages\System.Threading.Tasks.4.3.0\ref\netcore50\zh-hant\System.Threading.Tasks.xml", "XML", 0, 0, 0, 0, -3422, 0, 0, 0, 0, 0, 0, 0, 0, 0, 0, -3422
"c:\Users\Torte\Documents\Unity\LogRogue\Packages\System.Threading.Tasks.4.3.0\ref\netstandard1.0\System.Threading.Tasks.xml", "XML", 0, 0, 0, 0, -3163, 0, 0, 0, 0, 0, 0, 0, 0, 0, 0, -3163
"c:\Users\Torte\Documents\Unity\LogRogue\Packages\System.Threading.Tasks.4.3.0\ref\netstandard1.0\de\System.Threading.Tasks.xml", "XML", 0, 0, 0, 0, -3168, 0, 0, 0, 0, 0, 0, 0, 0, 0, 0, -3168
"c:\Users\Torte\Documents\Unity\LogRogue\Packages\System.Threading.Tasks.4.3.0\ref\netstandard1.0\es\System.Threading.Tasks.xml", "XML", 0, 0, 0, 0, -3175, 0, 0, 0, 0, 0, 0, 0, 0, 0, 0, -3175
"c:\Users\Torte\Documents\Unity\LogRogue\Packages\System.Threading.Tasks.4.3.0\ref\netstandard1.0\fr\System.Threading.Tasks.xml", "XML", 0, 0, 0, 0, -3309, 0, 0, 0, 0, 0, 0, 0, 0, 0, 0, -3309
"c:\Users\Torte\Documents\Unity\LogRogue\Packages\System.Threading.Tasks.4.3.0\ref\netstandard1.0\it\System.Threading.Tasks.xml", "XML", 0, 0, 0, 0, -3172, 0, 0, 0, 0, 0, 0, 0, 0, 0, 0, -3172
"c:\Users\Torte\Documents\Unity\LogRogue\Packages\System.Threading.Tasks.4.3.0\ref\netstandard1.0\ja\System.Threading.Tasks.xml", "XML", 0, 0, 0, 0, -3758, 0, 0, 0, 0, 0, 0, 0, 0, 0, 0, -3758
"c:\Users\Torte\Documents\Unity\LogRogue\Packages\System.Threading.Tasks.4.3.0\ref\netstandard1.0\ko\System.Threading.Tasks.xml", "XML", 0, 0, 0, 0, -3760, 0, 0, 0, 0, 0, 0, 0, 0, 0, 0, -3760
"c:\Users\Torte\Documents\Unity\LogRogue\Packages\System.Threading.Tasks.4.3.0\ref\netstandard1.0\ru\System.Threading.Tasks.xml", "XML", 0, 0, 0, 0, -3156, 0, 0, 0, 0, 0, 0, 0, 0, 0, 0, -3156
"c:\Users\Torte\Documents\Unity\LogRogue\Packages\System.Threading.Tasks.4.3.0\ref\netstandard1.0\zh-hans\System.Threading.Tasks.xml", "XML", 0, 0, 0, 0, -3378, 0, 0, 0, 0, 0, 0, 0, 0, 0, 0, -3378
"c:\Users\Torte\Documents\Unity\LogRogue\Packages\System.Threading.Tasks.4.3.0\ref\netstandard1.0\zh-hant\System.Threading.Tasks.xml", "XML", 0, 0, 0, 0, -3422, 0, 0, 0, 0, 0, 0, 0, 0, 0, 0, -3422
"c:\Users\Torte\Documents\Unity\LogRogue\Packages\System.Threading.Tasks.4.3.0\ref\netstandard1.3\System.Threading.Tasks.xml", "XML", 0, 0, 0, 0, -3163, 0, 0, 0, 0, 0, 0, 0, 0, 0, 0, -3163
"c:\Users\Torte\Documents\Unity\LogRogue\Packages\System.Threading.Tasks.4.3.0\ref\netstandard1.3\de\System.Threading.Tasks.xml", "XML", 0, 0, 0, 0, -3168, 0, 0, 0, 0, 0, 0, 0, 0, 0, 0, -3168
"c:\Users\Torte\Documents\Unity\LogRogue\Packages\System.Threading.Tasks.4.3.0\ref\netstandard1.3\es\System.Threading.Tasks.xml", "XML", 0, 0, 0, 0, -3175, 0, 0, 0, 0, 0, 0, 0, 0, 0, 0, -3175
"c:\Users\Torte\Documents\Unity\LogRogue\Packages\System.Threading.Tasks.4.3.0\ref\netstandard1.3\fr\System.Threading.Tasks.xml", "XML", 0, 0, 0, 0, -3309, 0, 0, 0, 0, 0, 0, 0, 0, 0, 0, -3309
"c:\Users\Torte\Documents\Unity\LogRogue\Packages\System.Threading.Tasks.4.3.0\ref\netstandard1.3\it\System.Threading.Tasks.xml", "XML", 0, 0, 0, 0, -3172, 0, 0, 0, 0, 0, 0, 0, 0, 0, 0, -3172
"c:\Users\Torte\Documents\Unity\LogRogue\Packages\System.Threading.Tasks.4.3.0\ref\netstandard1.3\ja\System.Threading.Tasks.xml", "XML", 0, 0, 0, 0, -3758, 0, 0, 0, 0, 0, 0, 0, 0, 0, 0, -3758
"c:\Users\Torte\Documents\Unity\LogRogue\Packages\System.Threading.Tasks.4.3.0\ref\netstandard1.3\ko\System.Threading.Tasks.xml", "XML", 0, 0, 0, 0, -3760, 0, 0, 0, 0, 0, 0, 0, 0, 0, 0, -3760
"c:\Users\Torte\Documents\Unity\LogRogue\Packages\System.Threading.Tasks.4.3.0\ref\netstandard1.3\ru\System.Threading.Tasks.xml", "XML", 0, 0, 0, 0, -3156, 0, 0, 0, 0, 0, 0, 0, 0, 0, 0, -3156
"c:\Users\Torte\Documents\Unity\LogRogue\Packages\System.Threading.Tasks.4.3.0\ref\netstandard1.3\zh-hans\System.Threading.Tasks.xml", "XML", 0, 0, 0, 0, -3378, 0, 0, 0, 0, 0, 0, 0, 0, 0, 0, -3378
"c:\Users\Torte\Documents\Unity\LogRogue\Packages\System.Threading.Tasks.4.3.0\ref\netstandard1.3\zh-hant\System.Threading.Tasks.xml", "XML", 0, 0, 0, 0, -3422, 0, 0, 0, 0, 0, 0, 0, 0, 0, 0, -3422
"c:\Users\Torte\Documents\Unity\LogRogue\Packages\System.Threading.Timer.4.3.0\ref\netcore50\System.Threading.Timer.xml", "XML", 0, 0, 0, 0, -58, 0, 0, 0, 0, 0, 0, 0, 0, 0, 0, -58
"c:\Users\Torte\Documents\Unity\LogRogue\Packages\System.Threading.Timer.4.3.0\ref\netcore50\de\System.Threading.Timer.xml", "XML", 0, 0, 0, 0, -58, 0, 0, 0, 0, 0, 0, 0, 0, 0, 0, -58
"c:\Users\Torte\Documents\Unity\LogRogue\Packages\System.Threading.Timer.4.3.0\ref\netcore50\es\System.Threading.Timer.xml", "XML", 0, 0, 0, 0, -59, 0, 0, 0, 0, 0, 0, 0, 0, 0, 0, -59
"c:\Users\Torte\Documents\Unity\LogRogue\Packages\System.Threading.Timer.4.3.0\ref\netcore50\fr\System.Threading.Timer.xml", "XML", 0, 0, 0, 0, -59, 0, 0, 0, 0, 0, 0, 0, 0, 0, 0, -59
"c:\Users\Torte\Documents\Unity\LogRogue\Packages\System.Threading.Timer.4.3.0\ref\netcore50\it\System.Threading.Timer.xml", "XML", 0, 0, 0, 0, -58, 0, 0, 0, 0, 0, 0, 0, 0, 0, 0, -58
"c:\Users\Torte\Documents\Unity\LogRogue\Packages\System.Threading.Timer.4.3.0\ref\netcore50\ja\System.Threading.Timer.xml", "XML", 0, 0, 0, 0, -68, 0, 0, 0, 0, 0, 0, 0, 0, 0, 0, -68
"c:\Users\Torte\Documents\Unity\LogRogue\Packages\System.Threading.Timer.4.3.0\ref\netcore50\ko\System.Threading.Timer.xml", "XML", 0, 0, 0, 0, -70, 0, 0, 0, 0, 0, 0, 0, 0, 0, 0, -70
"c:\Users\Torte\Documents\Unity\LogRogue\Packages\System.Threading.Timer.4.3.0\ref\netcore50\ru\System.Threading.Timer.xml", "XML", 0, 0, 0, 0, -58, 0, 0, 0, 0, 0, 0, 0, 0, 0, 0, -58
"c:\Users\Torte\Documents\Unity\LogRogue\Packages\System.Threading.Timer.4.3.0\ref\netcore50\zh-hans\System.Threading.Timer.xml", "XML", 0, 0, 0, 0, -59, 0, 0, 0, 0, 0, 0, 0, 0, 0, 0, -59
"c:\Users\Torte\Documents\Unity\LogRogue\Packages\System.Threading.Timer.4.3.0\ref\netcore50\zh-hant\System.Threading.Timer.xml", "XML", 0, 0, 0, 0, -62, 0, 0, 0, 0, 0, 0, 0, 0, 0, 0, -62
"c:\Users\Torte\Documents\Unity\LogRogue\Packages\System.Threading.Timer.4.3.0\ref\netstandard1.2\System.Threading.Timer.xml", "XML", 0, 0, 0, 0, -58, 0, 0, 0, 0, 0, 0, 0, 0, 0, 0, -58
"c:\Users\Torte\Documents\Unity\LogRogue\Packages\System.Threading.Timer.4.3.0\ref\netstandard1.2\de\System.Threading.Timer.xml", "XML", 0, 0, 0, 0, -58, 0, 0, 0, 0, 0, 0, 0, 0, 0, 0, -58
"c:\Users\Torte\Documents\Unity\LogRogue\Packages\System.Threading.Timer.4.3.0\ref\netstandard1.2\es\System.Threading.Timer.xml", "XML", 0, 0, 0, 0, -59, 0, 0, 0, 0, 0, 0, 0, 0, 0, 0, -59
"c:\Users\Torte\Documents\Unity\LogRogue\Packages\System.Threading.Timer.4.3.0\ref\netstandard1.2\fr\System.Threading.Timer.xml", "XML", 0, 0, 0, 0, -59, 0, 0, 0, 0, 0, 0, 0, 0, 0, 0, -59
"c:\Users\Torte\Documents\Unity\LogRogue\Packages\System.Threading.Timer.4.3.0\ref\netstandard1.2\it\System.Threading.Timer.xml", "XML", 0, 0, 0, 0, -58, 0, 0, 0, 0, 0, 0, 0, 0, 0, 0, -58
"c:\Users\Torte\Documents\Unity\LogRogue\Packages\System.Threading.Timer.4.3.0\ref\netstandard1.2\ja\System.Threading.Timer.xml", "XML", 0, 0, 0, 0, -68, 0, 0, 0, 0, 0, 0, 0, 0, 0, 0, -68
"c:\Users\Torte\Documents\Unity\LogRogue\Packages\System.Threading.Timer.4.3.0\ref\netstandard1.2\ko\System.Threading.Timer.xml", "XML", 0, 0, 0, 0, -70, 0, 0, 0, 0, 0, 0, 0, 0, 0, 0, -70
"c:\Users\Torte\Documents\Unity\LogRogue\Packages\System.Threading.Timer.4.3.0\ref\netstandard1.2\ru\System.Threading.Timer.xml", "XML", 0, 0, 0, 0, -58, 0, 0, 0, 0, 0, 0, 0, 0, 0, 0, -58
"c:\Users\Torte\Documents\Unity\LogRogue\Packages\System.Threading.Timer.4.3.0\ref\netstandard1.2\zh-hans\System.Threading.Timer.xml", "XML", 0, 0, 0, 0, -59, 0, 0, 0, 0, 0, 0, 0, 0, 0, 0, -59
"c:\Users\Torte\Documents\Unity\LogRogue\Packages\System.Threading.Timer.4.3.0\ref\netstandard1.2\zh-hant\System.Threading.Timer.xml", "XML", 0, 0, 0, 0, -62, 0, 0, 0, 0, 0, 0, 0, 0, 0, 0, -62
"c:\Users\Torte\Documents\Unity\LogRogue\Packages\System.Xml.ReaderWriter.4.3.0\ref\netcore50\System.Xml.ReaderWriter.xml", "XML", 0, 0, 0, 0, -2608, 0, 0, 0, 0, 0, 0, 0, 0, 0, 0, -2608
"c:\Users\Torte\Documents\Unity\LogRogue\Packages\System.Xml.ReaderWriter.4.3.0\ref\netcore50\de\System.Xml.ReaderWriter.xml", "XML", 0, 0, 0, 0, -2602, 0, 0, 0, 0, 0, 0, 0, 0, 0, 0, -2602
"c:\Users\Torte\Documents\Unity\LogRogue\Packages\System.Xml.ReaderWriter.4.3.0\ref\netcore50\es\System.Xml.ReaderWriter.xml", "XML", 0, 0, 0, 0, -2636, 0, 0, 0, 0, 0, 0, 0, 0, 0, 0, -2636
"c:\Users\Torte\Documents\Unity\LogRogue\Packages\System.Xml.ReaderWriter.4.3.0\ref\netcore50\fr\System.Xml.ReaderWriter.xml", "XML", 0, 0, 0, 0, -2659, 0, 0, 0, 0, 0, 0, 0, 0, 0, 0, -2659
"c:\Users\Torte\Documents\Unity\LogRogue\Packages\System.Xml.ReaderWriter.4.3.0\ref\netcore50\it\System.Xml.ReaderWriter.xml", "XML", 0, 0, 0, 0, -2611, 0, 0, 0, 0, 0, 0, 0, 0, 0, 0, -2611
"c:\Users\Torte\Documents\Unity\LogRogue\Packages\System.Xml.ReaderWriter.4.3.0\ref\netcore50\ja\System.Xml.ReaderWriter.xml", "XML", 0, 0, 0, 0, -2897, 0, 0, 0, 0, 0, 0, 0, 0, 0, 0, -2897
"c:\Users\Torte\Documents\Unity\LogRogue\Packages\System.Xml.ReaderWriter.4.3.0\ref\netcore50\ko\System.Xml.ReaderWriter.xml", "XML", 0, 0, 0, 0, -2766, 0, 0, 0, 0, 0, 0, 0, 0, 0, 0, -2766
"c:\Users\Torte\Documents\Unity\LogRogue\Packages\System.Xml.ReaderWriter.4.3.0\ref\netcore50\ru\System.Xml.ReaderWriter.xml", "XML", 0, 0, 0, 0, -2600, 0, 0, 0, 0, 0, 0, 0, 0, 0, 0, -2600
"c:\Users\Torte\Documents\Unity\LogRogue\Packages\System.Xml.ReaderWriter.4.3.0\ref\netcore50\zh-hans\System.Xml.ReaderWriter.xml", "XML", 0, 0, 0, 0, -2665, 0, 0, 0, 0, 0, 0, 0, 0, 0, 0, -2665
"c:\Users\Torte\Documents\Unity\LogRogue\Packages\System.Xml.ReaderWriter.4.3.0\ref\netcore50\zh-hant\System.Xml.ReaderWriter.xml", "XML", 0, 0, 0, 0, -2688, 0, 0, 0, 0, 0, 0, 0, 0, 0, 0, -2688
"c:\Users\Torte\Documents\Unity\LogRogue\Packages\System.Xml.ReaderWriter.4.3.0\ref\netstandard1.0\System.Xml.ReaderWriter.xml", "XML", 0, 0, 0, 0, -2608, 0, 0, 0, 0, 0, 0, 0, 0, 0, 0, -2608
"c:\Users\Torte\Documents\Unity\LogRogue\Packages\System.Xml.ReaderWriter.4.3.0\ref\netstandard1.0\de\System.Xml.ReaderWriter.xml", "XML", 0, 0, 0, 0, -2602, 0, 0, 0, 0, 0, 0, 0, 0, 0, 0, -2602
"c:\Users\Torte\Documents\Unity\LogRogue\Packages\System.Xml.ReaderWriter.4.3.0\ref\netstandard1.0\es\System.Xml.ReaderWriter.xml", "XML", 0, 0, 0, 0, -2636, 0, 0, 0, 0, 0, 0, 0, 0, 0, 0, -2636
"c:\Users\Torte\Documents\Unity\LogRogue\Packages\System.Xml.ReaderWriter.4.3.0\ref\netstandard1.0\fr\System.Xml.ReaderWriter.xml", "XML", 0, 0, 0, 0, -2659, 0, 0, 0, 0, 0, 0, 0, 0, 0, 0, -2659
"c:\Users\Torte\Documents\Unity\LogRogue\Packages\System.Xml.ReaderWriter.4.3.0\ref\netstandard1.0\it\System.Xml.ReaderWriter.xml", "XML", 0, 0, 0, 0, -2611, 0, 0, 0, 0, 0, 0, 0, 0, 0, 0, -2611
"c:\Users\Torte\Documents\Unity\LogRogue\Packages\System.Xml.ReaderWriter.4.3.0\ref\netstandard1.0\ja\System.Xml.ReaderWriter.xml", "XML", 0, 0, 0, 0, -2897, 0, 0, 0, 0, 0, 0, 0, 0, 0, 0, -2897
"c:\Users\Torte\Documents\Unity\LogRogue\Packages\System.Xml.ReaderWriter.4.3.0\ref\netstandard1.0\ko\System.Xml.ReaderWriter.xml", "XML", 0, 0, 0, 0, -2766, 0, 0, 0, 0, 0, 0, 0, 0, 0, 0, -2766
"c:\Users\Torte\Documents\Unity\LogRogue\Packages\System.Xml.ReaderWriter.4.3.0\ref\netstandard1.0\ru\System.Xml.ReaderWriter.xml", "XML", 0, 0, 0, 0, -2600, 0, 0, 0, 0, 0, 0, 0, 0, 0, 0, -2600
"c:\Users\Torte\Documents\Unity\LogRogue\Packages\System.Xml.ReaderWriter.4.3.0\ref\netstandard1.0\zh-hans\System.Xml.ReaderWriter.xml", "XML", 0, 0, 0, 0, -2665, 0, 0, 0, 0, 0, 0, 0, 0, 0, 0, -2665
"c:\Users\Torte\Documents\Unity\LogRogue\Packages\System.Xml.ReaderWriter.4.3.0\ref\netstandard1.0\zh-hant\System.Xml.ReaderWriter.xml", "XML", 0, 0, 0, 0, -2688, 0, 0, 0, 0, 0, 0, 0, 0, 0, 0, -2688
"c:\Users\Torte\Documents\Unity\LogRogue\Packages\System.Xml.ReaderWriter.4.3.0\ref\netstandard1.3\System.Xml.ReaderWriter.xml", "XML", 0, 0, 0, 0, -2608, 0, 0, 0, 0, 0, 0, 0, 0, 0, 0, -2608
"c:\Users\Torte\Documents\Unity\LogRogue\Packages\System.Xml.ReaderWriter.4.3.0\ref\netstandard1.3\de\System.Xml.ReaderWriter.xml", "XML", 0, 0, 0, 0, -2602, 0, 0, 0, 0, 0, 0, 0, 0, 0, 0, -2602
"c:\Users\Torte\Documents\Unity\LogRogue\Packages\System.Xml.ReaderWriter.4.3.0\ref\netstandard1.3\es\System.Xml.ReaderWriter.xml", "XML", 0, 0, 0, 0, -2636, 0, 0, 0, 0, 0, 0, 0, 0, 0, 0, -2636
"c:\Users\Torte\Documents\Unity\LogRogue\Packages\System.Xml.ReaderWriter.4.3.0\ref\netstandard1.3\fr\System.Xml.ReaderWriter.xml", "XML", 0, 0, 0, 0, -2659, 0, 0, 0, 0, 0, 0, 0, 0, 0, 0, -2659
"c:\Users\Torte\Documents\Unity\LogRogue\Packages\System.Xml.ReaderWriter.4.3.0\ref\netstandard1.3\it\System.Xml.ReaderWriter.xml", "XML", 0, 0, 0, 0, -2611, 0, 0, 0, 0, 0, 0, 0, 0, 0, 0, -2611
"c:\Users\Torte\Documents\Unity\LogRogue\Packages\System.Xml.ReaderWriter.4.3.0\ref\netstandard1.3\ja\System.Xml.ReaderWriter.xml", "XML", 0, 0, 0, 0, -2897, 0, 0, 0, 0, 0, 0, 0, 0, 0, 0, -2897
"c:\Users\Torte\Documents\Unity\LogRogue\Packages\System.Xml.ReaderWriter.4.3.0\ref\netstandard1.3\ko\System.Xml.ReaderWriter.xml", "XML", 0, 0, 0, 0, -2766, 0, 0, 0, 0, 0, 0, 0, 0, 0, 0, -2766
"c:\Users\Torte\Documents\Unity\LogRogue\Packages\System.Xml.ReaderWriter.4.3.0\ref\netstandard1.3\ru\System.Xml.ReaderWriter.xml", "XML", 0, 0, 0, 0, -2600, 0, 0, 0, 0, 0, 0, 0, 0, 0, 0, -2600
"c:\Users\Torte\Documents\Unity\LogRogue\Packages\System.Xml.ReaderWriter.4.3.0\ref\netstandard1.3\zh-hans\System.Xml.ReaderWriter.xml", "XML", 0, 0, 0, 0, -2665, 0, 0, 0, 0, 0, 0, 0, 0, 0, 0, -2665
"c:\Users\Torte\Documents\Unity\LogRogue\Packages\System.Xml.ReaderWriter.4.3.0\ref\netstandard1.3\zh-hant\System.Xml.ReaderWriter.xml", "XML", 0, 0, 0, 0, -2688, 0, 0, 0, 0, 0, 0, 0, 0, 0, 0, -2688
"c:\Users\Torte\Documents\Unity\LogRogue\Packages\System.Xml.XDocument.4.3.0\ref\netcore50\System.Xml.XDocument.xml", "XML", 0, 0, 0, 0, -1666, 0, 0, 0, 0, 0, 0, 0, 0, 0, 0, -1666
"c:\Users\Torte\Documents\Unity\LogRogue\Packages\System.Xml.XDocument.4.3.0\ref\netcore50\de\System.Xml.XDocument.xml", "XML", 0, 0, 0, 0, -1666, 0, 0, 0, 0, 0, 0, 0, 0, 0, 0, -1666
"c:\Users\Torte\Documents\Unity\LogRogue\Packages\System.Xml.XDocument.4.3.0\ref\netcore50\es\System.Xml.XDocument.xml", "XML", 0, 0, 0, 0, -1916, 0, 0, 0, 0, 0, 0, 0, 0, 0, 0, -1916
"c:\Users\Torte\Documents\Unity\LogRogue\Packages\System.Xml.XDocument.4.3.0\ref\netcore50\fr\System.Xml.XDocument.xml", "XML", 0, 0, 0, 0, -2009, 0, 0, 0, 0, 0, 0, 0, 0, 0, 0, -2009
"c:\Users\Torte\Documents\Unity\LogRogue\Packages\System.Xml.XDocument.4.3.0\ref\netcore50\it\System.Xml.XDocument.xml", "XML", 0, 0, 0, 0, -1781, 0, 0, 0, 0, 0, 0, 0, 0, 0, 0, -1781
"c:\Users\Torte\Documents\Unity\LogRogue\Packages\System.Xml.XDocument.4.3.0\ref\netcore50\ja\System.Xml.XDocument.xml", "XML", 0, 0, 0, 0, -1820, 0, 0, 0, 0, 0, 0, 0, 0, 0, 0, -1820
"c:\Users\Torte\Documents\Unity\LogRogue\Packages\System.Xml.XDocument.4.3.0\ref\netcore50\ko\System.Xml.XDocument.xml", "XML", 0, 0, 0, 0, -1819, 0, 0, 0, 0, 0, 0, 0, 0, 0, 0, -1819
"c:\Users\Torte\Documents\Unity\LogRogue\Packages\System.Xml.XDocument.4.3.0\ref\netcore50\ru\System.Xml.XDocument.xml", "XML", 0, 0, 0, 0, -1887, 0, 0, 0, 0, 0, 0, 0, 0, 0, 0, -1887
"c:\Users\Torte\Documents\Unity\LogRogue\Packages\System.Xml.XDocument.4.3.0\ref\netcore50\zh-hans\System.Xml.XDocument.xml", "XML", 0, 0, 0, 0, -1741, 0, 0, 0, 0, 0, 0, 0, 0, 0, 0, -1741
"c:\Users\Torte\Documents\Unity\LogRogue\Packages\System.Xml.XDocument.4.3.0\ref\netcore50\zh-hant\System.Xml.XDocument.xml", "XML", 0, 0, 0, 0, -1925, 0, 0, 0, 0, 0, 0, 0, 0, 0, 0, -1925
"c:\Users\Torte\Documents\Unity\LogRogue\Packages\System.Xml.XDocument.4.3.0\ref\netstandard1.0\System.Xml.XDocument.xml", "XML", 0, 0, 0, 0, -1666, 0, 0, 0, 0, 0, 0, 0, 0, 0, 0, -1666
"c:\Users\Torte\Documents\Unity\LogRogue\Packages\System.Xml.XDocument.4.3.0\ref\netstandard1.0\de\System.Xml.XDocument.xml", "XML", 0, 0, 0, 0, -1666, 0, 0, 0, 0, 0, 0, 0, 0, 0, 0, -1666
"c:\Users\Torte\Documents\Unity\LogRogue\Packages\System.Xml.XDocument.4.3.0\ref\netstandard1.0\es\System.Xml.XDocument.xml", "XML", 0, 0, 0, 0, -1916, 0, 0, 0, 0, 0, 0, 0, 0, 0, 0, -1916
"c:\Users\Torte\Documents\Unity\LogRogue\Packages\System.Xml.XDocument.4.3.0\ref\netstandard1.0\fr\System.Xml.XDocument.xml", "XML", 0, 0, 0, 0, -2009, 0, 0, 0, 0, 0, 0, 0, 0, 0, 0, -2009
"c:\Users\Torte\Documents\Unity\LogRogue\Packages\System.Xml.XDocument.4.3.0\ref\netstandard1.0\it\System.Xml.XDocument.xml", "XML", 0, 0, 0, 0, -1781, 0, 0, 0, 0, 0, 0, 0, 0, 0, 0, -1781
"c:\Users\Torte\Documents\Unity\LogRogue\Packages\System.Xml.XDocument.4.3.0\ref\netstandard1.0\ja\System.Xml.XDocument.xml", "XML", 0, 0, 0, 0, -1820, 0, 0, 0, 0, 0, 0, 0, 0, 0, 0, -1820
"c:\Users\Torte\Documents\Unity\LogRogue\Packages\System.Xml.XDocument.4.3.0\ref\netstandard1.0\ko\System.Xml.XDocument.xml", "XML", 0, 0, 0, 0, -1819, 0, 0, 0, 0, 0, 0, 0, 0, 0, 0, -1819
"c:\Users\Torte\Documents\Unity\LogRogue\Packages\System.Xml.XDocument.4.3.0\ref\netstandard1.0\ru\System.Xml.XDocument.xml", "XML", 0, 0, 0, 0, -1887, 0, 0, 0, 0, 0, 0, 0, 0, 0, 0, -1887
"c:\Users\Torte\Documents\Unity\LogRogue\Packages\System.Xml.XDocument.4.3.0\ref\netstandard1.0\zh-hans\System.Xml.XDocument.xml", "XML", 0, 0, 0, 0, -1741, 0, 0, 0, 0, 0, 0, 0, 0, 0, 0, -1741
"c:\Users\Torte\Documents\Unity\LogRogue\Packages\System.Xml.XDocument.4.3.0\ref\netstandard1.0\zh-hant\System.Xml.XDocument.xml", "XML", 0, 0, 0, 0, -1925, 0, 0, 0, 0, 0, 0, 0, 0, 0, 0, -1925
"c:\Users\Torte\Documents\Unity\LogRogue\Packages\System.Xml.XDocument.4.3.0\ref\netstandard1.3\System.Xml.XDocument.xml", "XML", 0, 0, 0, 0, -1666, 0, 0, 0, 0, 0, 0, 0, 0, 0, 0, -1666
"c:\Users\Torte\Documents\Unity\LogRogue\Packages\System.Xml.XDocument.4.3.0\ref\netstandard1.3\de\System.Xml.XDocument.xml", "XML", 0, 0, 0, 0, -1666, 0, 0, 0, 0, 0, 0, 0, 0, 0, 0, -1666
"c:\Users\Torte\Documents\Unity\LogRogue\Packages\System.Xml.XDocument.4.3.0\ref\netstandard1.3\es\System.Xml.XDocument.xml", "XML", 0, 0, 0, 0, -1916, 0, 0, 0, 0, 0, 0, 0, 0, 0, 0, -1916
"c:\Users\Torte\Documents\Unity\LogRogue\Packages\System.Xml.XDocument.4.3.0\ref\netstandard1.3\fr\System.Xml.XDocument.xml", "XML", 0, 0, 0, 0, -2009, 0, 0, 0, 0, 0, 0, 0, 0, 0, 0, -2009
"c:\Users\Torte\Documents\Unity\LogRogue\Packages\System.Xml.XDocument.4.3.0\ref\netstandard1.3\it\System.Xml.XDocument.xml", "XML", 0, 0, 0, 0, -1781, 0, 0, 0, 0, 0, 0, 0, 0, 0, 0, -1781
"c:\Users\Torte\Documents\Unity\LogRogue\Packages\System.Xml.XDocument.4.3.0\ref\netstandard1.3\ja\System.Xml.XDocument.xml", "XML", 0, 0, 0, 0, -1820, 0, 0, 0, 0, 0, 0, 0, 0, 0, 0, -1820
"c:\Users\Torte\Documents\Unity\LogRogue\Packages\System.Xml.XDocument.4.3.0\ref\netstandard1.3\ko\System.Xml.XDocument.xml", "XML", 0, 0, 0, 0, -1819, 0, 0, 0, 0, 0, 0, 0, 0, 0, 0, -1819
"c:\Users\Torte\Documents\Unity\LogRogue\Packages\System.Xml.XDocument.4.3.0\ref\netstandard1.3\ru\System.Xml.XDocument.xml", "XML", 0, 0, 0, 0, -1887, 0, 0, 0, 0, 0, 0, 0, 0, 0, 0, -1887
"c:\Users\Torte\Documents\Unity\LogRogue\Packages\System.Xml.XDocument.4.3.0\ref\netstandard1.3\zh-hans\System.Xml.XDocument.xml", "XML", 0, 0, 0, 0, -1741, 0, 0, 0, 0, 0, 0, 0, 0, 0, 0, -1741
"c:\Users\Torte\Documents\Unity\LogRogue\Packages\System.Xml.XDocument.4.3.0\ref\netstandard1.3\zh-hant\System.Xml.XDocument.xml", "XML", 0, 0, 0, 0, -1925, 0, 0, 0, 0, 0, 0, 0, 0, 0, 0, -1925
"c:\Users\Torte\Documents\Unity\LogRogue\Packages\com.ruccho.fang-auto-tile\Editor\FangAutoTile.Editor.asmdef", "UnityAssemblyDefinition", 0, 0, 0, -17, 0, 0, 0, 0, 0, 0, 0, 0, 0, 0, 0, -17
"c:\Users\Torte\Documents\Unity\LogRogue\Packages\com.ruccho.fang-auto-tile\Editor\FangAutoTileEditor.cs", "C#", 0, 0, -1012, 0, 0, 0, 0, 0, 0, 0, 0, 0, 0, -51, -286, -1349
"c:\Users\Torte\Documents\Unity\LogRogue\Packages\com.ruccho.fang-auto-tile\Editor\FangAutoTilePackerEditor.cs", "C#", 0, 0, -163, 0, 0, 0, 0, 0, 0, 0, 0, 0, 0, -4, -35, -202
"c:\Users\Torte\Documents\Unity\LogRogue\Packages\com.ruccho.fang-auto-tile\README.ja.md", "Markdown", 0, 0, 0, 0, 0, 0, 0, 0, 0, -151, 0, 0, 0, 0, -99, -250
"c:\Users\Torte\Documents\Unity\LogRogue\Packages\com.ruccho.fang-auto-tile\README.md", "Markdown", 0, 0, 0, 0, 0, 0, 0, 0, 0, -152, 0, 0, 0, 0, -98, -250
"c:\Users\Torte\Documents\Unity\LogRogue\Packages\com.ruccho.fang-auto-tile\Runtime\AssemblyInfo.cs", "C#", 0, 0, -4, 0, 0, 0, 0, 0, 0, 0, 0, 0, 0, 0, -1, -5
"c:\Users\Torte\Documents\Unity\LogRogue\Packages\com.ruccho.fang-auto-tile\Runtime\FangAutoTile.asmdef", "UnityAssemblyDefinition", 0, 0, 0, -3, 0, 0, 0, 0, 0, 0, 0, 0, 0, 0, -1, -4
"c:\Users\Torte\Documents\Unity\LogRogue\Packages\com.ruccho.fang-auto-tile\Runtime\FangAutoTile.cs", "C#", 0, 0, -411, 0, 0, 0, 0, 0, 0, 0, 0, 0, 0, -17, -93, -521
"c:\Users\Torte\Documents\Unity\LogRogue\Packages\com.ruccho.fang-auto-tile\Runtime\FangAutoTilePacker.cs", "C#", 0, 0, -19, 0, 0, 0, 0, 0, 0, 0, 0, 0, 0, 0, -2, -21
"c:\Users\Torte\Documents\Unity\LogRogue\Packages\com.ruccho.fang-auto-tile\Runtime\FangConnectorTile.cs", "C#", 0, 0, -61, 0, 0, 0, 0, 0, 0, 0, 0, 0, 0, 0, -9, -70
"c:\Users\Torte\Documents\Unity\LogRogue\Packages\com.ruccho.fang-auto-tile\Runtime\FangOverrideTile.cs", "C#", 0, 0, -34, 0, 0, 0, 0, 0, 0, 0, 0, 0, 0, 0, -6, -40
"c:\Users\Torte\Documents\Unity\LogRogue\Packages\com.ruccho.fang-auto-tile\Runtime\IFangAutoTile.cs", "C#", 0, 0, -11, 0, 0, 0, 0, 0, 0, 0, 0, 0, 0, 0, -1, -12
"c:\Users\Torte\Documents\Unity\LogRogue\Packages\com.ruccho.fang-auto-tile\Runtime\Legacy\FangAutoTile.cs", "C#", 0, 0, -674, 0, 0, 0, 0, 0, 0, 0, 0, 0, 0, -43, -46, -763
"c:\Users\Torte\Documents\Unity\LogRogue\Packages\com.ruccho.fang-auto-tile\Runtime\Legacy\FangAutoTilePattern.cs", "C#", 0, 0, -13, 0, 0, 0, 0, 0, 0, 0, 0, 0, 0, 0, -1, -14
"c:\Users\Torte\Documents\Unity\LogRogue\Packages\com.ruccho.fang-auto-tile\Samples~\Basic\OnMapPlayerController.cs", "C#", 0, 0, -99, 0, 0, 0, 0, 0, 0, 0, 0, 0, 0, -2, -8, -109
"c:\Users\Torte\Documents\Unity\LogRogue\Packages\com.ruccho.fang-auto-tile\package.json", "JSON", -28, 0, 0, 0, 0, 0, 0, 0, 0, 0, 0, 0, 0, 0, 0, -28
"c:\Users\Torte\Documents\Unity\LogRogue\Packages\com.singularitygroup.hotreload\Editor\Attribution\Attribution.cs", "C#", 0, 0, -43, 0, 0, 0, 0, 0, 0, 0, 0, 0, 0, -9, -9, -61
"c:\Users\Torte\Documents\Unity\LogRogue\Packages\com.singularitygroup.hotreload\Editor\Attribution\VSAttribution.cs", "C#", 0, 0, -50, 0, 0, 0, 0, 0, 0, 0, 0, 0, 0, -9, -10, -69
"c:\Users\Torte\Documents\Unity\LogRogue\Packages\com.singularitygroup.hotreload\Editor\CLI\CliUtils.cs", "C#", 0, 0, -108, 0, 0, 0, 0, 0, 0, 0, 0, 0, 0, -7, -13, -128
"c:\Users\Torte\Documents\Unity\LogRogue\Packages\com.singularitygroup.hotreload\Editor\CLI\FallbackCliController.cs", "C#", 0, 0, -10, 0, 0, 0, 0, 0, 0, 0, 0, 0, 0, 0, -3, -13
"c:\Users\Torte\Documents\Unity\LogRogue\Packages\com.singularitygroup.hotreload\Editor\CLI\HotReloadCli.cs", "C#", 0, 0, -197, 0, 0, 0, 0, 0, 0, 0, 0, 0, 0, -20, -23, -240
"c:\Users\Torte\Documents\Unity\LogRogue\Packages\com.singularitygroup.hotreload\Editor\CLI\ICliController.cs", "C#", 0, 0, -10, 0, 0, 0, 0, 0, 0, 0, 0, 0, 0, 0, -3, -13
"c:\Users\Torte\Documents\Unity\LogRogue\Packages\com.singularitygroup.hotreload\Editor\CLI\LinuxCliController.cs", "C#", 0, 0, -62, 0, 0, 0, 0, 0, 0, 0, 0, 0, 0, -4, -8, -74
"c:\Users\Torte\Documents\Unity\LogRogue\Packages\com.singularitygroup.hotreload\Editor\CLI\OsxCliController.cs", "C#", 0, 0, -134, 0, 0, 0, 0, 0, 0, 0, 0, 0, 0, -31, -24, -189
"c:\Users\Torte\Documents\Unity\LogRogue\Packages\com.singularitygroup.hotreload\Editor\CLI\StartArgs.cs", "C#", 0, 0, -11, 0, 0, 0, 0, 0, 0, 0, 0, 0, 0, -1, 0, -12
"c:\Users\Torte\Documents\Unity\LogRogue\Packages\com.singularitygroup.hotreload\Editor\CLI\WindowsCliController.cs", "C#", 0, 0, -28, 0, 0, 0, 0, 0, 0, 0, 0, 0, 0, -1, -4, -33
"c:\Users\Torte\Documents\Unity\LogRogue\Packages\com.singularitygroup.hotreload\Editor\CompileChecker\DefaultCompileChecker.cs", "C#", 0, 0, -64, 0, 0, 0, 0, 0, 0, 0, 0, 0, 0, -3, -4, -71
"c:\Users\Torte\Documents\Unity\LogRogue\Packages\com.singularitygroup.hotreload\Editor\CompileChecker\ICompileChecker.cs", "C#", 0, 0, -15, 0, 0, 0, 0, 0, 0, 0, 0, 0, 0, 0, -2, -17
"c:\Users\Torte\Documents\Unity\LogRogue\Packages\com.singularitygroup.hotreload\Editor\CompileChecker\LegacyCompileChecker.cs", "C#", 0, 0, -52, 0, 0, 0, 0, 0, 0, 0, 0, 0, 0, 0, -2, -54
"c:\Users\Torte\Documents\Unity\LogRogue\Packages\com.singularitygroup.hotreload\Editor\Constants.cs", "C#", 0, 0, -38, 0, 0, 0, 0, 0, 0, 0, 0, 0, 0, 0, -4, -42
"c:\Users\Torte\Documents\Unity\LogRogue\Packages\com.singularitygroup.hotreload\Editor\Demo\EditorDemo.cs", "C#", 0, 0, -23, 0, 0, 0, 0, 0, 0, 0, 0, 0, 0, 0, -4, -27
"c:\Users\Torte\Documents\Unity\LogRogue\Packages\com.singularitygroup.hotreload\Editor\EditorCodePatcher.cs", "C#", 0, 0, -772, 0, 0, 0, 0, 0, 0, 0, 0, 0, 0, -43, -98, -913
"c:\Users\Torte\Documents\Unity\LogRogue\Packages\com.singularitygroup.hotreload\Editor\EditorIndicationState.cs", "C#", 0, 0, -159, 0, 0, 0, 0, 0, 0, 0, 0, 0, 0, -8, -11, -178
"c:\Users\Torte\Documents\Unity\LogRogue\Packages\com.singularitygroup.hotreload\Editor\GitUtil.cs", "C#", 0, 0, -58, 0, 0, 0, 0, 0, 0, 0, 0, 0, 0, -22, -7, -87
"c:\Users\Torte\Documents\Unity\LogRogue\Packages\com.singularitygroup.hotreload\Editor\Helpers\AssemblyOmission.cs", "C#", 0, 0, -128, 0, 0, 0, 0, 0, 0, 0, 0, 0, 0, -31, -29, -188
"c:\Users\Torte\Documents\Unity\LogRogue\Packages\com.singularitygroup.hotreload\Editor\Helpers\BuildInfoHelper.cs", "C#", 0, 0, -121, 0, 0, 0, 0, 0, 0, 0, 0, 0, 0, -10, -13, -144
"c:\Users\Torte\Documents\Unity\LogRogue\Packages\com.singularitygroup.hotreload\Editor\Helpers\EditorWindowHelper.cs", "C#", 0, 0, -84, 0, 0, 0, 0, 0, 0, 0, 0, 0, 0, -4, -14, -102
"c:\Users\Torte\Documents\Unity\LogRogue\Packages\com.singularitygroup.hotreload\Editor\Helpers\GUIHelper.cs", "C#", 0, 0, -128, 0, 0, 0, 0, 0, 0, 0, 0, 0, 0, -11, -24, -163
"c:\Users\Torte\Documents\Unity\LogRogue\Packages\com.singularitygroup.hotreload\Editor\Helpers\HotReloadSuggestionsHelper.cs", "C#", 0, 0, -303, 0, 0, 0, 0, 0, 0, 0, 0, 0, 0, -3, -23, -329
"c:\Users\Torte\Documents\Unity\LogRogue\Packages\com.singularitygroup.hotreload\Editor\Helpers\HotReloadTimelineHelper.cs", "C#", 0, 0, -400, 0, 0, 0, 0, 0, 0, 0, 0, 0, 0, -5, -50, -455
"c:\Users\Torte\Documents\Unity\LogRogue\Packages\com.singularitygroup.hotreload\Editor\Helpers\Spinner.cs", "C#", 0, 0, -68, 0, 0, 0, 0, 0, 0, 0, 0, 0, 0, 0, -12, -80
"c:\Users\Torte\Documents\Unity\LogRogue\Packages\com.singularitygroup.hotreload\Editor\Helpers\UnitySettingsHelper.cs", "C#", 0, 0, -77, 0, 0, 0, 0, 0, 0, 0, 0, 0, 0, -2, -17, -96
"c:\Users\Torte\Documents\Unity\LogRogue\Packages\com.singularitygroup.hotreload\Editor\HotReloadEventPopup.cs", "C#", 0, 0, -83, 0, 0, 0, 0, 0, 0, 0, 0, 0, 0, 0, -12, -95
"c:\Users\Torte\Documents\Unity\LogRogue\Packages\com.singularitygroup.hotreload\Editor\HotReloadOverlay.cs", "C#", 0, 0, -148, 0, 0, 0, 0, 0, 0, 0, 0, 0, 0, -4, -27, -179
"c:\Users\Torte\Documents\Unity\LogRogue\Packages\com.singularitygroup.hotreload\Editor\HotReloadPrefs.cs", "C#", 0, 0, -364, 0, 0, 0, 0, 0, 0, 0, 0, 0, 0, -2, -64, -430
"c:\Users\Torte\Documents\Unity\LogRogue\Packages\com.singularitygroup.hotreload\Editor\HotReloadSettingsEditor.cs", "C#", 0, 0, -48, 0, 0, 0, 0, 0, 0, 0, 0, 0, 0, -14, -8, -70
"c:\Users\Torte\Documents\Unity\LogRogue\Packages\com.singularitygroup.hotreload\Editor\HotReloadState.cs", "C#", 0, 0, -30, 0, 0, 0, 0, 0, 0, 0, 0, 0, 0, 0, -8, -38
"c:\Users\Torte\Documents\Unity\LogRogue\Packages\com.singularitygroup.hotreload\Editor\InspectorFreezeFix.cs", "C#", 0, 0, -85, 0, 0, 0, 0, 0, 0, 0, 0, 0, 0, -13, -20, -118
"c:\Users\Torte\Documents\Unity\LogRogue\Packages\com.singularitygroup.hotreload\Editor\Installation\DownloadUtility.cs", "C#", 0, 0, -83, 0, 0, 0, 0, 0, 0, 0, 0, 0, 0, -4, -12, -99
"c:\Users\Torte\Documents\Unity\LogRogue\Packages\com.singularitygroup.hotreload\Editor\Installation\ExponentialBackoff.cs", "C#", 0, 0, -14, 0, 0, 0, 0, 0, 0, 0, 0, 0, 0, 0, -4, -18
"c:\Users\Torte\Documents\Unity\LogRogue\Packages\com.singularitygroup.hotreload\Editor\Installation\InstallUtility.cs", "C#", 0, 0, -50, 0, 0, 0, 0, 0, 0, 0, 0, 0, 0, -2, -6, -58
"c:\Users\Torte\Documents\Unity\LogRogue\Packages\com.singularitygroup.hotreload\Editor\Installation\ServerDownloader.cs", "C#", 0, 0, -166, 0, 0, 0, 0, 0, 0, 0, 0, 0, 0, -4, -21, -191
"c:\Users\Torte\Documents\Unity\LogRogue\Packages\com.singularitygroup.hotreload\Editor\Installation\UpdateUtility.cs", "C#", 0, 0, -78, 0, 0, 0, 0, 0, 0, 0, 0, 0, 0, -5, -11, -94
"c:\Users\Torte\Documents\Unity\LogRogue\Packages\com.singularitygroup.hotreload\Editor\PlayerBuild\BuildGenerateBuildInfo.cs", "C#", 0, 0, -33, 0, 0, 0, 0, 0, 0, 0, 0, 0, 0, -5, -5, -43
"c:\Users\Torte\Documents\Unity\LogRogue\Packages\com.singularitygroup.hotreload\Editor\PlayerBuild\HotReloadBuildHelper.cs", "C#", 0, 0, -69, 0, 0, 0, 0, 0, 0, 0, 0, 0, 0, -25, -12, -106
"c:\Users\Torte\Documents\Unity\LogRogue\Packages\com.singularitygroup.hotreload\Editor\PlayerBuild\PostbuildModifyAndroidManifest.cs", "C#", 0, 0, -64, 0, 0, 0, 0, 0, 0, 0, 0, 0, 0, -61, -8, -133
"c:\Users\Torte\Documents\Unity\LogRogue\Packages\com.singularitygroup.hotreload\Editor\PlayerBuild\PostbuildSendProjectState.cs", "C#", 0, 0, -24, 0, 0, 0, 0, 0, 0, 0, 0, 0, 0, -1, -1, -26
"c:\Users\Torte\Documents\Unity\LogRogue\Packages\com.singularitygroup.hotreload\Editor\PlayerBuild\PrebuildIncludeResources.cs", "C#", 0, 0, -35, 0, 0, 0, 0, 0, 0, 0, 0, 0, 0, -18, -8, -61
"c:\Users\Torte\Documents\Unity\LogRogue\Packages\com.singularitygroup.hotreload\Editor\ProjectGeneration\FileIOProvider.cs", "C#", 0, 0, -35, 0, 0, 0, 0, 0, 0, 0, 0, 0, 0, -2, -8, -45
"c:\Users\Torte\Documents\Unity\LogRogue\Packages\com.singularitygroup.hotreload\Editor\ProjectGeneration\GUIDProvider.cs", "C#", 0, 0, -9, 0, 0, 0, 0, 0, 0, 0, 0, 0, 0, 0, -1, -10
"c:\Users\Torte\Documents\Unity\LogRogue\Packages\com.singularitygroup.hotreload\Editor\ProjectGeneration\IFileIO.cs", "C#", 0, 0, -10, 0, 0, 0, 0, 0, 0, 0, 0, 0, 0, 0, -2, -12
"c:\Users\Torte\Documents\Unity\LogRogue\Packages\com.singularitygroup.hotreload\Editor\ProjectGeneration\IGUIDGenerator.cs", "C#", 0, 0, -7, 0, 0, 0, 0, 0, 0, 0, 0, 0, 0, 0, 0, -7
"c:\Users\Torte\Documents\Unity\LogRogue\Packages\com.singularitygroup.hotreload\Editor\ProjectGeneration\IHotReloadProjectGenerationPostProcessor.cs", "C#", 0, 0, -9, 0, 0, 0, 0, 0, 0, 0, 0, 0, 0, -28, -7, -44
"c:\Users\Torte\Documents\Unity\LogRogue\Packages\com.singularitygroup.hotreload\Editor\ProjectGeneration\ProjectGenenerationPostProcessor.cs", "C#", 0, 0, -11, 0, 0, 0, 0, 0, 0, 0, 0, 0, 0, -1, -3, -15
"c:\Users\Torte\Documents\Unity\LogRogue\Packages\com.singularitygroup.hotreload\Editor\ProjectGeneration\ProjectGeneration.cs", "C#", 0, 0, -737, 0, 0, 0, 0, 0, 0, 0, 0, 0, 0, -24, -133, -894
"c:\Users\Torte\Documents\Unity\LogRogue\Packages\com.singularitygroup.hotreload\Editor\ProjectGeneration\ProjectGenerationFlag.cs", "C#", 0, 0, -17, 0, 0, 0, 0, 0, 0, 0, 0, 0, 0, 0, -2, -19
"c:\Users\Torte\Documents\Unity\LogRogue\Packages\com.singularitygroup.hotreload\Editor\ProjectGeneration\ProjectPart.cs", "C#", 0, 0, -76, 0, 0, 0, 0, 0, 0, 0, 0, 0, 0, 0, -10, -86
"c:\Users\Torte\Documents\Unity\LogRogue\Packages\com.singularitygroup.hotreload\Editor\ProjectGeneration\SolutionGuidGenerator.cs", "C#", 0, 0, -25, 0, 0, 0, 0, 0, 0, 0, 0, 0, 0, -1, -3, -29
"c:\Users\Torte\Documents\Unity\LogRogue\Packages\com.singularitygroup.hotreload\Editor\ProjectGeneration\Util\FileSystemUtil.cs", "C#", 0, 0, -32, 0, 0, 0, 0, 0, 0, 0, 0, 0, 0, 0, -5, -37
"c:\Users\Torte\Documents\Unity\LogRogue\Packages\com.singularitygroup.hotreload\Editor\ProjectGeneration\Util\StringUtils.cs", "C#", 0, 0, -13, 0, 0, 0, 0, 0, 0, 0, 0, 0, 0, 0, -1, -14
"c:\Users\Torte\Documents\Unity\LogRogue\Packages\com.singularitygroup.hotreload\Editor\RequiredSettings\RequiredSettingChecker.cs", "C#", 0, 0, -197, 0, 0, 0, 0, 0, 0, 0, 0, 0, 0, -24, -49, -270
"c:\Users\Torte\Documents\Unity\LogRogue\Packages\com.singularitygroup.hotreload\Editor\ServerHealthCheck.cs", "C#", 0, 0, -17, 0, 0, 0, 0, 0, 0, 0, 0, 0, 0, -3, -5, -25
"c:\Users\Torte\Documents\Unity\LogRogue\Packages\com.singularitygroup.hotreload\Editor\SingularityGroup.HotReload.Editor.asmdef", "UnityAssemblyDefinition", 0, 0, 0, -28, 0, 0, 0, 0, 0, 0, 0, 0, 0, 0, 0, -28
"c:\Users\Torte\Documents\Unity\LogRogue\Packages\com.singularitygroup.hotreload\Editor\Versioning\PackageUpdateChecker.cs", "C#", 0, 0, -247, 0, 0, 0, 0, 0, 0, 0, 0, 0, 0, -8, -33, -288
"c:\Users\Torte\Documents\Unity\LogRogue\Packages\com.singularitygroup.hotreload\Editor\Versioning\SemVer.cs", "C#", 0, 0, -295, 0, 0, 0, 0, 0, 0, 0, 0, 0, 0, -188, -54, -537
"c:\Users\Torte\Documents\Unity\LogRogue\Packages\com.singularitygroup.hotreload\Editor\Window\GUI\Buttons\OpenDialogueButton.cs", "C#", 0, 0, -37, 0, 0, 0, 0, 0, 0, 0, 0, 0, 0, 0, -6, -43
"c:\Users\Torte\Documents\Unity\LogRogue\Packages\com.singularitygroup.hotreload\Editor\Window\GUI\Buttons\OpenURLButton.cs", "C#", 0, 0, -25, 0, 0, 0, 0, 0, 0, 0, 0, 0, 0, 0, -5, -30
"c:\Users\Torte\Documents\Unity\LogRogue\Packages\com.singularitygroup.hotreload\Editor\Window\GUI\EditorTextures.cs", "C#", 0, 0, -95, 0, 0, 0, 0, 0, 0, 0, 0, 0, 0, -7, -14, -116
"c:\Users\Torte\Documents\Unity\LogRogue\Packages\com.singularitygroup.hotreload\Editor\Window\GUI\IGUIComponent.cs", "C#", 0, 0, -5, 0, 0, 0, 0, 0, 0, 0, 0, 0, 0, 0, -1, -6
"c:\Users\Torte\Documents\Unity\LogRogue\Packages\com.singularitygroup.hotreload\Editor\Window\GUI\Options\AllowAndroidAppToMakeHttpRequestsOption.cs", "C#", 0, 0, -37, 0, 0, 0, 0, 0, 0, 0, 0, 0, 0, -4, -7, -48
"c:\Users\Torte\Documents\Unity\LogRogue\Packages\com.singularitygroup.hotreload\Editor\Window\GUI\Options\Base\HotReloadOptionBase.cs", "C#", 0, 0, -33, 0, 0, 0, 0, 0, 0, 0, 0, 0, 0, -11, -14, -58
"c:\Users\Torte\Documents\Unity\LogRogue\Packages\com.singularitygroup.hotreload\Editor\Window\GUI\Options\Base\OptionInterfaces.cs", "C#", 0, 0, -13, 0, 0, 0, 0, 0, 0, 0, 0, 0, 0, -16, -5, -34
"c:\Users\Torte\Documents\Unity\LogRogue\Packages\com.singularitygroup.hotreload\Editor\Window\GUI\Options\ExposeServerOption.cs", "C#", 0, 0, -60, 0, 0, 0, 0, 0, 0, 0, 0, 0, 0, -2, -9, -71
"c:\Users\Torte\Documents\Unity\LogRogue\Packages\com.singularitygroup.hotreload\Editor\Window\GUI\Options\IncludeInBuildOption.cs", "C#", 0, 0, -21, 0, 0, 0, 0, 0, 0, 0, 0, 0, 0, 0, -3, -24
"c:\Users\Torte\Documents\Unity\LogRogue\Packages\com.singularitygroup.hotreload\Editor\Window\GUI\Tabs\Base\HotReloadTabBase.cs", "C#", 0, 0, -24, 0, 0, 0, 0, 0, 0, 0, 0, 0, 0, 0, -10, -34
"c:\Users\Torte\Documents\Unity\LogRogue\Packages\com.singularitygroup.hotreload\Editor\Window\GUI\Tabs\Helpers\RedeemLicenseHelper.cs", "C#", 0, 0, -269, 0, 0, 0, 0, 0, 0, 0, 0, 0, 0, -5, -34, -308
"c:\Users\Torte\Documents\Unity\LogRogue\Packages\com.singularitygroup.hotreload\Editor\Window\GUI\Tabs\HotReloadAboutTab.cs", "C#", 0, 0, -259, 0, 0, 0, 0, 0, 0, 0, 0, 0, 0, -16, -36, -311
"c:\Users\Torte\Documents\Unity\LogRogue\Packages\com.singularitygroup.hotreload\Editor\Window\GUI\Tabs\HotReloadOptionsSection.cs", "C#", 0, 0, -33, 0, 0, 0, 0, 0, 0, 0, 0, 0, 0, -9, -8, -50
"c:\Users\Torte\Documents\Unity\LogRogue\Packages\com.singularitygroup.hotreload\Editor\Window\GUI\Tabs\HotReloadRunTab.cs", "C#", 0, 0, -1212, 0, 0, 0, 0, 0, 0, 0, 0, 0, 0, -39, -117, -1368
"c:\Users\Torte\Documents\Unity\LogRogue\Packages\com.singularitygroup.hotreload\Editor\Window\GUI\Tabs\HotReloadSettingsTab.cs", "C#", 0, 0, -559, 0, 0, 0, 0, 0, 0, 0, 0, 0, 0, -63, -76, -698
"c:\Users\Torte\Documents\Unity\LogRogue\Packages\com.singularitygroup.hotreload\Editor\Window\HotReloadWindow.cs", "C#", 0, 0, -311, 0, 0, 0, 0, 0, 0, 0, 0, 0, 0, -21, -40, -372
"c:\Users\Torte\Documents\Unity\LogRogue\Packages\com.singularitygroup.hotreload\Editor\Window\ShowOnStartupEnum.cs", "C#", 0, 0, -7, 0, 0, 0, 0, 0, 0, 0, 0, 0, 0, 0, 0, -7
"c:\Users\Torte\Documents\Unity\LogRogue\Packages\com.singularitygroup.hotreload\Editor\Window\Styles\HotReloadWindowStyles.cs", "C#", 0, 0, -711, 0, 0, 0, 0, 0, 0, 0, 0, 0, 0, -2, -65, -778
"c:\Users\Torte\Documents\Unity\LogRogue\Packages\com.singularitygroup.hotreload\LICENSE.md", "Markdown", 0, 0, 0, 0, 0, 0, 0, 0, 0, -26, 0, 0, 0, 0, -20, -46
"c:\Users\Torte\Documents\Unity\LogRogue\Packages\com.singularitygroup.hotreload\README.md", "Markdown", 0, 0, 0, 0, 0, 0, 0, 0, 0, -5, 0, 0, 0, 0, -5, -10
"c:\Users\Torte\Documents\Unity\LogRogue\Packages\com.singularitygroup.hotreload\Runtime\AppCallbackListener.cs", "C#", 0, 0, -35, 0, 0, 0, 0, 0, 0, 0, 0, 0, 0, -11, -10, -56
"c:\Users\Torte\Documents\Unity\LogRogue\Packages\com.singularitygroup.hotreload\Runtime\BuildInfo.cs", "C#", 0, 0, -77, 0, 0, 0, 0, 0, 0, 0, 0, 0, 0, -75, -20, -172
"c:\Users\Torte\Documents\Unity\LogRogue\Packages\com.singularitygroup.hotreload\Runtime\BurstChecker.cs", "C#", 0, 0, -34, 0, 0, 0, 0, 0, 0, 0, 0, 0, 0, -4, -4, -42
"c:\Users\Torte\Documents\Unity\LogRogue\Packages\com.singularitygroup.hotreload\Runtime\Burst\JobHotReloadUtility.cs", "C#", 0, 0, -23, 0, 0, 0, 0, 0, 0, 0, 0, 0, 0, 0, -2, -25
"c:\Users\Torte\Documents\Unity\LogRogue\Packages\com.singularitygroup.hotreload\Runtime\CodePatcher.cs", "C#", 0, 0, -379, 0, 0, 0, 0, 0, 0, 0, 0, 0, 0, -7, -54, -440
"c:\Users\Torte\Documents\Unity\LogRogue\Packages\com.singularitygroup.hotreload\Runtime\Demo\Scripts\HotReloadBasicDemo.cs", "C#", 0, 0, -85, 0, 0, 0, 0, 0, 0, 0, 0, 0, 0, -63, -32, -180
"c:\Users\Torte\Documents\Unity\LogRogue\Packages\com.singularitygroup.hotreload\Runtime\Demo\Scripts\HotReloadBurstJobsDemo.cs", "C#", 0, 0, -50, 0, 0, 0, 0, 0, 0, 0, 0, 0, 0, -5, -9, -64
"c:\Users\Torte\Documents\Unity\LogRogue\Packages\com.singularitygroup.hotreload\Runtime\Demo\Scripts\IDemo.cs", "C#", 0, 0, -22, 0, 0, 0, 0, 0, 0, 0, 0, 0, 0, -2, -6, -30
"c:\Users\Torte\Documents\Unity\LogRogue\Packages\com.singularitygroup.hotreload\Runtime\HotReloadSettingsObject.cs", "C#", 0, 0, -96, 0, 0, 0, 0, 0, 0, 0, 0, 0, 0, -25, -20, -141
"c:\Users\Torte\Documents\Unity\LogRogue\Packages\com.singularitygroup.hotreload\Runtime\HttpClientUtils.cs", "C#", 0, 0, -13, 0, 0, 0, 0, 0, 0, 0, 0, 0, 0, -1, -5, -19
"c:\Users\Torte\Documents\Unity\LogRogue\Packages\com.singularitygroup.hotreload\Runtime\IServerHealthCheck.cs", "C#", 0, 0, -10, 0, 0, 0, 0, 0, 0, 0, 0, 0, 0, 0, -2, -12
"c:\Users\Torte\Documents\Unity\LogRogue\Packages\com.singularitygroup.hotreload\Runtime\InstallQRDialog.cs", "C#", 0, 0, -21, 0, 0, 0, 0, 0, 0, 0, 0, 0, 0, -2, -5, -28
"c:\Users\Torte\Documents\Unity\LogRogue\Packages\com.singularitygroup.hotreload\Runtime\IpHelper.cs", "C#", 0, 0, -55, 0, 0, 0, 0, 0, 0, 0, 0, 0, 0, -2, -8, -65
"c:\Users\Torte\Documents\Unity\LogRogue\Packages\com.singularitygroup.hotreload\Runtime\MethodCompatiblity.cs", "C#", 0, 0, -93, 0, 0, 0, 0, 0, 0, 0, 0, 0, 0, -7, -11, -111
"c:\Users\Torte\Documents\Unity\LogRogue\Packages\com.singularitygroup.hotreload\Runtime\MethodPatchResponsesConverter.cs", "C#", 0, 0, -411, 0, 0, 0, 0, 0, 0, 0, 0, 0, 0, -2, -88, -501
"c:\Users\Torte\Documents\Unity\LogRogue\Packages\com.singularitygroup.hotreload\Runtime\MethodUtils.cs", "C#", 0, 0, -21, 0, 0, 0, 0, 0, 0, 0, 0, 0, 0, 0, -2, -23
"c:\Users\Torte\Documents\Unity\LogRogue\Packages\com.singularitygroup.hotreload\Runtime\MonoBehaviours\ConnectionDialog.cs", "C#", 0, 0, -56, 0, 0, 0, 0, 0, 0, 0, 0, 0, 0, -11, -14, -81
"c:\Users\Torte\Documents\Unity\LogRogue\Packages\com.singularitygroup.hotreload\Runtime\MonoBehaviours\Prompts.cs", "C#", 0, 0, -101, 0, 0, 0, 0, 0, 0, 0, 0, 0, 0, -12, -22, -135
"c:\Users\Torte\Documents\Unity\LogRogue\Packages\com.singularitygroup.hotreload\Runtime\MonoBehaviours\QuestionDialog.cs", "C#", 0, 0, -53, 0, 0, 0, 0, 0, 0, 0, 0, 0, 0, -1, -11, -65
"c:\Users\Torte\Documents\Unity\LogRogue\Packages\com.singularitygroup.hotreload\Runtime\MonoBehaviours\RetryDialog.cs", "C#", 0, 0, -76, 0, 0, 0, 0, 0, 0, 0, 0, 0, 0, -9, -20, -105
"c:\Users\Torte\Documents\Unity\LogRogue\Packages\com.singularitygroup.hotreload\Runtime\MonoMethod.cs", "C#", 0, 0, -104, 0, 0, 0, 0, 0, 0, 0, 0, 0, 0, -45, -48, -197
"c:\Users\Torte\Documents\Unity\LogRogue\Packages\com.singularitygroup.hotreload\Runtime\OnHotReloadDispatch.cs", "C#", 0, 0, -163, 0, 0, 0, 0, 0, 0, 0, 0, 0, 0, -13, -19, -195
"c:\Users\Torte\Documents\Unity\LogRogue\Packages\com.singularitygroup.hotreload\Runtime\PackageConst.cs", "C#", 0, 0, -13, 0, 0, 0, 0, 0, 0, 0, 0, 0, 0, -4, -4, -21
"c:\Users\Torte\Documents\Unity\LogRogue\Packages\com.singularitygroup.hotreload\Runtime\PatchServerInfo.cs", "C#", 0, 0, -34, 0, 0, 0, 0, 0, 0, 0, 0, 0, 0, -3, -5, -42
"c:\Users\Torte\Documents\Unity\LogRogue\Packages\com.singularitygroup.hotreload\Runtime\PersistencePaths.cs", "C#", 0, 0, -13, 0, 0, 0, 0, 0, 0, 0, 0, 0, 0, 0, -3, -16
"c:\Users\Torte\Documents\Unity\LogRogue\Packages\com.singularitygroup.hotreload\Runtime\PlayerCodePatcher.cs", "C#", 0, 0, -78, 0, 0, 0, 0, 0, 0, 0, 0, 0, 0, -28, -13, -119
"c:\Users\Torte\Documents\Unity\LogRogue\Packages\com.singularitygroup.hotreload\Runtime\PlayerEntrypoint.cs", "C#", 0, 0, -130, 0, 0, 0, 0, 0, 0, 0, 0, 0, 0, -13, -17, -160
"c:\Users\Torte\Documents\Unity\LogRogue\Packages\com.singularitygroup.hotreload\Runtime\Public\HotReloadLogging.cs", "C#", 0, 0, -7, 0, 0, 0, 0, 0, 0, 0, 0, 0, 0, -10, -1, -18
"c:\Users\Torte\Documents\Unity\LogRogue\Packages\com.singularitygroup.hotreload\Runtime\Public\InvokeOnHotReload.cs", "C#", 0, 0, -17, 0, 0, 0, 0, 0, 0, 0, 0, 0, 0, -12, -4, -33
"c:\Users\Torte\Documents\Unity\LogRogue\Packages\com.singularitygroup.hotreload\Runtime\Public\InvokeOnHotReloadLocal.cs", "C#", 0, 0, -10, 0, 0, 0, 0, 0, 0, 0, 0, 0, 0, -9, -4, -23
"c:\Users\Torte\Documents\Unity\LogRogue\Packages\com.singularitygroup.hotreload\Runtime\Public\Log.cs", "C#", 0, 0, -94, 0, 0, 0, 0, 0, 0, 0, 0, 0, 0, -3, -12, -109
"c:\Users\Torte\Documents\Unity\LogRogue\Packages\com.singularitygroup.hotreload\Runtime\Public\LogLevel.cs", "C#", 0, 0, -10, 0, 0, 0, 0, 0, 0, 0, 0, 0, 0, -10, -6, -26
"c:\Users\Torte\Documents\Unity\LogRogue\Packages\com.singularitygroup.hotreload\Runtime\Public\SingularityGroup.HotReload.Runtime.Public.asmdef", "UnityAssemblyDefinition", 0, 0, 0, -3, 0, 0, 0, 0, 0, 0, 0, 0, 0, 0, -1, -4
"c:\Users\Torte\Documents\Unity\LogRogue\Packages\com.singularitygroup.hotreload\Runtime\RequestHelper.cs", "C#", 0, 0, -345, 0, 0, 0, 0, 0, 0, 0, 0, 0, 0, -19, -55, -419
"c:\Users\Torte\Documents\Unity\LogRogue\Packages\com.singularitygroup.hotreload\Runtime\ServerHandshake.cs", "C#", 0, 0, -174, 0, 0, 0, 0, 0, 0, 0, 0, 0, 0, -46, -26, -246
"c:\Users\Torte\Documents\Unity\LogRogue\Packages\com.singularitygroup.hotreload\Runtime\ServerHealthCheck.cs", "C#", 0, 0, -47, 0, 0, 0, 0, 0, 0, 0, 0, 0, 0, -3, -9, -59
"c:\Users\Torte\Documents\Unity\LogRogue\Packages\com.singularitygroup.hotreload\Runtime\SingularityGroup.HotReload.Runtime.asmdef", "UnityAssemblyDefinition", 0, 0, 0, -27, 0, 0, 0, 0, 0, 0, 0, 0, 0, 0, 0, -27
"c:\Users\Torte\Documents\Unity\LogRogue\Packages\com.singularitygroup.hotreload\Runtime\SymbolResolver.cs", "C#", 0, 0, -81, 0, 0, 0, 0, 0, 0, 0, 0, 0, 0, 0, -10, -91
"c:\Users\Torte\Documents\Unity\LogRogue\Packages\com.singularitygroup.hotreload\Runtime\SymbolResolvingFailedException.cs", "C#", 0, 0, -12, 0, 0, 0, 0, 0, 0, 0, 0, 0, 0, 0, -3, -15
"c:\Users\Torte\Documents\Unity\LogRogue\Packages\com.singularitygroup.hotreload\Runtime\TaskExtensions.cs", "C#", 0, 0, -35, 0, 0, 0, 0, 0, 0, 0, 0, 0, 0, -10, -4, -49
"c:\Users\Torte\Documents\Unity\LogRogue\Packages\com.singularitygroup.hotreload\Runtime\ThreadUtility.cs", "C#", 0, 0, -179, 0, 0, 0, 0, 0, 0, 0, 0, 0, 0, -7, -41, -227
"c:\Users\Torte\Documents\Unity\LogRogue\Packages\com.singularitygroup.hotreload\Runtime\UnityHelper.cs", "C#", 0, 0, -33, 0, 0, 0, 0, 0, 0, 0, 0, 0, 0, 0, -10, -43
"c:\Users\Torte\Documents\Unity\LogRogue\Packages\com.singularitygroup.hotreload\Server\linux-x64\hotreload-start-script.sh", "Shell Script", 0, 0, 0, 0, 0, 0, 0, 0, -67, 0, 0, 0, 0, -4, -16, -87
"c:\Users\Torte\Documents\Unity\LogRogue\Packages\com.singularitygroup.hotreload\Server\linux-x64\terminal-run.sh", "Shell Script", 0, 0, 0, 0, 0, 0, 0, 0, -24, 0, 0, 0, 0, -8, -8, -40
"c:\Users\Torte\Documents\Unity\LogRogue\Packages\com.singularitygroup.hotreload\Third Party Notices.md", "Markdown", 0, 0, 0, 0, 0, 0, 0, 0, 0, -222, 0, 0, 0, 0, -106, -328
"c:\Users\Torte\Documents\Unity\LogRogue\Packages\com.singularitygroup.hotreload\package.json", "JSON", -20, 0, 0, 0, 0, 0, 0, 0, 0, 0, 0, 0, 0, 0, -1, -21
"c:\Users\Torte\Documents\Unity\LogRogue\Packages\manifest.json", "JSON", -75, 0, 0, 0, 0, 0, 0, 0, 0, 0, 0, 0, 0, 0, -1, -76
"c:\Users\Torte\Documents\Unity\LogRogue\Packages\packages-lock.json", "JSON", -781, 0, 0, 0, 0, 0, 0, 0, 0, 0, 0, 0, 0, 0, -1, -782
"Total", "-", -2025, -2457, -26808, -141, -2524533, -111549, -10, -549, -91, -556, -7, -2935, -7, -10884, -20407, -2702959